name,url,price,sku,description,attributes_json,image_paths,category
Kurtki i kamizelki,https://wkdzik.pl/ubrania/meskie/kurtki-i-kamizelki,8.50,,,{},results\images\kurtki-i-kamizelki\1_8b760369.webp;results\images\kurtki-i-kamizelki\2_aaa06a65.webp,NAPOJE
Nowości WK DZIK,https://wkdzik.pl/nowosci,8.50,,,{},results\images\nowości-wk-dzik\1_8b760369.webp;results\images\nowości-wk-dzik\2_aaa06a65.webp,NAPOJE
Napoje WK DZIK,https://wkdzik.pl/produkty-dzik,8.50,,,{},results\images\napoje-wk-dzik\1_d1aa02ff.webp;results\images\napoje-wk-dzik\2_8b760369.webp,NAPOJE
Napoje energetyczne z kofeiną,https://wkdzik.pl/produkty-dzik/energy,8.50,,,{},results\images\napoje-energetyczne-z-kofeiną\1_d1aa02ff.webp;results\images\napoje-energetyczne-z-kofeiną\2_8b760369.webp,NAPOJE
Napoje bez kofeiny i cukru,https://wkdzik.pl/produkty-dzik/zero-caffeine,8.50,,,{},results\images\napoje-bez-kofeiny-i-cukru\1_8b760369.webp;results\images\napoje-bez-kofeiny-i-cukru\2_aaa06a65.webp,NAPOJE
Napoje izotoniczne,https://wkdzik.pl/produkty-dzik/boost,8.50,,,{},results\images\napoje-izotoniczne\1_8b760369.webp;results\images\napoje-izotoniczne\2_aaa06a65.webp,NAPOJE
VITAMIN DRINK,https://wkdzik.pl/napoje/vitamin-drink,8.50,,,{},results\images\vitamin-drink\1_8b760369.webp;results\images\vitamin-drink\2_aaa06a65.webp,NAPOJE
Niskokaloryczna żywność,https://wkdzik.pl/odzywianie,8.50,,,{},results\images\niskokaloryczna-żywność\1_8b760369.webp;results\images\niskokaloryczna-żywność\2_aaa06a65.webp,NAPOJE
Batony proteinowe,https://wkdzik.pl/odzywianie/batony,8.50,,,{},results\images\batony-proteinowe\1_8b760369.webp;results\images\batony-proteinowe\2_aaa06a65.webp,NAPOJE
Chipsy proteinowe,https://wkdzik.pl/odzywianie/chipsy,8.50,,,{},results\images\chipsy-proteinowe\1_8b760369.webp;results\images\chipsy-proteinowe\2_aaa06a65.webp,NAPOJE
Lody proteinowe,https://wkdzik.pl/odzywianie/lody-proteinowe,8.50,,,{},results\images\lody-proteinowe\1_8b760369.webp;results\images\lody-proteinowe\2_aaa06a65.webp,NAPOJE
Kawa energetyczna,https://wkdzik.pl/odzywianie/kawy,8.50,,,{},results\images\kawa-energetyczna\1_8b760369.webp;results\images\kawa-energetyczna\2_aaa06a65.webp,NAPOJE
Sosy niskokaloryczne,https://wkdzik.pl/odzywianie/sosy-zero-kalorii,8.50,,,{},results\images\sosy-niskokaloryczne\1_8b760369.webp;results\images\sosy-niskokaloryczne\2_aaa06a65.webp,NAPOJE
Wafle kukurydziane i ryżowe,https://wkdzik.pl/odzywianie/wafle,8.50,,,{},results\images\wafle-kukurydziane-i-ryżowe\1_8b760369.webp;results\images\wafle-kukurydziane-i-ryżowe\2_aaa06a65.webp,NAPOJE
Zestawy fit żywności,https://wkdzik.pl/odzywianie/zestawy,8.50,,,{},results\images\zestawy-fit-żywności\1_8b760369.webp;results\images\zestawy-fit-żywności\2_aaa06a65.webp,NAPOJE
BATON PROTEINOWY SALTED CARAMEL DZIK®,https://wkdzik.pl/baton-proteinowy-slony-karmel,8.50,,,{},results\images\baton-proteinowy-salted-caramel-dzik\19_15147584.png;results\images\baton-proteinowy-salted-caramel-dzik\23_6490404d.png,NAPOJE
WAFLE KUKURYDZIANE ZIELONA CEBULKA DZIK®,https://wkdzik.pl/dzik-wafle-kukurydziane-low-fat-zielona-cebulka,8.50,,,{},results\images\wafle-kukurydziane-zielona-cebulka-dzik\19_ea1d4a3f.jpg;results\images\wafle-kukurydziane-zielona-cebulka-dzik\22_c91aaed5.jpg,NAPOJE
Sos Zero Cinnamon Roll DZIK®,https://wkdzik.pl/sos-zero-dzik-cinnamon-roll,8.50,,,{},results\images\sos-zero-cinnamon-roll-dzik\19_fc9ef66b.jpg;results\images\sos-zero-cinnamon-roll-dzik\22_6aa6611c.jpg,NAPOJE
Suplementy na siłownie,https://wkdzik.pl/suplementy,8.50,,,{},results\images\suplementy-na-siłownie\1_8b760369.webp;results\images\suplementy-na-siłownie\2_aaa06a65.webp,NAPOJE
Zestawy suplementów,https://wkdzik.pl/suplementy-i-odzywianie/zestawy,8.50,,,{},results\images\zestawy-suplementów\1_8b760369.webp;results\images\zestawy-suplementów\2_aaa06a65.webp,NAPOJE
Białko serwatkowe,https://wkdzik.pl/suplementy/dobre-whey,8.50,,,{},results\images\białko-serwatkowe\1_8b760369.webp;results\images\białko-serwatkowe\2_aaa06a65.webp,NAPOJE
Kreatyna,https://wkdzik.pl/suplementy/kreatyna,8.50,,,{},results\images\kreatyna\1_8b760369.webp;results\images\kreatyna\2_aaa06a65.webp,NAPOJE
Cytrulina,https://wkdzik.pl/suplementy/cytrulina,8.50,,,{},results\images\cytrulina\1_8b760369.webp;results\images\cytrulina\2_aaa06a65.webp,NAPOJE
Przedtreningówki,https://wkdzik.pl/suplementy/przedtreningowki,8.50,,,{},results\images\przedtreningówki\1_8b760369.webp;results\images\przedtreningówki\2_aaa06a65.webp,NAPOJE
Witaminy dla aktywnych,https://wkdzik.pl/suplementy/witaminy,8.50,,,{},results\images\witaminy-dla-aktywnych\1_8b760369.webp;results\images\witaminy-dla-aktywnych\2_aaa06a65.webp,NAPOJE
Żele energetyczne,https://wkdzik.pl/suplementy/zele-energetyczne,8.50,,,{},results\images\żele-energetyczne\1_8b760369.webp;results\images\żele-energetyczne\2_aaa06a65.webp,NAPOJE
KREATYNA COLA DZIK®,https://wkdzik.pl/kreatyna-cola-dzik,8.50,,,{},results\images\kreatyna-cola-dzik\19_ccce709c.jpg;results\images\kreatyna-cola-dzik\22_adce09fd.jpg,NAPOJE
KREATYNA COLA‑LEMON DZIK®,https://wkdzik.pl/pl/p/KREATYNA-COLA-LEMON-DZIK/3738,8.50,,,{},results\images\kreatyna-colalemon-dzik\19_5ad7aaea.jpg;results\images\kreatyna-colalemon-dzik\22_9a06c7b4.jpg,NAPOJE
PRZEDTRENINGÓWKA BOMBA GRAPE DZIK®,https://wkdzik.pl/pl/p/PRZEDTRENINGOWKA-BOMBA-GRAPE-DZIK/3750,8.50,,,{},results\images\przedtreningówka-bomba-grape-dzik\19_8231cbf8.jpg;results\images\przedtreningówka-bomba-grape-dzik\23_213973d8.jpg,NAPOJE
Ubrania sportowe,https://wkdzik.pl/ubrania,8.50,,,{},results\images\ubrania-sportowe\1_8b760369.webp;results\images\ubrania-sportowe\2_aaa06a65.webp,NAPOJE
Odzież sportowa męska,https://wkdzik.pl/ubrania/meskie,8.50,,,{},results\images\odzież-sportowa-męska\1_8b760369.webp;results\images\odzież-sportowa-męska\2_aaa06a65.webp,NAPOJE
Koszulki sportowe męskie,https://wkdzik.pl/ubrania/meskie/koszulki,8.50,,,{},results\images\koszulki-sportowe-męskie\1_8b760369.webp;results\images\koszulki-sportowe-męskie\2_aaa06a65.webp,NAPOJE
Tank Topy męskie,https://wkdzik.pl/ubrania/meskie/tank-topy,8.50,,,{},results\images\tank-topy-męskie\1_8b760369.webp;results\images\tank-topy-męskie\2_aaa06a65.webp,NAPOJE
Bluzy sportowe męskie z kapturem,https://wkdzik.pl/ubrania/meskie/bluzy,8.50,,,{},results\images\bluzy-sportowe-męskie-z-kapturem\1_8b760369.webp;results\images\bluzy-sportowe-męskie-z-kapturem\2_aaa06a65.webp,NAPOJE
Spodnie dresowe męskie,https://wkdzik.pl/ubrania/meskie/spodnie,8.50,,,{},results\images\spodnie-dresowe-męskie\1_8b760369.webp;results\images\spodnie-dresowe-męskie\2_aaa06a65.webp,NAPOJE
Spodenki sportowe męskie,https://wkdzik.pl/ubrania/meskie/spodenki,8.50,,,{},results\images\spodenki-sportowe-męskie\1_8b760369.webp;results\images\spodenki-sportowe-męskie\2_aaa06a65.webp,NAPOJE
Czapki zimowe i z daszkiem,https://wkdzik.pl/ubrania/meskie/czapki,8.50,,,{},results\images\czapki-zimowe-i-z-daszkiem\1_8b760369.webp;results\images\czapki-zimowe-i-z-daszkiem\2_aaa06a65.webp,NAPOJE
Skarpety i stopki męskie,https://wkdzik.pl/ubrania/meskie/skarpetki,8.50,,,{},results\images\skarpety-i-stopki-męskie\1_8b760369.webp;results\images\skarpety-i-stopki-męskie\2_aaa06a65.webp,NAPOJE
Odzież sportowa damska,https://wkdzik.pl/ubrania/damskie,8.50,,,{},results\images\odzież-sportowa-damska\1_8b760369.webp;results\images\odzież-sportowa-damska\2_aaa06a65.webp,NAPOJE
Legginsy i spodnie sportowe,https://wkdzik.pl/ubrania/damskie/legginsy,8.50,,,{},results\images\legginsy-i-spodnie-sportowe\1_8b760369.webp;results\images\legginsy-i-spodnie-sportowe\2_aaa06a65.webp,NAPOJE
Bluzy damskie sportowe,https://wkdzik.pl/ubrania/damskie/bluzy,8.50,,,{},results\images\bluzy-damskie-sportowe\1_8b760369.webp;results\images\bluzy-damskie-sportowe\2_aaa06a65.webp,NAPOJE
Staniki i topy sportowe,https://wkdzik.pl/ubrania/damskie/staniki-sportowe,8.50,,,{},results\images\staniki-i-topy-sportowe\1_8b760369.webp;results\images\staniki-i-topy-sportowe\2_aaa06a65.webp,NAPOJE
Spodenki treningowe damskie,https://wkdzik.pl/ubrania/damskie/spodenki,8.50,,,{},results\images\spodenki-treningowe-damskie\1_8b760369.webp;results\images\spodenki-treningowe-damskie\2_aaa06a65.webp,NAPOJE
Kamizelki,https://wkdzik.pl/ubrania/damskie/kamizelki,8.50,,,{},results\images\kamizelki\1_8b760369.webp;results\images\kamizelki\2_aaa06a65.webp,NAPOJE
Czapki,https://wkdzik.pl/ubrania/damskie/czapki,8.50,,,{},results\images\czapki\1_8b760369.webp;results\images\czapki\2_aaa06a65.webp,NAPOJE
KURTKA REGULAR CZARNA DZIK® PRIMALOFT®,https://wkdzik.pl/kurtka-regular-czarna-dzik-primaloft,8.50,,,"{""ROZMIAR"": ""1"", ""S"": ""71"", ""M"": ""73"", ""L"": ""75"", ""XL"": ""77"", ""XXL"": ""79""}",results\images\kurtka-regular-czarna-dzik-primaloft\44_fca5b389.png;results\images\kurtka-regular-czarna-dzik-primaloft\19_3197011b.png,NAPOJE
BLUZA INTERLOCK OVERSIZE CZARNA DZIK®,https://wkdzik.pl/bluza-interlock-oversize-czarna-dzik,8.50,,,"{""Rozmiar"": ""1"", ""S"": ""63"", ""M"": ""65"", ""L"": ""67"", ""XL"": ""69"", ""XXL"": ""71""}",results\images\bluza-interlock-oversize-czarna-dzik\19_da94d7e5.png;results\images\bluza-interlock-oversize-czarna-dzik\28_3aa806b2.png,NAPOJE
KOSZULKA SLIM Z PERFORACJĄ SZARA DZIK®,https://wkdzik.pl/koszulka-slim-z-perforacja-szara-dzik,8.50,,,"{""Rozmiar"": ""1"", ""XS"": ""62,5"", ""S"": ""65"", ""M"": ""67,5"", ""L"": ""70"", ""XL"": ""72,5"", ""XXL"": ""75""}",results\images\koszulka-slim-z-perforacją-szara-dzik\19_53b222f6.jpg;results\images\koszulka-slim-z-perforacją-szara-dzik\24_df798d73.jpg,NAPOJE
Kolekcja DZIK® Pro,https://wkdzik.pl/ubrania/kolekcje/dzik-pro,8.50,,,{},results\images\kolekcja-dzik-pro\1_8b760369.webp;results\images\kolekcja-dzik-pro\2_aaa06a65.webp,NAPOJE
Akcesoria sportowe,https://wkdzik.pl/akcesoria,8.50,,,{},results\images\akcesoria-sportowe\1_8b760369.webp;results\images\akcesoria-sportowe\2_aaa06a65.webp,NAPOJE
Zestawy produktów,https://wkdzik.pl/akcesoria/zestawy,8.50,,,{},results\images\zestawy-produktów\1_8b760369.webp;results\images\zestawy-produktów\2_aaa06a65.webp,NAPOJE
Akcesoria treningowe,https://wkdzik.pl/akcesoria/akcesoria-treningowe,8.50,,,{},results\images\akcesoria-treningowe\1_8b760369.webp;results\images\akcesoria-treningowe\2_aaa06a65.webp,NAPOJE
Torby i plecaki sportowe,https://wkdzik.pl/akcesoria/torby-i-plecaki,8.50,,,{},results\images\torby-i-plecaki-sportowe\1_8b760369.webp;results\images\torby-i-plecaki-sportowe\2_aaa06a65.webp,NAPOJE
Shakery i kubki,https://wkdzik.pl/akcesoria/shakery-kubki,8.50,,,{},results\images\shakery-i-kubki\1_8b760369.webp;results\images\shakery-i-kubki\2_aaa06a65.webp,NAPOJE
Gadżety WK DZIK,https://wkdzik.pl/akcesoria/gadzety,8.50,,,{},results\images\gadżety-wk-dzik\1_8b760369.webp;results\images\gadżety-wk-dzik\2_aaa06a65.webp,NAPOJE
Książki i ebooki WK DZIK,https://wkdzik.pl/akcesoria/ksiazki-wlepki,8.50,,,{},results\images\książki-i-ebooki-wk-dzik\1_8b760369.webp;results\images\książki-i-ebooki-wk-dzik\2_aaa06a65.webp,NAPOJE
Fundamenty treningu siłowego i odżywiania ‑ darmowy ebook,https://wkdzik.pl/fundamenty,8.50,,,{},results\images\fundamenty-treningu-siłowego-i-odżywiania-darmowy-ebook\19_1d083cbe.png;results\images\fundamenty-treningu-siłowego-i-odżywiania-darmowy-ebook\26_0912325c.png,NAPOJE
Skakanka Treningowa DZIK®,https://wkdzik.pl/dzik-skakanka-treningowa,8.50,,,{},results\images\skakanka-treningowa-dzik\19_eba1d89b.jpg;results\images\skakanka-treningowa-dzik\1_8b760369.webp,NAPOJE
GUMA MATERIAŁOWA MINI BAND NIEBIESKA DZIK®,https://wkdzik.pl/hip-band-materialowa-guma-niebieska,8.50,,,{},results\images\guma-materiałowa-mini-band-niebieska-dzik\19_883fc6c7.jpg;results\images\guma-materiałowa-mini-band-niebieska-dzik\1_8b760369.webp,NAPOJE
RĘKAWY KOMPRESYJNE DZIK® PRO RUN,https://wkdzik.pl/dzik-pro-run-rekawy-kompresyjne-czarne,8.50,,,{},results\images\rękawy-kompresyjne-dzik-pro-run\19_d48112a8.jpg;results\images\rękawy-kompresyjne-dzik-pro-run\23_c7624d8b.jpg,NAPOJE
,https://wkdzik.pl/pl/basket,8.50,,,{},results\images\httpswkdzikplplbasket\1_8b760369.webp;results\images\httpswkdzikplplbasket\2_aaa06a65.webp,NAPOJE
WK DZIK® - sklep z odżywkami dla sportowców,https://wkdzik.pl/,8.50,,,{},results\images\wk-dzik-sklep-z-odżywkami-dla-sportowców\19_0685a1bc.webp;results\images\wk-dzik-sklep-z-odżywkami-dla-sportowców\20_ddb29681.webp,NAPOJE
Napoje WK DZIK,https://wkdzik.pl/produkty-dzik/1/default/2,8.50,,,{},results\images\napoje-wk-dzik\1_d1aa02ff.webp;results\images\napoje-wk-dzik\2_8b760369.webp,NAPOJE
Napoje WK DZIK,https://wkdzik.pl/produkty-dzik/1/default/3,8.50,,,{},results\images\napoje-wk-dzik\1_d1aa02ff.webp;results\images\napoje-wk-dzik\2_8b760369.webp,NAPOJE
Napoje WK DZIK,https://wkdzik.pl/produkty-dzik/1/default/4,8.50,,,{},results\images\napoje-wk-dzik\1_d1aa02ff.webp;results\images\napoje-wk-dzik\2_8b760369.webp,NAPOJE
Napoje WK DZIK,https://wkdzik.pl/produkty-dzik/1/default/1/f_at_43_197/1,8.50,,,{},results\images\napoje-wk-dzik\1_d1aa02ff.webp;results\images\napoje-wk-dzik\2_8b760369.webp,NAPOJE
Napoje WK DZIK,https://wkdzik.pl/produkty-dzik/1/default/1/f_at_45_235/1,8.50,,,{},results\images\napoje-wk-dzik\1_d1aa02ff.webp;results\images\napoje-wk-dzik\2_8b760369.webp,NAPOJE
Napoje WK DZIK,https://wkdzik.pl/produkty-dzik/1/default/1/f_at_45_414/1,8.50,,,{},results\images\napoje-wk-dzik\1_d1aa02ff.webp;results\images\napoje-wk-dzik\2_8b760369.webp,NAPOJE
Napoje WK DZIK,https://wkdzik.pl/produkty-dzik/1/default/1/f_at_69_431/1,8.50,,,{},results\images\napoje-wk-dzik\1_d1aa02ff.webp;results\images\napoje-wk-dzik\2_8b760369.webp,NAPOJE
Napoje WK DZIK,https://wkdzik.pl/produkty-dzik/1/default/1/f_at_69_433/1,8.50,,,{},results\images\napoje-wk-dzik\1_d1aa02ff.webp;results\images\napoje-wk-dzik\2_8b760369.webp,NAPOJE
Napoje WK DZIK,https://wkdzik.pl/produkty-dzik/1/default/1/f_availability_5/1,8.50,,,{},results\images\napoje-wk-dzik\1_d1aa02ff.webp;results\images\napoje-wk-dzik\2_8b760369.webp,NAPOJE
Napoje WK DZIK,https://wkdzik.pl/produkty-dzik/1/default/1/f_availability_8/1,8.50,,,{},results\images\napoje-wk-dzik\1_d1aa02ff.webp;results\images\napoje-wk-dzik\2_8b760369.webp,NAPOJE
Napoje WK DZIK,https://wkdzik.pl/produkty-dzik/1/default/1/f_availability_10/1,8.50,,,{},results\images\napoje-wk-dzik\1_d1aa02ff.webp;results\images\napoje-wk-dzik\2_8b760369.webp,NAPOJE
DZIK® ZERO LEMON ‑ 330 ML,https://wkdzik.pl/dzik-zero-lemon-330ml,8.50,,,{},results\images\dzik-zero-lemon-330-ml\19_00d23e05.jpg;results\images\dzik-zero-lemon-330-ml\22_35f93c6f.jpg,NAPOJE
WK Dzik,https://wkdzik.pl/pl/producer/WK-Dzik/64,8.50,,,{},results\images\wk-dzik\1_8b760369.webp;results\images\wk-dzik\2_aaa06a65.webp,NAPOJE
DZIK® ZERO LEMON ‑ 330 ML x 24 SZT.,https://wkdzik.pl/dzik-zero-lemon-330ml-24szt,8.50,,,{},results\images\dzik-zero-lemon-330-ml-x-24-szt\19_ade4627e.jpg;results\images\dzik-zero-lemon-330-ml-x-24-szt\22_62b71611.jpg,NAPOJE
DZIK® ZERO GRAPE ‑ 330 ML x 24 SZT.,https://wkdzik.pl/dzik-zero-grape-330ml-24szt,8.50,,,{},results\images\dzik-zero-grape-330-ml-x-24-szt\19_b6269486.jpg;results\images\dzik-zero-grape-330-ml-x-24-szt\22_5c97c92e.jpg,NAPOJE
WK DZIK®,https://wkdzik.pl/producent/wkdzik,8.50,,,{},results\images\wk-dzik\1_8b760369.webp;results\images\wk-dzik\2_aaa06a65.webp,NAPOJE
DZIK® ZERO SOUR APPLE ‑ 330 ML x 24 SZT.,https://wkdzik.pl/dzik-zero-sour-apple-330ml-24szt,8.50,,,{},results\images\dzik-zero-sour-apple-330-ml-x-24-szt\19_76461989.jpg;results\images\dzik-zero-sour-apple-330-ml-x-24-szt\22_0ba41318.jpg,NAPOJE
DZIK® ZERO GRAPE ‑ 330 ML,https://wkdzik.pl/dzik-zero-grape-330ml,8.50,,,{},results\images\dzik-zero-grape-330-ml\19_4187f5c7.jpg;results\images\dzik-zero-grape-330-ml\22_7fa3afb0.jpg,NAPOJE
DZIK® ZERO SOUR APPLE ‑ 330 ML,https://wkdzik.pl/dzik-zero-sour-apple-330ml,8.50,,,{},results\images\dzik-zero-sour-apple-330-ml\19_0fa1f8e9.jpg;results\images\dzik-zero-sour-apple-330-ml\22_649b8102.jpg,NAPOJE
DZIK® ZERO SOUR RASPBERRY ‑ 330 ML,https://wkdzik.pl/dzik-zero-sour-rasberry-330ml,8.50,,,{},results\images\dzik-zero-sour-raspberry-330-ml\19_44c5a8a5.webp;results\images\dzik-zero-sour-raspberry-330-ml\1_8b760369.webp,NAPOJE
DZIK® ENERGY ZERO KALORII MOJITO 500 ML,https://wkdzik.pl/dzik-energy-zero-kalorii-mojito,8.50,,,{},results\images\dzik-energy-zero-kalorii-mojito-500-ml\1_d1aa02ff.webp;results\images\dzik-energy-zero-kalorii-mojito-500-ml\20_a4b93305.jpg,NAPOJE
DZIK® ENERGY ZERO KALORII MOJITO 500 ML ‑ 24 SZT.,https://wkdzik.pl/dzik-energy-zero-kalorii-mojito-24,8.50,,,{},results\images\dzik-energy-zero-kalorii-mojito-500-ml-24-szt\1_d1aa02ff.webp;results\images\dzik-energy-zero-kalorii-mojito-500-ml-24-szt\20_32513996.jpg,NAPOJE
DZIK® ENERGY CACTUS ‑ 500 ML x 24 SZT.,https://wkdzik.pl/dzik-energy-zero-kalorii-cactus-24,8.50,,,{},results\images\dzik-energy-cactus-500-ml-x-24-szt\1_d1aa02ff.webp;results\images\dzik-energy-cactus-500-ml-x-24-szt\20_2faeef17.jpg,NAPOJE
DZIK® ENERGY CACTUS ‑ 500 ML,https://wkdzik.pl/dzik-energy-zero-kalorii-cactus,8.50,,,{},results\images\dzik-energy-cactus-500-ml\1_d1aa02ff.webp;results\images\dzik-energy-cactus-500-ml\20_8975782c.jpg,NAPOJE
DZIK® Energy Classic 500 ml ‑ 24 Sztuki,https://wkdzik.pl/napoj-energetyczny-dzik-24-sztuki,8.50,,,{},results\images\dzik-energy-classic-500-ml-24-sztuki\1_d1aa02ff.webp;results\images\dzik-energy-classic-500-ml-24-sztuki\20_5a187309.jpg,NAPOJE
DZIK® ENERGY PEACH TROPIC MANGO CLASSIC ‑ 24 x 500 ML,https://wkdzik.pl/dzik-energy-mix-4-smaki,8.50,,,{},results\images\dzik-energy-peach-tropic-mango-classic-24-x-500-ml\1_d1aa02ff.webp;results\images\dzik-energy-peach-tropic-mango-classic-24-x-500-ml\20_11773656.jpg,NAPOJE
DZIK® Energy Grape Winogronowy 500 ml ‑ 24 Sztuki,https://wkdzik.pl/dzik-energy-grape-zgrzewka,8.50,,,{},results\images\dzik-energy-grape-winogronowy-500-ml-24-sztuki\1_d1aa02ff.webp;results\images\dzik-energy-grape-winogronowy-500-ml-24-sztuki\20_a313f6df.jpg,NAPOJE
DZIK® ENERGY SOUR APPLE ‑ 250 ML x 24 szt.,https://wkdzik.pl/dzik-energy-zero-kalorii-sour-apple-250ml-24szt,8.50,,,{},results\images\dzik-energy-sour-apple-250-ml-x-24-szt\1_d1aa02ff.webp;results\images\dzik-energy-sour-apple-250-ml-x-24-szt\20_83594ab6.jpg,NAPOJE
DZIK® ENERGY ANANAS SOUR APPLE ‑ 500 ML x 12 SZT.,https://wkdzik.pl/dzik-energy-mix-ananas-sour-apple,8.50,,,{},results\images\dzik-energy-ananas-sour-apple-500-ml-x-12-szt\1_d1aa02ff.webp;results\images\dzik-energy-ananas-sour-apple-500-ml-x-12-szt\20_0e46f8ba.jpg,NAPOJE
DZIK® ZERO PEACH ‑ 500 ML x 24 SZT.,https://wkdzik.pl/dzik-bezkofeinowy-zero-peach,8.50,,,{},results\images\dzik-zero-peach-500-ml-x-24-szt\19_95ca6902.jpg;results\images\dzik-zero-peach-500-ml-x-24-szt\22_049de46d.jpg,NAPOJE
DZIK® ENERGY ANANAS ‑ 500 ML x 24 SZT.,https://wkdzik.pl/energy-ananas-24,8.50,,,{},results\images\dzik-energy-ananas-500-ml-x-24-szt\1_d1aa02ff.webp;results\images\dzik-energy-ananas-500-ml-x-24-szt\20_a73a4d7a.jpg,NAPOJE
DZIK® Energy Sour Apple Kwaśne Jabłko 500 ml,https://wkdzik.pl/dzik-energy-apple-sour,8.50,,,{},results\images\dzik-energy-sour-apple-kwaśne-jabłko-500-ml\1_d1aa02ff.webp;results\images\dzik-energy-sour-apple-kwaśne-jabłko-500-ml\24_2b1d8056.png,NAPOJE
DZIK® Energy Peach Brzoskwiniowy 500 ml,https://wkdzik.pl/dzik-energy-peach-500ml,8.50,,,{},results\images\dzik-energy-peach-brzoskwiniowy-500-ml\1_d1aa02ff.webp;results\images\dzik-energy-peach-brzoskwiniowy-500-ml\20_5ed6484d.jpg,NAPOJE
Czas i koszty dostawy,https://wkdzik.pl/czas-i-koszty-dostawy,8.50,,,{},results\images\czas-i-koszty-dostawy\1_8b760369.webp;results\images\czas-i-koszty-dostawy\2_aaa06a65.webp,NAPOJE
Formy płatności,https://wkdzik.pl/formy-platnosci,8.50,,,{},results\images\formy-płatności\1_8b760369.webp;results\images\formy-płatności\2_aaa06a65.webp,NAPOJE
Regulamin sklepu internetowego,https://wkdzik.pl/regulamin,8.50,,,{},results\images\regulamin-sklepu-internetowego\1_8b760369.webp;results\images\regulamin-sklepu-internetowego\2_aaa06a65.webp,NAPOJE
Zwroty i reklamacje,https://wkdzik.pl/zwroty-i-reklamacje,8.50,,,{},results\images\zwroty-i-reklamacje\1_8b760369.webp;results\images\zwroty-i-reklamacje\2_aaa06a65.webp,NAPOJE
Polityka prywatności,https://wkdzik.pl/polityka-prywatnosci,8.50,,,{},results\images\polityka-prywatności\1_8b760369.webp;results\images\polityka-prywatności\2_aaa06a65.webp,NAPOJE
Black Friday 2025,https://wkdzik.pl/pl/i/Black-Friday-2025/104,8.50,,,{},results\images\black-friday-2025\1_8b760369.webp;results\images\black-friday-2025\2_aaa06a65.webp,NAPOJE
Lookbook,https://wkdzik.pl/lookbook,8.50,,,{},results\images\lookbook\1_8b760369.webp;results\images\lookbook\2_aaa06a65.webp,NAPOJE
Kariera,https://wkdzik.pl/kariera,8.50,,,{},results\images\kariera\1_8b760369.webp;results\images\kariera\2_aaa06a65.webp,NAPOJE
Napoje WK DZIK,https://wkdzik.pl/produkty-dzik/2,8.50,,,{},results\images\napoje-wk-dzik\1_d1aa02ff.webp;results\images\napoje-wk-dzik\2_8b760369.webp,NAPOJE
Napoje WK DZIK,https://wkdzik.pl/produkty-dzik/2/default/2,8.50,,,{},results\images\napoje-wk-dzik\1_d1aa02ff.webp;results\images\napoje-wk-dzik\2_8b760369.webp,NAPOJE
Napoje WK DZIK,https://wkdzik.pl/produkty-dzik/2/default/3,8.50,,,{},results\images\napoje-wk-dzik\1_d1aa02ff.webp;results\images\napoje-wk-dzik\2_8b760369.webp,NAPOJE
Napoje WK DZIK,https://wkdzik.pl/produkty-dzik/2/default/4,8.50,,,{},results\images\napoje-wk-dzik\1_d1aa02ff.webp;results\images\napoje-wk-dzik\2_8b760369.webp,NAPOJE
DZIK® ZERO ORANGE ‑ 500 ML x 24 SZT.,https://wkdzik.pl/dzik-zero-kofeiny-zero-kalorii-orange-500ml-24szt,8.50,,,{},results\images\dzik-zero-orange-500-ml-x-24-szt\19_0ae77061.jpg;results\images\dzik-zero-orange-500-ml-x-24-szt\1_8b760369.webp,NAPOJE
DZIK® Bezkofeinowy Zero Kalorii Orange Pomarańczowy 500 ml,https://wkdzik.pl/dzik-zero-kofeiny-orange-24,8.50,,,{},results\images\dzik-bezkofeinowy-zero-kalorii-orange-pomarańczowy-500-ml\19_62a3234a.jpg;results\images\dzik-bezkofeinowy-zero-kalorii-orange-pomarańczowy-500-ml\1_8b760369.webp,NAPOJE
DZIK® Energy Ananas 500 ml,https://wkdzik.pl/dzik-energy-ananas,8.50,,,{},results\images\dzik-energy-ananas-500-ml\1_d1aa02ff.webp;results\images\dzik-energy-ananas-500-ml\20_50139a11.jpg,NAPOJE
DZIK® Energy Sour Apple Kwaśne Jabłko 500 ml ‑ 24 Sztuki,https://wkdzik.pl/dzik-energy-sour-apple-24szt,8.50,,,{},results\images\dzik-energy-sour-apple-kwaśne-jabłko-500-ml-24-sztuki\1_d1aa02ff.webp;results\images\dzik-energy-sour-apple-kwaśne-jabłko-500-ml-24-sztuki\20_d54dcded.jpg,NAPOJE
DZIK® Energy Lemon Cytrynowy 500 ml,https://wkdzik.pl/dzik-energy-lemon-1,8.50,,,{},results\images\dzik-energy-lemon-cytrynowy-500-ml\1_d1aa02ff.webp;results\images\dzik-energy-lemon-cytrynowy-500-ml\24_e0bf0fd3.png,NAPOJE
DZIK® Energy Lemon Cytrynowy 500 ml ‑ 24 Sztuki,https://wkdzik.pl/dzik-energy-lemon-24,8.50,,,{},results\images\dzik-energy-lemon-cytrynowy-500-ml-24-sztuki\1_d1aa02ff.webp;results\images\dzik-energy-lemon-cytrynowy-500-ml-24-sztuki\20_e5a600b6.jpg,NAPOJE
DZIK® Bezkofeinowy Zero Kalorii Peach Brzoskwiniowy 500 ml,https://wkdzik.pl/dzik-zero-kofeiny-zero-kalorii-peach-500ml,8.50,,,{},results\images\dzik-bezkofeinowy-zero-kalorii-peach-brzoskwiniowy-500-ml\19_721a9773.jpg;results\images\dzik-bezkofeinowy-zero-kalorii-peach-brzoskwiniowy-500-ml\1_8b760369.webp,NAPOJE
DZIK® ENERGY CLASSIC ‑ 250 ML,https://wkdzik.pl/dzik-energy-zero-kalorii-250ml-100mg-kofeiny,8.50,,,{},results\images\dzik-energy-classic-250-ml\1_d1aa02ff.webp;results\images\dzik-energy-classic-250-ml\20_8eda57eb.jpg,NAPOJE
DZIK® BOOST GREJPFRUTOWY ‑ 750 ML x 12 SZT.,https://wkdzik.pl/dzik-boost-grejpfrut-750ml-12szt,8.50,,,{},results\images\dzik-boost-grejpfrutowy-750-ml-x-12-szt\19_4d25df4a.jpg;results\images\dzik-boost-grejpfrutowy-750-ml-x-12-szt\22_830ff152.jpg,NAPOJE
DZIK® BOOST ZERO ‑ 750 ML x 12 SZT.,https://wkdzik.pl/boost-zero-750ml-12-szt,8.50,,,{},results\images\dzik-boost-zero-750-ml-x-12-szt\19_6e574585.jpg;results\images\dzik-boost-zero-750-ml-x-12-szt\22_cd683db3.jpg,NAPOJE
DZIK® BOOST ‑ 750 ML,https://wkdzik.pl/dzik-boost-zero-750ml,8.50,,,{},results\images\dzik-boost-750-ml\19_3165fd02.jpg;results\images\dzik-boost-750-ml\22_c1383b16.jpg,NAPOJE
DZIK® Energy Grape Winogronowy 500 ml,https://wkdzik.pl/dzik-energy-grape,8.50,,,{},results\images\dzik-energy-grape-winogronowy-500-ml\1_d1aa02ff.webp;results\images\dzik-energy-grape-winogronowy-500-ml\20_ab39f0c2.jpg,NAPOJE
DZIK® Energy Peach Brzoskwiniowy 500 ml ‑ 24 Sztuki,https://wkdzik.pl/dzik-energy-peach-500ml-24szt,8.50,,,{},results\images\dzik-energy-peach-brzoskwiniowy-500-ml-24-sztuki\1_d1aa02ff.webp;results\images\dzik-energy-peach-brzoskwiniowy-500-ml-24-sztuki\20_e894002d.jpg,NAPOJE
DZIK® Energy Tropic 500 ml ‑ 24 Sztuki,https://wkdzik.pl/dzik-energy-tropic-500ml-24szt,8.50,,,{},results\images\dzik-energy-tropic-500-ml-24-sztuki\1_d1aa02ff.webp;results\images\dzik-energy-tropic-500-ml-24-sztuki\20_5d26c25d.jpg,NAPOJE
DZIK® Energy Tropic 500 ml,https://wkdzik.pl/dzik-energy-tropic-500ml,8.50,,,{},results\images\dzik-energy-tropic-500-ml\1_d1aa02ff.webp;results\images\dzik-energy-tropic-500-ml\20_3196b8fa.jpg,NAPOJE
DZIK® ENERGY CLASSIC ‑ 500 ML,https://wkdzik.pl/napoj-energetyczny-dzik,8.50,,,{},results\images\dzik-energy-classic-500-ml\1_d1aa02ff.webp;results\images\dzik-energy-classic-500-ml\20_0771b041.jpg,NAPOJE
Napoje WK DZIK,https://wkdzik.pl/produkty-dzik/3,8.50,,,{},results\images\napoje-wk-dzik\1_d1aa02ff.webp;results\images\napoje-wk-dzik\2_8b760369.webp,NAPOJE
Napoje WK DZIK,https://wkdzik.pl/produkty-dzik/3/default/2,8.50,,,{},results\images\napoje-wk-dzik\1_d1aa02ff.webp;results\images\napoje-wk-dzik\2_8b760369.webp,NAPOJE
Napoje WK DZIK,https://wkdzik.pl/produkty-dzik/3/default/3,8.50,,,{},results\images\napoje-wk-dzik\1_d1aa02ff.webp;results\images\napoje-wk-dzik\2_8b760369.webp,NAPOJE
Napoje WK DZIK,https://wkdzik.pl/produkty-dzik/3/default/4,8.50,,,{},results\images\napoje-wk-dzik\1_d1aa02ff.webp;results\images\napoje-wk-dzik\2_8b760369.webp,NAPOJE
DZIK® ENERGY CLASSIC ‑ 250 ML x 24 szt.,https://wkdzik.pl/dzik-energy-zero-kalorii-250ml-24sztuki,8.50,,,{},results\images\dzik-energy-classic-250-ml-x-24-szt\1_d1aa02ff.webp;results\images\dzik-energy-classic-250-ml-x-24-szt\20_9cfdf3e0.jpg,NAPOJE
DZIK® VITAMIN DRINK CRANBERRY ‑ 500 ML,https://wkdzik.pl/dzik-vitamin-drink-cranberry-500ml,8.50,,,{},results\images\dzik-vitamin-drink-cranberry-500-ml\19_4a3131cf.jpg;results\images\dzik-vitamin-drink-cranberry-500-ml\22_ffe45b7a.jpg,NAPOJE
DZIK® BOOST GREJPFRUTOWY ‑ 750 ML,https://wkdzik.pl/dzik-boost-grejpfrutowy-zero-750ml,8.50,,,{},results\images\dzik-boost-grejpfrutowy-750-ml\19_3a4f6c5b.jpg;results\images\dzik-boost-grejpfrutowy-750-ml\22_b80c350c.jpg,NAPOJE
DZIK® Energy Cherry Wiśniowy 500 ml,https://wkdzik.pl/dzik-energy-cherry,8.50,,,{},results\images\dzik-energy-cherry-wiśniowy-500-ml\1_d1aa02ff.webp;results\images\dzik-energy-cherry-wiśniowy-500-ml\20_f4ff83ac.jpg,NAPOJE
DZIK® Bezkofeinowy Zero Cherry Wiśniowy 500 ML,https://wkdzik.pl/dizk-zero-kofeiny-zero-kalorii-cherry-500ml,8.50,,,{},results\images\dzik-bezkofeinowy-zero-cherry-wiśniowy-500-ml\19_a16ed4d3.jpg;results\images\dzik-bezkofeinowy-zero-cherry-wiśniowy-500-ml\1_8b760369.webp,NAPOJE
DZIK® Energy Orange Pomarańczowy 500 ml,https://wkdzik.pl/dzik-energy-orange-zero-kalorii-500ml,8.50,,,{},results\images\dzik-energy-orange-pomarańczowy-500-ml\1_d1aa02ff.webp;results\images\dzik-energy-orange-pomarańczowy-500-ml\20_a7ed5085.jpg,NAPOJE
DZIK® BOOST OWOCE LEŚNE ‑ 750 ML,https://wkdzik.pl/dzik-boost-owoce-lesne-750ml,8.50,,,{},results\images\dzik-boost-owoce-leśne-750-ml\19_22ddd06e.jpg;results\images\dzik-boost-owoce-leśne-750-ml\22_4c65d230.jpg,NAPOJE
DZIK® VITAMIN DRINK GRAPE ‑ 500 ML,https://wkdzik.pl/vitamin-drink-grape,8.50,,,{},results\images\dzik-vitamin-drink-grape-500-ml\19_76939706.jpg;results\images\dzik-vitamin-drink-grape-500-ml\1_8b760369.webp,NAPOJE
Napój Proteinowy DZIK®,https://wkdzik.pl/napoj-proteinowy-dzik,8.50,,,{},results\images\napój-proteinowy-dzik\19_dc420bac.jpg;results\images\napój-proteinowy-dzik\22_bf341b1c.jpg,NAPOJE
Napoje energetyczne z kofeiną,https://wkdzik.pl/produkty-dzik/energy/1/default/2,8.50,,,{},results\images\napoje-energetyczne-z-kofeiną\1_d1aa02ff.webp;results\images\napoje-energetyczne-z-kofeiną\2_8b760369.webp,NAPOJE > DZIK® ENERGY
Napoje energetyczne z kofeiną,https://wkdzik.pl/produkty-dzik/energy/1/default/3,8.50,,,{},results\images\napoje-energetyczne-z-kofeiną\1_d1aa02ff.webp;results\images\napoje-energetyczne-z-kofeiną\2_8b760369.webp,NAPOJE > DZIK® ENERGY
Napoje energetyczne z kofeiną,https://wkdzik.pl/produkty-dzik/energy/1/default/4,8.50,,,{},results\images\napoje-energetyczne-z-kofeiną\1_d1aa02ff.webp;results\images\napoje-energetyczne-z-kofeiną\2_8b760369.webp,NAPOJE > DZIK® ENERGY
Napoje energetyczne z kofeiną,https://wkdzik.pl/produkty-dzik/energy/1/default/1/f_at_43_197/1,8.50,,,{},results\images\napoje-energetyczne-z-kofeiną\1_d1aa02ff.webp;results\images\napoje-energetyczne-z-kofeiną\2_8b760369.webp,NAPOJE > DZIK® ENERGY
Napoje energetyczne z kofeiną,https://wkdzik.pl/produkty-dzik/energy/1/default/1/f_at_45_235/1,8.50,,,{},results\images\napoje-energetyczne-z-kofeiną\1_d1aa02ff.webp;results\images\napoje-energetyczne-z-kofeiną\2_8b760369.webp,NAPOJE > DZIK® ENERGY
Napoje energetyczne z kofeiną,https://wkdzik.pl/produkty-dzik/energy/1/default/1/f_availability_5/1,8.50,,,{},results\images\napoje-energetyczne-z-kofeiną\1_d1aa02ff.webp;results\images\napoje-energetyczne-z-kofeiną\2_8b760369.webp,NAPOJE > DZIK® ENERGY
Napoje energetyczne z kofeiną,https://wkdzik.pl/produkty-dzik/energy/1/default/1/f_availability_10/1,8.50,,,{},results\images\napoje-energetyczne-z-kofeiną\1_d1aa02ff.webp;results\images\napoje-energetyczne-z-kofeiną\2_8b760369.webp,NAPOJE > DZIK® ENERGY
Napoje energetyczne z kofeiną,https://wkdzik.pl/produkty-dzik/energy/2,8.50,,,{},results\images\napoje-energetyczne-z-kofeiną\1_d1aa02ff.webp;results\images\napoje-energetyczne-z-kofeiną\2_8b760369.webp,NAPOJE > DZIK® ENERGY
Napoje energetyczne z kofeiną,https://wkdzik.pl/produkty-dzik/energy/2/default/2,8.50,,,{},results\images\napoje-energetyczne-z-kofeiną\1_d1aa02ff.webp;results\images\napoje-energetyczne-z-kofeiną\2_8b760369.webp,NAPOJE > DZIK® ENERGY
Napoje energetyczne z kofeiną,https://wkdzik.pl/produkty-dzik/energy/2/default/3,8.50,,,{},results\images\napoje-energetyczne-z-kofeiną\1_d1aa02ff.webp;results\images\napoje-energetyczne-z-kofeiną\2_8b760369.webp,NAPOJE > DZIK® ENERGY
Napoje energetyczne z kofeiną,https://wkdzik.pl/produkty-dzik/energy/2/default/4,8.50,,,{},results\images\napoje-energetyczne-z-kofeiną\1_d1aa02ff.webp;results\images\napoje-energetyczne-z-kofeiną\2_8b760369.webp,NAPOJE > DZIK® ENERGY
Napoje bez kofeiny i cukru,https://wkdzik.pl/produkty-dzik/zero-caffeine/1/default/2,8.50,,,{},results\images\napoje-bez-kofeiny-i-cukru\1_8b760369.webp;results\images\napoje-bez-kofeiny-i-cukru\2_aaa06a65.webp,NAPOJE > DZIK® ZERO KOFEINY
Napoje bez kofeiny i cukru,https://wkdzik.pl/produkty-dzik/zero-caffeine/1/default/3,8.50,,,{},results\images\napoje-bez-kofeiny-i-cukru\1_8b760369.webp;results\images\napoje-bez-kofeiny-i-cukru\2_aaa06a65.webp,NAPOJE > DZIK® ZERO KOFEINY
Napoje bez kofeiny i cukru,https://wkdzik.pl/produkty-dzik/zero-caffeine/1/default/4,8.50,,,{},results\images\napoje-bez-kofeiny-i-cukru\1_8b760369.webp;results\images\napoje-bez-kofeiny-i-cukru\2_aaa06a65.webp,NAPOJE > DZIK® ZERO KOFEINY
Napoje bez kofeiny i cukru,https://wkdzik.pl/produkty-dzik/zero-caffeine/1/default/1/f_at_43_197/1,8.50,,,{},results\images\napoje-bez-kofeiny-i-cukru\1_8b760369.webp;results\images\napoje-bez-kofeiny-i-cukru\2_aaa06a65.webp,NAPOJE > DZIK® ZERO KOFEINY
Napoje bez kofeiny i cukru,https://wkdzik.pl/produkty-dzik/zero-caffeine/1/default/1/f_at_45_414/1,8.50,,,{},results\images\napoje-bez-kofeiny-i-cukru\1_8b760369.webp;results\images\napoje-bez-kofeiny-i-cukru\2_aaa06a65.webp,NAPOJE > DZIK® ZERO KOFEINY
Napoje bez kofeiny i cukru,https://wkdzik.pl/produkty-dzik/zero-caffeine/1/default/1/f_availability_5/1,8.50,,,{},results\images\napoje-bez-kofeiny-i-cukru\1_8b760369.webp;results\images\napoje-bez-kofeiny-i-cukru\2_aaa06a65.webp,NAPOJE > DZIK® ZERO KOFEINY
Napoje bez kofeiny i cukru,https://wkdzik.pl/produkty-dzik/zero-caffeine/1/default/1/f_availability_8/1,8.50,,,{},results\images\napoje-bez-kofeiny-i-cukru\1_8b760369.webp;results\images\napoje-bez-kofeiny-i-cukru\2_aaa06a65.webp,NAPOJE > DZIK® ZERO KOFEINY
Napoje bez kofeiny i cukru,https://wkdzik.pl/produkty-dzik/zero-caffeine/1/default/1/f_availability_10/1,8.50,,,{},results\images\napoje-bez-kofeiny-i-cukru\1_8b760369.webp;results\images\napoje-bez-kofeiny-i-cukru\2_aaa06a65.webp,NAPOJE > DZIK® ZERO KOFEINY
Napoje izotoniczne,https://wkdzik.pl/produkty-dzik/boost/1/default/2,8.50,,,{},results\images\napoje-izotoniczne\1_8b760369.webp;results\images\napoje-izotoniczne\2_aaa06a65.webp,NAPOJE > DZIK® BOOST
Napoje izotoniczne,https://wkdzik.pl/produkty-dzik/boost/1/default/3,8.50,,,{},results\images\napoje-izotoniczne\1_8b760369.webp;results\images\napoje-izotoniczne\2_aaa06a65.webp,NAPOJE > DZIK® BOOST
Napoje izotoniczne,https://wkdzik.pl/produkty-dzik/boost/1/default/4,8.50,,,{},results\images\napoje-izotoniczne\1_8b760369.webp;results\images\napoje-izotoniczne\2_aaa06a65.webp,NAPOJE > DZIK® BOOST
Napoje izotoniczne,https://wkdzik.pl/produkty-dzik/boost/1/default/1/f_at_43_197/1,8.50,,,{},results\images\napoje-izotoniczne\1_8b760369.webp;results\images\napoje-izotoniczne\2_aaa06a65.webp,NAPOJE > DZIK® BOOST
Napoje izotoniczne,https://wkdzik.pl/produkty-dzik/boost/1/default/1/f_availability_5/1,8.50,,,{},results\images\napoje-izotoniczne\1_8b760369.webp;results\images\napoje-izotoniczne\2_aaa06a65.webp,NAPOJE > DZIK® BOOST
Napoje izotoniczne,https://wkdzik.pl/produkty-dzik/boost/1/default/1/f_availability_10/1,8.50,,,{},results\images\napoje-izotoniczne\1_8b760369.webp;results\images\napoje-izotoniczne\2_aaa06a65.webp,NAPOJE > DZIK® BOOST
VITAMIN DRINK,https://wkdzik.pl/napoje/vitamin-drink/1/default/2,8.50,,,{},results\images\vitamin-drink\1_8b760369.webp;results\images\vitamin-drink\2_aaa06a65.webp,NAPOJE > DZIK® VITAMIN DRINK
VITAMIN DRINK,https://wkdzik.pl/napoje/vitamin-drink/1/default/3,8.50,,,{},results\images\vitamin-drink\1_8b760369.webp;results\images\vitamin-drink\2_aaa06a65.webp,NAPOJE > DZIK® VITAMIN DRINK
VITAMIN DRINK,https://wkdzik.pl/napoje/vitamin-drink/1/default/4,8.50,,,{},results\images\vitamin-drink\1_8b760369.webp;results\images\vitamin-drink\2_aaa06a65.webp,NAPOJE > DZIK® VITAMIN DRINK
VITAMIN DRINK,https://wkdzik.pl/napoje/vitamin-drink/1/default/1/f_at_43_197/1,8.50,,,{},results\images\vitamin-drink\1_8b760369.webp;results\images\vitamin-drink\2_aaa06a65.webp,NAPOJE > DZIK® VITAMIN DRINK
VITAMIN DRINK,https://wkdzik.pl/napoje/vitamin-drink/1/default/1/f_availability_10/1,8.50,,,{},results\images\vitamin-drink\1_8b760369.webp;results\images\vitamin-drink\2_aaa06a65.webp,NAPOJE > DZIK® VITAMIN DRINK
Niskokaloryczna żywność,https://wkdzik.pl/odzywianie/1/default/2,8.50,,,{},results\images\niskokaloryczna-żywność\1_8b760369.webp;results\images\niskokaloryczna-żywność\2_aaa06a65.webp,ODŻYWIANIE
Niskokaloryczna żywność,https://wkdzik.pl/odzywianie/1/default/3,8.50,,,{},results\images\niskokaloryczna-żywność\1_8b760369.webp;results\images\niskokaloryczna-żywność\2_aaa06a65.webp,ODŻYWIANIE
Niskokaloryczna żywność,https://wkdzik.pl/odzywianie/1/default/4,8.50,,,{},results\images\niskokaloryczna-żywność\1_8b760369.webp;results\images\niskokaloryczna-żywność\2_aaa06a65.webp,ODŻYWIANIE
Niskokaloryczna żywność,https://wkdzik.pl/odzywianie/1/default/1/f_at_43_199/1,8.50,,,{},results\images\niskokaloryczna-żywność\1_8b760369.webp;results\images\niskokaloryczna-żywność\2_aaa06a65.webp,ODŻYWIANIE
Niskokaloryczna żywność,https://wkdzik.pl/odzywianie/1/default/1/f_at_43_200/1,8.50,,,{},results\images\niskokaloryczna-żywność\1_8b760369.webp;results\images\niskokaloryczna-żywność\2_aaa06a65.webp,ODŻYWIANIE
Niskokaloryczna żywność,https://wkdzik.pl/odzywianie/1/default/1/f_at_43_233/1,8.50,,,{},results\images\niskokaloryczna-żywność\1_8b760369.webp;results\images\niskokaloryczna-żywność\2_aaa06a65.webp,ODŻYWIANIE
Niskokaloryczna żywność,https://wkdzik.pl/odzywianie/1/default/1/f_availability_2/1,8.50,,,{},results\images\niskokaloryczna-żywność\1_8b760369.webp;results\images\niskokaloryczna-żywność\2_aaa06a65.webp,ODŻYWIANIE
Niskokaloryczna żywność,https://wkdzik.pl/odzywianie/1/default/1/f_availability_4/1,8.50,,,{},results\images\niskokaloryczna-żywność\1_8b760369.webp;results\images\niskokaloryczna-żywność\2_aaa06a65.webp,ODŻYWIANIE
Niskokaloryczna żywność,https://wkdzik.pl/odzywianie/1/default/1/f_availability_5/1,8.50,,,{},results\images\niskokaloryczna-żywność\1_8b760369.webp;results\images\niskokaloryczna-żywność\2_aaa06a65.webp,ODŻYWIANIE
Niskokaloryczna żywność,https://wkdzik.pl/odzywianie/1/default/1/f_availability_10/1,8.50,,,{},results\images\niskokaloryczna-żywność\1_8b760369.webp;results\images\niskokaloryczna-żywność\2_aaa06a65.webp,ODŻYWIANIE
BATON PROTEINOWY PEANUT BUTTER DZIK® ‑ 24 SZT.,https://wkdzik.pl/baton-proteinowy-peanut-butter-24szt,8.50,,,{},results\images\baton-proteinowy-peanut-butter-dzik-24-szt\19_a8c8ac39.jpg;results\images\baton-proteinowy-peanut-butter-dzik-24-szt\22_1374f2dd.jpg,ODŻYWIANIE
BATON PROTEINOWY PEANUT BUTTER DZIK®,https://wkdzik.pl/baton-proteinowy-dzik-peanut-butter,8.50,,,{},results\images\baton-proteinowy-peanut-butter-dzik\19_cfeaa0c2.jpg;results\images\baton-proteinowy-peanut-butter-dzik\22_18ca1918.jpg,ODŻYWIANIE
SOSY WYTRAWNE DZIK® ‑ 3 SZT.,https://wkdzik.pl/pl/p/SOSY-WYTRAWNE-DZIK-3-SZT./3735,8.50,,,{},results\images\sosy-wytrawne-dzik-3-szt\19_b91e2cae.jpg;results\images\sosy-wytrawne-dzik-3-szt\22_dbd2cc20.jpg,ODŻYWIANIE
Sos Ketchup DZIK®,https://wkdzik.pl/sos-ketchup-dzik,8.50,,,{},results\images\sos-ketchup-dzik\19_eeba5d50.jpg;results\images\sos-ketchup-dzik\22_7e80302b.jpg,ODŻYWIANIE
Sos Barbecue DZIK®,https://wkdzik.pl/sos-barbecue-dzik,8.50,,,{},results\images\sos-barbecue-dzik\19_93163c99.jpg;results\images\sos-barbecue-dzik\22_745dbdbd.jpg,ODŻYWIANIE
Sos Czosnkowy Garlic DZIK®,https://wkdzik.pl/sos-czosnkowy-dzik,8.50,,,{},results\images\sos-czosnkowy-garlic-dzik\19_a4eb0df8.jpg;results\images\sos-czosnkowy-garlic-dzik\22_1ced9bbd.jpg,ODŻYWIANIE
BATON PROTEINOWY COCONUT DZIK® ‑ 24 SZT.,https://wkdzik.pl/baton-proteinowy-dzik-kokos-crunchy-24x72g,8.50,,,{},results\images\baton-proteinowy-coconut-dzik-24-szt\19_d93ce9c2.jpg;results\images\baton-proteinowy-coconut-dzik-24-szt\23_e26881c2.jpg,ODŻYWIANIE
WAFLE RYŻOWO‑KUKURYDZIANE CZEKOLADOWE DZIK® ‑ 12 SZT.,https://wkdzik.pl/wafle-ryzowo-kukurydziane-low-fat-czekoladowe-12szt,8.50,,,{},results\images\wafle-ryżowokukurydziane-czekoladowe-dzik-12-szt\19_11cba6dc.jpg;results\images\wafle-ryżowokukurydziane-czekoladowe-dzik-12-szt\23_c1a433a1.jpg,ODŻYWIANIE
BATON PROTEINOWY SALTED CARAMEL DZIK® ‑ 24 SZT.,https://wkdzik.pl/baton-proteinowy-slony-karmel-24szt,8.50,,,{},results\images\baton-proteinowy-salted-caramel-dzik-24-szt\19_2db946d2.jpg;results\images\baton-proteinowy-salted-caramel-dzik-24-szt\23_2b11c5be.jpg,ODŻYWIANIE
SOSY ZERO SŁODKIE DZIK® ‑ 3 SZT.,https://wkdzik.pl/pl/p/SOSY-ZERO-SLODKIE-DZIK-3-SZT./3729,8.50,,,{},results\images\sosy-zero-słodkie-dzik-3-szt\19_b968bf67.jpg;results\images\sosy-zero-słodkie-dzik-3-szt\28_59fe54b4.jpg,ODŻYWIANIE
SOS ZERO DZIK® MILKY NUTBAR,https://wkdzik.pl/pl/p/SOS-ZERO-DZIK-MILKY-NUTBAR/3720,8.50,,,{},results\images\sos-zero-dzik-milky-nutbar\19_314c06ef.jpg;results\images\sos-zero-dzik-milky-nutbar\22_50ce9ded.jpg,ODŻYWIANIE
SOS ZERO DZIK® BLUEBERRY,https://wkdzik.pl/pl/p/SOS-ZERO-DZIK-BLUEBERRY/3721,8.50,,,{},results\images\sos-zero-dzik-blueberry\19_0fa8f5eb.jpg;results\images\sos-zero-dzik-blueberry\22_d29217f5.jpg,ODŻYWIANIE
Sos Zero Karmelowy Caramel DZIK®,https://wkdzik.pl/pl/p/Sos-Zero-Karmelowy-Caramel-DZIK/3722,8.50,,,{},results\images\sos-zero-karmelowy-caramel-dzik\19_75a7bb57.jpg;results\images\sos-zero-karmelowy-caramel-dzik\22_380d2916.jpg,ODŻYWIANIE
Sos Zero Klonowy DZIK®,https://wkdzik.pl/pl/p/Sos-Zero-Klonowy-DZIK/3723,8.50,,,{},results\images\sos-zero-klonowy-dzik\19_a6314f6d.jpg;results\images\sos-zero-klonowy-dzik\22_ed460e11.jpg,ODŻYWIANIE
SOS ZERO DZIK® RASPBERRY,https://wkdzik.pl/pl/p/SOS-ZERO-DZIK-RASPBERRY/3724,8.50,,,{},results\images\sos-zero-dzik-raspberry\19_0067dc46.jpg;results\images\sos-zero-dzik-raspberry\22_ced41d70.jpg,ODŻYWIANIE
SOS ZERO DZIK® STRAWBERRY,https://wkdzik.pl/pl/p/SOS-ZERO-DZIK-STRAWBERRY/3725,8.50,,,{},results\images\sos-zero-dzik-strawberry\19_17b15ae1.jpg;results\images\sos-zero-dzik-strawberry\22_e0f0e17c.jpg,ODŻYWIANIE
Zestaw Czekoladowy DZIK®,https://wkdzik.pl/zestaw-czekoladowy,8.50,,,{},results\images\zestaw-czekoladowy-dzik\19_ce6909c8.jpg;results\images\zestaw-czekoladowy-dzik\1_8b760369.webp,ODŻYWIANIE
Niskokaloryczna żywność,https://wkdzik.pl/odzywianie/2,8.50,,,{},results\images\niskokaloryczna-żywność\1_8b760369.webp;results\images\niskokaloryczna-żywność\2_aaa06a65.webp,ODŻYWIANIE
Niskokaloryczna żywność,https://wkdzik.pl/odzywianie/2/default/2,8.50,,,{},results\images\niskokaloryczna-żywność\1_8b760369.webp;results\images\niskokaloryczna-żywność\2_aaa06a65.webp,ODŻYWIANIE
Niskokaloryczna żywność,https://wkdzik.pl/odzywianie/2/default/3,8.50,,,{},results\images\niskokaloryczna-żywność\1_8b760369.webp;results\images\niskokaloryczna-żywność\2_aaa06a65.webp,ODŻYWIANIE
Niskokaloryczna żywność,https://wkdzik.pl/odzywianie/2/default/4,8.50,,,{},results\images\niskokaloryczna-żywność\1_8b760369.webp;results\images\niskokaloryczna-żywność\2_aaa06a65.webp,ODŻYWIANIE
CHIPSY PROTEINOWE KURCZAK DZIK® ‑ 6 SZT.,https://wkdzik.pl/chipsy-proteinowe-kurczak-6x-50g,8.50,,,{},results\images\chipsy-proteinowe-kurczak-dzik-6-szt\19_3e6de0d1.jpg;results\images\chipsy-proteinowe-kurczak-dzik-6-szt\22_a55516ba.jpg,ODŻYWIANIE
Napój Proteinowy DZIK® ‑ 24 sztuki,https://wkdzik.pl/napoj-proteinowy-dzik-24szt,8.50,,,{},results\images\napój-proteinowy-dzik-24-sztuki\19_62d73fb5.jpg;results\images\napój-proteinowy-dzik-24-sztuki\22_5f05042a.jpg,ODŻYWIANIE
CHIPSY PROTEINOWE BEKON DZIK® ‑ 6 SZT.,https://wkdzik.pl/chipsy-proteinowe-bekon-6x-50g,8.50,,,{},results\images\chipsy-proteinowe-bekon-dzik-6-szt\19_93f2a55a.jpg;results\images\chipsy-proteinowe-bekon-dzik-6-szt\22_7704c030.jpg,ODŻYWIANIE
CHIPSY PROTEINOWE BEKON DZIK®,https://wkdzik.pl/chipsy-proteinowe-bekon,8.50,,,{},results\images\chipsy-proteinowe-bekon-dzik\19_22ebf77f.jpg;results\images\chipsy-proteinowe-bekon-dzik\22_dda769c0.jpg,ODŻYWIANIE
WAFLE RYŻOWO‑KUKURYDZIANE CZEKOLADOWE DZIK®,https://wkdzik.pl/wafle-czekoladowe,8.50,,,{},results\images\wafle-ryżowokukurydziane-czekoladowe-dzik\19_c0d15e21.jpg;results\images\wafle-ryżowokukurydziane-czekoladowe-dzik\22_d6865880.jpg,ODŻYWIANIE
CHIPSY PROTEINOWE KURCZAK DZIK®,https://wkdzik.pl/chipsy-proteinowe-kurczak,8.50,,,{},results\images\chipsy-proteinowe-kurczak-dzik\19_77fd47fd.jpg;results\images\chipsy-proteinowe-kurczak-dzik\22_c1346586.jpg,ODŻYWIANIE
WAFLE KUKURYDZIANE PAPRYKOWE DZIK®,https://wkdzik.pl/dzik-wafle-kukurydziane-low-fat-papryka,8.50,,,{},results\images\wafle-kukurydziane-paprykowe-dzik\19_ceace06d.jpg;results\images\wafle-kukurydziane-paprykowe-dzik\22_203a9858.jpg,ODŻYWIANIE
WAFLE KUKURYDZIANE SEROWE DZIK®,https://wkdzik.pl/dzik-wafle-kukurydziane-low-fat-ser,8.50,,,{},results\images\wafle-kukurydziane-serowe-dzik\19_18f186ec.jpg;results\images\wafle-kukurydziane-serowe-dzik\22_ddfbcdea.jpg,ODŻYWIANIE
BATON PROTEINOWY COCONUT DZIK®,https://wkdzik.pl/baton-proteinowy-dzik-kokos-crunchy-72g,8.50,,,{},results\images\baton-proteinowy-coconut-dzik\19_fa1e722a.jpg;results\images\baton-proteinowy-coconut-dzik\23_a8a136b7.jpg,ODŻYWIANIE
WAFLE KUKURYDZIANE PAPRYKOWE DZIK® ‑ 12 SZT.,https://wkdzik.pl/dzik-wafle-kukurydziane-low-fat-papryka-12szt,8.50,,,{},results\images\wafle-kukurydziane-paprykowe-dzik-12-szt\19_9bcbbc5a.jpg;results\images\wafle-kukurydziane-paprykowe-dzik-12-szt\23_5b1593b0.jpg,ODŻYWIANIE
WAFLE KUKURYDZIANE SEROWE DZIK®  ‑ 12 SZT.,https://wkdzik.pl/dzik-wafle-kukurydziane-low-fat-ser-12szt,8.50,,,{},results\images\wafle-kukurydziane-serowe-dzik-12-szt\19_13ccd5e7.jpg;results\images\wafle-kukurydziane-serowe-dzik-12-szt\23_e1a901d1.jpg,ODŻYWIANIE
WAFLE KUKURYDZIANE ZIELONA CEBULKA DZIK® ‑ 12 SZT.,https://wkdzik.pl/wafle-zielona-cebulka-12szt,8.50,,,{},results\images\wafle-kukurydziane-zielona-cebulka-dzik-12-szt\19_fa6e5e86.jpg;results\images\wafle-kukurydziane-zielona-cebulka-dzik-12-szt\23_29136325.jpg,ODŻYWIANIE
Kawa Czekoladowa Headshot DZIK®,https://wkdzik.pl/kawa-dzik-headshot,8.50,,,{},results\images\kawa-czekoladowa-headshot-dzik\19_116382a3.jpg;results\images\kawa-czekoladowa-headshot-dzik\22_f5ce49ba.jpg,ODŻYWIANIE
DZIK® PIZZA PROTEINOWA KURCZAK ‑ BBQ,https://wkdzik.pl/pizza-proteinowa-kurczak-bbq-350g,8.50,,,{},results\images\dzik-pizza-proteinowa-kurczak-bbq\19_6c51e3b9.jpg;results\images\dzik-pizza-proteinowa-kurczak-bbq\22_ab3bd617.jpg,ODŻYWIANIE
LODY PROTEINOWE ŚMIETANKOWO ‑ CZEKOLADOWE DZIK®,https://wkdzik.pl/lody-proteinowe-dzik-czekoladowe,8.50,,,{},results\images\lody-proteinowe-śmietankowo-czekoladowe-dzik\19_e06115cb.jpg;results\images\lody-proteinowe-śmietankowo-czekoladowe-dzik\22_cb3ac77d.jpg,ODŻYWIANIE
Niskokaloryczna żywność,https://wkdzik.pl/odzywianie/3,8.50,,,{},results\images\niskokaloryczna-żywność\1_8b760369.webp;results\images\niskokaloryczna-żywność\2_aaa06a65.webp,ODŻYWIANIE
Niskokaloryczna żywność,https://wkdzik.pl/odzywianie/3/default/2,8.50,,,{},results\images\niskokaloryczna-żywność\1_8b760369.webp;results\images\niskokaloryczna-żywność\2_aaa06a65.webp,ODŻYWIANIE
Niskokaloryczna żywność,https://wkdzik.pl/odzywianie/3/default/3,8.50,,,{},results\images\niskokaloryczna-żywność\1_8b760369.webp;results\images\niskokaloryczna-żywność\2_aaa06a65.webp,ODŻYWIANIE
Niskokaloryczna żywność,https://wkdzik.pl/odzywianie/3/default/4,8.50,,,{},results\images\niskokaloryczna-żywność\1_8b760369.webp;results\images\niskokaloryczna-żywność\2_aaa06a65.webp,ODŻYWIANIE
LODY PROTEINOWE TOFFEE DZIK®,https://wkdzik.pl/lody-proteinowe-dzik-toffee,8.50,,,{},results\images\lody-proteinowe-toffee-dzik\19_4993ef50.jpg;results\images\lody-proteinowe-toffee-dzik\22_2f1cdbb7.jpg,ODŻYWIANIE
Batony proteinowe,https://wkdzik.pl/odzywianie/batony/1/default/2,8.50,,,{},results\images\batony-proteinowe\1_8b760369.webp;results\images\batony-proteinowe\2_aaa06a65.webp,ODŻYWIANIE > Batony
Batony proteinowe,https://wkdzik.pl/odzywianie/batony/1/default/3,8.50,,,{},results\images\batony-proteinowe\1_8b760369.webp;results\images\batony-proteinowe\2_aaa06a65.webp,ODŻYWIANIE > Batony
Batony proteinowe,https://wkdzik.pl/odzywianie/batony/1/default/4,8.50,,,{},results\images\batony-proteinowe\1_8b760369.webp;results\images\batony-proteinowe\2_aaa06a65.webp,ODŻYWIANIE > Batony
Batony proteinowe,https://wkdzik.pl/odzywianie/batony/1/default/1/f_at_43_233/1,8.50,,,{},results\images\batony-proteinowe\1_8b760369.webp;results\images\batony-proteinowe\2_aaa06a65.webp,ODŻYWIANIE > Batony
Batony proteinowe,https://wkdzik.pl/odzywianie/batony/1/default/1/f_availability_5/1,8.50,,,{},results\images\batony-proteinowe\1_8b760369.webp;results\images\batony-proteinowe\2_aaa06a65.webp,ODŻYWIANIE > Batony
Chipsy proteinowe,https://wkdzik.pl/odzywianie/chipsy/1/default/2,8.50,,,{},results\images\chipsy-proteinowe\1_8b760369.webp;results\images\chipsy-proteinowe\2_aaa06a65.webp,ODŻYWIANIE > Chipsy
Chipsy proteinowe,https://wkdzik.pl/odzywianie/chipsy/1/default/3,8.50,,,{},results\images\chipsy-proteinowe\1_8b760369.webp;results\images\chipsy-proteinowe\2_aaa06a65.webp,ODŻYWIANIE > Chipsy
Chipsy proteinowe,https://wkdzik.pl/odzywianie/chipsy/1/default/4,8.50,,,{},results\images\chipsy-proteinowe\1_8b760369.webp;results\images\chipsy-proteinowe\2_aaa06a65.webp,ODŻYWIANIE > Chipsy
Chipsy proteinowe,https://wkdzik.pl/odzywianie/chipsy/1/default/1/f_availability_5/1,8.50,,,{},results\images\chipsy-proteinowe\1_8b760369.webp;results\images\chipsy-proteinowe\2_aaa06a65.webp,ODŻYWIANIE > Chipsy
Lody proteinowe,https://wkdzik.pl/odzywianie/lody-proteinowe/1/default/2,8.50,,,{},results\images\lody-proteinowe\1_8b760369.webp;results\images\lody-proteinowe\2_aaa06a65.webp,ODŻYWIANIE > Lody proteinowe
Lody proteinowe,https://wkdzik.pl/odzywianie/lody-proteinowe/1/default/3,8.50,,,{},results\images\lody-proteinowe\1_8b760369.webp;results\images\lody-proteinowe\2_aaa06a65.webp,ODŻYWIANIE > Lody proteinowe
Lody proteinowe,https://wkdzik.pl/odzywianie/lody-proteinowe/1/default/4,8.50,,,{},results\images\lody-proteinowe\1_8b760369.webp;results\images\lody-proteinowe\2_aaa06a65.webp,ODŻYWIANIE > Lody proteinowe
Lody proteinowe,https://wkdzik.pl/odzywianie/lody-proteinowe/1/default/1/f_availability_10/1,8.50,,,{},results\images\lody-proteinowe\1_8b760369.webp;results\images\lody-proteinowe\2_aaa06a65.webp,ODŻYWIANIE > Lody proteinowe
Kawa energetyczna,https://wkdzik.pl/odzywianie/kawy/1/default/2,8.50,,,{},results\images\kawa-energetyczna\1_8b760369.webp;results\images\kawa-energetyczna\2_aaa06a65.webp,ODŻYWIANIE > Kawy
Kawa energetyczna,https://wkdzik.pl/odzywianie/kawy/1/default/3,8.50,,,{},results\images\kawa-energetyczna\1_8b760369.webp;results\images\kawa-energetyczna\2_aaa06a65.webp,ODŻYWIANIE > Kawy
Kawa energetyczna,https://wkdzik.pl/odzywianie/kawy/1/default/4,8.50,,,{},results\images\kawa-energetyczna\1_8b760369.webp;results\images\kawa-energetyczna\2_aaa06a65.webp,ODŻYWIANIE > Kawy
Kawa energetyczna,https://wkdzik.pl/odzywianie/kawy/1/default/1/f_at_43_200/1,8.50,,,{},results\images\kawa-energetyczna\1_8b760369.webp;results\images\kawa-energetyczna\2_aaa06a65.webp,ODŻYWIANIE > Kawy
Kawa energetyczna,https://wkdzik.pl/odzywianie/kawy/1/default/1/f_availability_5/1,8.50,,,{},results\images\kawa-energetyczna\1_8b760369.webp;results\images\kawa-energetyczna\2_aaa06a65.webp,ODŻYWIANIE > Kawy
Sosy niskokaloryczne,https://wkdzik.pl/odzywianie/sosy-zero-kalorii/1/default/2,8.50,,,{},results\images\sosy-niskokaloryczne\1_8b760369.webp;results\images\sosy-niskokaloryczne\2_aaa06a65.webp,ODŻYWIANIE > Sosy zero
Sosy niskokaloryczne,https://wkdzik.pl/odzywianie/sosy-zero-kalorii/1/default/3,8.50,,,{},results\images\sosy-niskokaloryczne\1_8b760369.webp;results\images\sosy-niskokaloryczne\2_aaa06a65.webp,ODŻYWIANIE > Sosy zero
Sosy niskokaloryczne,https://wkdzik.pl/odzywianie/sosy-zero-kalorii/1/default/4,8.50,,,{},results\images\sosy-niskokaloryczne\1_8b760369.webp;results\images\sosy-niskokaloryczne\2_aaa06a65.webp,ODŻYWIANIE > Sosy zero
Sosy niskokaloryczne,https://wkdzik.pl/odzywianie/sosy-zero-kalorii/1/default/1/f_availability_2/1,8.50,,,{},results\images\sosy-niskokaloryczne\1_8b760369.webp;results\images\sosy-niskokaloryczne\2_aaa06a65.webp,ODŻYWIANIE > Sosy zero
Sosy niskokaloryczne,https://wkdzik.pl/odzywianie/sosy-zero-kalorii/1/default/1/f_availability_5/1,8.50,,,{},results\images\sosy-niskokaloryczne\1_8b760369.webp;results\images\sosy-niskokaloryczne\2_aaa06a65.webp,ODŻYWIANIE > Sosy zero
Wafle kukurydziane i ryżowe,https://wkdzik.pl/odzywianie/wafle/1/default/2,8.50,,,{},results\images\wafle-kukurydziane-i-ryżowe\1_8b760369.webp;results\images\wafle-kukurydziane-i-ryżowe\2_aaa06a65.webp,ODŻYWIANIE > Wafle
Wafle kukurydziane i ryżowe,https://wkdzik.pl/odzywianie/wafle/1/default/3,8.50,,,{},results\images\wafle-kukurydziane-i-ryżowe\1_8b760369.webp;results\images\wafle-kukurydziane-i-ryżowe\2_aaa06a65.webp,ODŻYWIANIE > Wafle
Wafle kukurydziane i ryżowe,https://wkdzik.pl/odzywianie/wafle/1/default/4,8.50,,,{},results\images\wafle-kukurydziane-i-ryżowe\1_8b760369.webp;results\images\wafle-kukurydziane-i-ryżowe\2_aaa06a65.webp,ODŻYWIANIE > Wafle
Wafle kukurydziane i ryżowe,https://wkdzik.pl/odzywianie/wafle/1/default/1/f_at_43_199/1,8.50,,,{},results\images\wafle-kukurydziane-i-ryżowe\1_8b760369.webp;results\images\wafle-kukurydziane-i-ryżowe\2_aaa06a65.webp,ODŻYWIANIE > Wafle
Wafle kukurydziane i ryżowe,https://wkdzik.pl/odzywianie/wafle/1/default/1/f_availability_4/1,8.50,,,{},results\images\wafle-kukurydziane-i-ryżowe\1_8b760369.webp;results\images\wafle-kukurydziane-i-ryżowe\2_aaa06a65.webp,ODŻYWIANIE > Wafle
Wafle kukurydziane i ryżowe,https://wkdzik.pl/odzywianie/wafle/1/default/1/f_availability_5/1,8.50,,,{},results\images\wafle-kukurydziane-i-ryżowe\1_8b760369.webp;results\images\wafle-kukurydziane-i-ryżowe\2_aaa06a65.webp,ODŻYWIANIE > Wafle
Zestawy fit żywności,https://wkdzik.pl/odzywianie/zestawy/1/default/2,8.50,,,{},results\images\zestawy-fit-żywności\1_8b760369.webp;results\images\zestawy-fit-żywności\2_aaa06a65.webp,ODŻYWIANIE > Zestawy
Zestawy fit żywności,https://wkdzik.pl/odzywianie/zestawy/1/default/3,8.50,,,{},results\images\zestawy-fit-żywności\1_8b760369.webp;results\images\zestawy-fit-żywności\2_aaa06a65.webp,ODŻYWIANIE > Zestawy
Zestawy fit żywności,https://wkdzik.pl/odzywianie/zestawy/1/default/4,8.50,,,{},results\images\zestawy-fit-żywności\1_8b760369.webp;results\images\zestawy-fit-żywności\2_aaa06a65.webp,ODŻYWIANIE > Zestawy
Zestawy fit żywności,https://wkdzik.pl/odzywianie/zestawy/1/default/1/f_availability_2/1,8.50,,,{},results\images\zestawy-fit-żywności\1_8b760369.webp;results\images\zestawy-fit-żywności\2_aaa06a65.webp,ODŻYWIANIE > Zestawy
Zestawy fit żywności,https://wkdzik.pl/odzywianie/zestawy/1/default/1/f_availability_5/1,8.50,,,{},results\images\zestawy-fit-żywności\1_8b760369.webp;results\images\zestawy-fit-żywności\2_aaa06a65.webp,ODŻYWIANIE > Zestawy
Suplementy na siłownie,https://wkdzik.pl/suplementy/1/default/2,8.50,,,{},results\images\suplementy-na-siłownie\1_8b760369.webp;results\images\suplementy-na-siłownie\2_aaa06a65.webp,SUPLEMENTY
Suplementy na siłownie,https://wkdzik.pl/suplementy/1/default/3,8.50,,,{},results\images\suplementy-na-siłownie\1_8b760369.webp;results\images\suplementy-na-siłownie\2_aaa06a65.webp,SUPLEMENTY
Suplementy na siłownie,https://wkdzik.pl/suplementy/1/default/4,8.50,,,{},results\images\suplementy-na-siłownie\1_8b760369.webp;results\images\suplementy-na-siłownie\2_aaa06a65.webp,SUPLEMENTY
Suplementy na siłownie,https://wkdzik.pl/suplementy/1/default/1/f_ov_77_589/1,8.50,,,{},results\images\suplementy-na-siłownie\1_8b760369.webp;results\images\suplementy-na-siłownie\2_aaa06a65.webp,SUPLEMENTY
Suplementy na siłownie,https://wkdzik.pl/suplementy/1/default/1/f_ov_77_590/1,8.50,,,{},results\images\suplementy-na-siłownie\1_8b760369.webp;results\images\suplementy-na-siłownie\2_aaa06a65.webp,SUPLEMENTY
Suplementy na siłownie,https://wkdzik.pl/suplementy/1/default/1/f_ov_78_591/1,8.50,,,{},results\images\suplementy-na-siłownie\1_8b760369.webp;results\images\suplementy-na-siłownie\2_aaa06a65.webp,SUPLEMENTY
Suplementy na siłownie,https://wkdzik.pl/suplementy/1/default/1/f_ov_78_642/1,8.50,,,{},results\images\suplementy-na-siłownie\1_8b760369.webp;results\images\suplementy-na-siłownie\2_aaa06a65.webp,SUPLEMENTY
Suplementy na siłownie,https://wkdzik.pl/suplementy/1/default/1/f_ov_79_597/1,8.50,,,{},results\images\suplementy-na-siłownie\1_8b760369.webp;results\images\suplementy-na-siłownie\2_aaa06a65.webp,SUPLEMENTY
Suplementy na siłownie,https://wkdzik.pl/suplementy/1/default/1/f_ov_79_594/1,8.50,,,{},results\images\suplementy-na-siłownie\1_8b760369.webp;results\images\suplementy-na-siłownie\2_aaa06a65.webp,SUPLEMENTY
Suplementy na siłownie,https://wkdzik.pl/suplementy/1/default/1/f_ov_79_595/1,8.50,,,{},results\images\suplementy-na-siłownie\1_8b760369.webp;results\images\suplementy-na-siłownie\2_aaa06a65.webp,SUPLEMENTY
Suplementy na siłownie,https://wkdzik.pl/suplementy/1/default/1/f_ov_79_632/1,8.50,,,{},results\images\suplementy-na-siłownie\1_8b760369.webp;results\images\suplementy-na-siłownie\2_aaa06a65.webp,SUPLEMENTY
Suplementy na siłownie,https://wkdzik.pl/suplementy/1/default/1/f_ov_79_633/1,8.50,,,{},results\images\suplementy-na-siłownie\1_8b760369.webp;results\images\suplementy-na-siłownie\2_aaa06a65.webp,SUPLEMENTY
Suplementy na siłownie,https://wkdzik.pl/suplementy/1/default/1/f_ov_79_645/1,8.50,,,{},results\images\suplementy-na-siłownie\1_8b760369.webp;results\images\suplementy-na-siłownie\2_aaa06a65.webp,SUPLEMENTY
Suplementy na siłownie,https://wkdzik.pl/suplementy/1/default/1/f_at_43_198/1,8.50,,,{},results\images\suplementy-na-siłownie\1_8b760369.webp;results\images\suplementy-na-siłownie\2_aaa06a65.webp,SUPLEMENTY
Suplementy na siłownie,https://wkdzik.pl/suplementy/1/default/1/f_availability_2/1,8.50,,,{},results\images\suplementy-na-siłownie\1_8b760369.webp;results\images\suplementy-na-siłownie\2_aaa06a65.webp,SUPLEMENTY
Suplementy na siłownie,https://wkdzik.pl/suplementy/1/default/1/f_availability_5/1,8.50,,,{},results\images\suplementy-na-siłownie\1_8b760369.webp;results\images\suplementy-na-siłownie\2_aaa06a65.webp,SUPLEMENTY
Suplementy na siłownie,https://wkdzik.pl/suplementy/1/default/1/f_availability_9/1,8.50,,,{},results\images\suplementy-na-siłownie\1_8b760369.webp;results\images\suplementy-na-siłownie\2_aaa06a65.webp,SUPLEMENTY
ZESTAW SEZONOWCA DZIK®,https://wkdzik.pl/pl/p/ZESTAW-SEZONOWCA-DZIK/3764,8.50,,,{},results\images\zestaw-sezonowca-dzik\19_4a368686.webp;results\images\zestaw-sezonowca-dzik\1_8b760369.webp,SUPLEMENTY
ZESTAW KREATYNA I CYTRULINA DZIK®,https://wkdzik.pl/pl/p/ZESTAW-KREATYNA-I-CYTRULINA-DZIK/3765,8.50,,,{},results\images\zestaw-kreatyna-i-cytrulina-dzik\19_585fc15e.jpg;results\images\zestaw-kreatyna-i-cytrulina-dzik\1_8b760369.webp,SUPLEMENTY
KREATYNA SOUR APPLE DZIK®,https://wkdzik.pl/pl/p/KREATYNA-SOUR-APPLE-DZIK/3741,8.50,,,{},results\images\kreatyna-sour-apple-dzik\19_f5626c9b.jpg;results\images\kreatyna-sour-apple-dzik\22_5336d412.jpg,SUPLEMENTY
KREATYNA GRAPE DZIK®,https://wkdzik.pl/pl/p/KREATYNA-GRAPE-DZIK/3739,8.50,,,{},results\images\kreatyna-grape-dzik\19_127dc6f5.jpg;results\images\kreatyna-grape-dzik\22_b73277c3.jpg,SUPLEMENTY
CYTRULINA GRAPE DZIK®,https://wkdzik.pl/pl/p/CYTRULINA-GRAPE-DZIK/3746,8.50,,,{},results\images\cytrulina-grape-dzik\19_71bb28d8.jpg;results\images\cytrulina-grape-dzik\22_317eadbc.jpg,SUPLEMENTY
CYTRULINA COLA LEMON DZIK®,https://wkdzik.pl/pl/p/CYTRULINA-COLA-LEMON-DZIK/3744,8.50,,,{},results\images\cytrulina-cola-lemon-dzik\19_8992ce25.jpg;results\images\cytrulina-cola-lemon-dzik\22_fd43af79.jpg,SUPLEMENTY
KREATYNA MANGO DZIK®,https://wkdzik.pl/pl/p/KREATYNA-MANGO-DZIK/3740,8.50,,,{},results\images\kreatyna-mango-dzik\19_4fb0562c.jpg;results\images\kreatyna-mango-dzik\22_3f60d60c.jpg,SUPLEMENTY
CYTRULINA CYTRYNOWA DZIK®,https://wkdzik.pl/pl/p/CYTRULINA-CYTRYNOWA-DZIK/3745,8.50,,,{},results\images\cytrulina-cytrynowa-dzik\19_1f069cb5.jpg;results\images\cytrulina-cytrynowa-dzik\22_39cbe3d2.jpg,SUPLEMENTY
KREATYNA TRUSKAWKA‑KIWI DZIK®,https://wkdzik.pl/pl/p/KREATYNA-TRUSKAWKA-KIWI-DZIK/3742,8.50,,,{},results\images\kreatyna-truskawkakiwi-dzik\19_5cab3f1a.jpg;results\images\kreatyna-truskawkakiwi-dzik\22_f9c8e9b2.jpg,SUPLEMENTY
CYTRULINA ARBUZOWA DZIK®,https://wkdzik.pl/pl/p/CYTRULINA-ARBUZOWA-DZIK/3743,8.50,,,{},results\images\cytrulina-arbuzowa-dzik\19_db94b666.jpg;results\images\cytrulina-arbuzowa-dzik\22_5aba703d.jpg,SUPLEMENTY
ODŻYWKA BIAŁKOWA BIAŁA CZEKOLADA DZIK®,https://wkdzik.pl/bialko-dobre-whey-700g-biala-czekolada-premium,8.50,,,{},results\images\odżywka-białkowa-biała-czekolada-dzik\19_149fdfd4.jpg;results\images\odżywka-białkowa-biała-czekolada-dzik\22_b3e5c5fb.jpg,SUPLEMENTY
ODŻYWKA BIAŁKOWA MLECZNY BATON DZIK®,https://wkdzik.pl/bialko-milki-whey-dobre-whey,8.50,,,{},results\images\odżywka-białkowa-mleczny-baton-dzik\19_2bd97f36.jpg;results\images\odżywka-białkowa-mleczny-baton-dzik\22_8500e779.jpg,SUPLEMENTY
PRZEDTRENINGÓWKA BOMBA WATERMELON DZIK®,https://wkdzik.pl/przedtreningowka-bomba-watermelon-dzik,8.50,,,{},results\images\przedtreningówka-bomba-watermelon-dzik\19_2df0fcc0.jpg;results\images\przedtreningówka-bomba-watermelon-dzik\23_eeb178fe.jpg,SUPLEMENTY
PRZEDTRENINGÓWKA BOMBA SOUR APPLE DZIK®,https://wkdzik.pl/przedtreningowka-bomba-sour-apple-dzik,8.50,,,{},results\images\przedtreningówka-bomba-sour-apple-dzik\19_bdc5e365.jpg;results\images\przedtreningówka-bomba-sour-apple-dzik\23_ab0b21f7.jpg,SUPLEMENTY
PRZEDTRENINGÓWKA BOMBA GRAPE DZIK®,https://wkdzik.pl/przedtreningowka-bomba-grape-dzik,8.50,,,{},results\images\przedtreningówka-bomba-grape-dzik\19_8231cbf8.jpg;results\images\przedtreningówka-bomba-grape-dzik\23_213973d8.jpg,SUPLEMENTY
PRZEDTRENINGÓWKA BOMBA COLA‑LEMON DZIK®,https://wkdzik.pl/przedtreningowka-bomba-cola-lemon-dzik,8.50,,,{},results\images\przedtreningówka-bomba-colalemon-dzik\19_dc439182.jpg;results\images\przedtreningówka-bomba-colalemon-dzik\23_67fa6fb9.jpg,SUPLEMENTY
PRZEDTRENINGÓWKA BOMBA MANGO DZIK®,https://wkdzik.pl/przedtreningowka-bomba-mango-dzik,8.50,,,{},results\images\przedtreningówka-bomba-mango-dzik\19_1ed61411.jpg;results\images\przedtreningówka-bomba-mango-dzik\23_249b0130.jpg,SUPLEMENTY
KWASY OMEGA 3 DZIK®,https://wkdzik.pl/pl/p/KWASY-OMEGA-3-DZIK/3753,8.50,,,{},results\images\kwasy-omega-3-dzik\19_a4f30056.jpg;results\images\kwasy-omega-3-dzik\22_733cebe9.jpg,SUPLEMENTY
Suplementy na siłownie,https://wkdzik.pl/suplementy/2,8.50,,,{},results\images\suplementy-na-siłownie\1_8b760369.webp;results\images\suplementy-na-siłownie\2_aaa06a65.webp,SUPLEMENTY
Suplementy na siłownie,https://wkdzik.pl/suplementy/2/default/2,8.50,,,{},results\images\suplementy-na-siłownie\1_8b760369.webp;results\images\suplementy-na-siłownie\2_aaa06a65.webp,SUPLEMENTY
Suplementy na siłownie,https://wkdzik.pl/suplementy/2/default/3,8.50,,,{},results\images\suplementy-na-siłownie\1_8b760369.webp;results\images\suplementy-na-siłownie\2_aaa06a65.webp,SUPLEMENTY
Suplementy na siłownie,https://wkdzik.pl/suplementy/2/default/4,8.50,,,{},results\images\suplementy-na-siłownie\1_8b760369.webp;results\images\suplementy-na-siłownie\2_aaa06a65.webp,SUPLEMENTY
BOMBA PREWORKOUT SHOT SOUR APPLE DZIK® ‑ 20 SZT.,https://wkdzik.pl/pl/p/BOMBA-PREWORKOUT-SHOT-SOUR-APPLE-DZIK-20-SZT./3734,8.50,,,{},results\images\bomba-preworkout-shot-sour-apple-dzik-20-szt\19_381a12db.jpg;results\images\bomba-preworkout-shot-sour-apple-dzik-20-szt\23_4eb32def.jpg,SUPLEMENTY
BOMBA PREWORKOUT SHOT SOUR APPLE DZIK®,https://wkdzik.pl/pl/p/BOMBA-PREWORKOUT-SHOT-SOUR-APPLE-DZIK/3730,8.50,,,{},results\images\bomba-preworkout-shot-sour-apple-dzik\19_99189c2e.jpg;results\images\bomba-preworkout-shot-sour-apple-dzik\22_0c994a95.jpg,SUPLEMENTY
Odżywki Białkowe DZIK® ‑ 2 sztuki,https://wkdzik.pl/zestaw-bialek,8.50,,,{},results\images\odżywki-białkowe-dzik-2-sztuki\19_fa258779.jpg;results\images\odżywki-białkowe-dzik-2-sztuki\23_f0378e5e.jpg,SUPLEMENTY
Żel Energetyczny Winogrono Grape DZIK® ‑ 6 sztuk,https://wkdzik.pl/zel-energetyczny-dzik-grape-6szt,8.50,,,{},results\images\żel-energetyczny-winogrono-grape-dzik-6-sztuk\19_b7688974.jpg;results\images\żel-energetyczny-winogrono-grape-dzik-6-sztuk\22_56e65dea.jpg,SUPLEMENTY
ŻEL ENERGETYCZNY CLASSIC DZIK® ‑ 6 SZT.,https://wkdzik.pl/zel-energetyczny-dzik-classic-6szt,8.50,,,{},results\images\żel-energetyczny-classic-dzik-6-szt\19_b88f2805.jpg;results\images\żel-energetyczny-classic-dzik-6-szt\22_dd43fcf5.jpg,SUPLEMENTY
Limitless Brain Booster DZIK®,https://wkdzik.pl/limitless,8.50,,,{},results\images\limitless-brain-booster-dzik\19_a0a69198.jpg;results\images\limitless-brain-booster-dzik\23_cd81beba.jpg,SUPLEMENTY
Żel Energetyczny Classic DZIK®,https://wkdzik.pl/zel-energetyczny-dzik-classic,8.50,,,{},results\images\żel-energetyczny-classic-dzik\19_af7ff264.jpg;results\images\żel-energetyczny-classic-dzik\22_356fde17.jpg,SUPLEMENTY
Żel Energetyczny Winogrono Grape DZIK®,https://wkdzik.pl/zel-energetyczny-dzik-grape,8.50,,,{},results\images\żel-energetyczny-winogrono-grape-dzik\19_3ec05e73.jpg;results\images\żel-energetyczny-winogrono-grape-dzik\22_aade2ae7.jpg,SUPLEMENTY
Żel Energetyczny Cytrynowy Lemon DZIK®,https://wkdzik.pl/zel-energetyczny-dzik-lemon,8.50,,,{},results\images\żel-energetyczny-cytrynowy-lemon-dzik\19_9b7c4b7d.jpg;results\images\żel-energetyczny-cytrynowy-lemon-dzik\22_e4a413cd.jpg,SUPLEMENTY
Żel Energetyczny Cytrynowy Lemon DZIK® ‑ 6 sztuk,https://wkdzik.pl/zel-energetyczny-dzik-lemon-6szt,8.50,,,{},results\images\żel-energetyczny-cytrynowy-lemon-dzik-6-sztuk\19_58a13f55.jpg;results\images\żel-energetyczny-cytrynowy-lemon-dzik-6-sztuk\22_4f38b4c5.jpg,SUPLEMENTY
WITAMINA C DZIK®,https://wkdzik.pl/pl/p/WITAMINA-C-DZIK/3754,8.50,,,{},results\images\witamina-c-dzik\19_8a15c4c8.jpg;results\images\witamina-c-dzik\22_cbc5e3ac.jpg,SUPLEMENTY
WITAMINA D3K2 DZIK®,https://wkdzik.pl/pl/p/WITAMINA-D3K2-DZIK/3755,8.50,,,{},results\images\witamina-d3k2-dzik\19_1072505b.jpg;results\images\witamina-d3k2-dzik\22_9ba43ad6.jpg,SUPLEMENTY
DOBRY SEN DZIK®,https://wkdzik.pl/pl/p/DOBRY-SEN-DZIK/3756,8.50,,,{},results\images\dobry-sen-dzik\19_05a75c40.jpg;results\images\dobry-sen-dzik\22_4aa1474c.jpg,SUPLEMENTY
CYNK DZIK®,https://wkdzik.pl/pl/p/CYNK-DZIK/3757,8.50,,,{},results\images\cynk-dzik\19_1fbd415a.jpg;results\images\cynk-dzik\22_5a264cea.jpg,SUPLEMENTY
MAGNEZ + WITAMINA B6 DZIK®,https://wkdzik.pl/pl/p/MAGNEZ-WITAMINA-B6-DZIK/3758,8.50,,,{},results\images\magnez-witamina-b6-dzik\19_64567fa4.jpg;results\images\magnez-witamina-b6-dzik\22_4785817d.jpg,SUPLEMENTY
MULTIWITAMINA DZIK®,https://wkdzik.pl/pl/p/MULTIWITAMINA-DZIK/3759,8.50,,,{},results\images\multiwitamina-dzik\19_eb5cb5d8.jpg;results\images\multiwitamina-dzik\22_ca28967d.jpg,SUPLEMENTY
Zestawy suplementów,https://wkdzik.pl/suplementy-i-odzywianie/zestawy/1/default/2,8.50,,,{},results\images\zestawy-suplementów\1_8b760369.webp;results\images\zestawy-suplementów\2_aaa06a65.webp,SUPLEMENTY > Zestawy
Zestawy suplementów,https://wkdzik.pl/suplementy-i-odzywianie/zestawy/1/default/3,8.50,,,{},results\images\zestawy-suplementów\1_8b760369.webp;results\images\zestawy-suplementów\2_aaa06a65.webp,SUPLEMENTY > Zestawy
Zestawy suplementów,https://wkdzik.pl/suplementy-i-odzywianie/zestawy/1/default/4,8.50,,,{},results\images\zestawy-suplementów\1_8b760369.webp;results\images\zestawy-suplementów\2_aaa06a65.webp,SUPLEMENTY > Zestawy
Zestawy suplementów,https://wkdzik.pl/suplementy-i-odzywianie/zestawy/1/default/1/f_ov_77_589/1,8.50,,,{},results\images\zestawy-suplementów\1_8b760369.webp;results\images\zestawy-suplementów\2_aaa06a65.webp,SUPLEMENTY > Zestawy
Zestawy suplementów,https://wkdzik.pl/suplementy-i-odzywianie/zestawy/1/default/1/f_ov_77_590/1,8.50,,,{},results\images\zestawy-suplementów\1_8b760369.webp;results\images\zestawy-suplementów\2_aaa06a65.webp,SUPLEMENTY > Zestawy
Zestawy suplementów,https://wkdzik.pl/suplementy-i-odzywianie/zestawy/1/default/1/f_ov_78_591/1,8.50,,,{},results\images\zestawy-suplementów\1_8b760369.webp;results\images\zestawy-suplementów\2_aaa06a65.webp,SUPLEMENTY > Zestawy
Zestawy suplementów,https://wkdzik.pl/suplementy-i-odzywianie/zestawy/1/default/1/f_ov_78_642/1,8.50,,,{},results\images\zestawy-suplementów\1_8b760369.webp;results\images\zestawy-suplementów\2_aaa06a65.webp,SUPLEMENTY > Zestawy
Zestawy suplementów,https://wkdzik.pl/suplementy-i-odzywianie/zestawy/1/default/1/f_ov_79_597/1,8.50,,,{},results\images\zestawy-suplementów\1_8b760369.webp;results\images\zestawy-suplementów\2_aaa06a65.webp,SUPLEMENTY > Zestawy
Zestawy suplementów,https://wkdzik.pl/suplementy-i-odzywianie/zestawy/1/default/1/f_ov_79_594/1,8.50,,,{},results\images\zestawy-suplementów\1_8b760369.webp;results\images\zestawy-suplementów\2_aaa06a65.webp,SUPLEMENTY > Zestawy
Zestawy suplementów,https://wkdzik.pl/suplementy-i-odzywianie/zestawy/1/default/1/f_ov_79_595/1,8.50,,,{},results\images\zestawy-suplementów\1_8b760369.webp;results\images\zestawy-suplementów\2_aaa06a65.webp,SUPLEMENTY > Zestawy
Zestawy suplementów,https://wkdzik.pl/suplementy-i-odzywianie/zestawy/1/default/1/f_ov_79_632/1,8.50,,,{},results\images\zestawy-suplementów\1_8b760369.webp;results\images\zestawy-suplementów\2_aaa06a65.webp,SUPLEMENTY > Zestawy
Zestawy suplementów,https://wkdzik.pl/suplementy-i-odzywianie/zestawy/1/default/1/f_ov_79_633/1,8.50,,,{},results\images\zestawy-suplementów\1_8b760369.webp;results\images\zestawy-suplementów\2_aaa06a65.webp,SUPLEMENTY > Zestawy
Zestawy suplementów,https://wkdzik.pl/suplementy-i-odzywianie/zestawy/1/default/1/f_ov_79_645/1,8.50,,,{},results\images\zestawy-suplementów\1_8b760369.webp;results\images\zestawy-suplementów\2_aaa06a65.webp,SUPLEMENTY > Zestawy
Zestawy suplementów,https://wkdzik.pl/suplementy-i-odzywianie/zestawy/1/default/1/f_availability_2/1,8.50,,,{},results\images\zestawy-suplementów\1_8b760369.webp;results\images\zestawy-suplementów\2_aaa06a65.webp,SUPLEMENTY > Zestawy
Zestawy suplementów,https://wkdzik.pl/suplementy-i-odzywianie/zestawy/1/default/1/f_availability_5/1,8.50,,,{},results\images\zestawy-suplementów\1_8b760369.webp;results\images\zestawy-suplementów\2_aaa06a65.webp,SUPLEMENTY > Zestawy
Białko serwatkowe,https://wkdzik.pl/suplementy/dobre-whey/1/default/2,8.50,,,{},results\images\białko-serwatkowe\1_8b760369.webp;results\images\białko-serwatkowe\2_aaa06a65.webp,SUPLEMENTY > Białka Dobre WHEY
Białko serwatkowe,https://wkdzik.pl/suplementy/dobre-whey/1/default/3,8.50,,,{},results\images\białko-serwatkowe\1_8b760369.webp;results\images\białko-serwatkowe\2_aaa06a65.webp,SUPLEMENTY > Białka Dobre WHEY
Białko serwatkowe,https://wkdzik.pl/suplementy/dobre-whey/1/default/4,8.50,,,{},results\images\białko-serwatkowe\1_8b760369.webp;results\images\białko-serwatkowe\2_aaa06a65.webp,SUPLEMENTY > Białka Dobre WHEY
Białko serwatkowe,https://wkdzik.pl/suplementy/dobre-whey/1/default/1/f_at_43_198/1,8.50,,,{},results\images\białko-serwatkowe\1_8b760369.webp;results\images\białko-serwatkowe\2_aaa06a65.webp,SUPLEMENTY > Białka Dobre WHEY
Białko serwatkowe,https://wkdzik.pl/suplementy/dobre-whey/1/default/1/f_availability_2/1,8.50,,,{},results\images\białko-serwatkowe\1_8b760369.webp;results\images\białko-serwatkowe\2_aaa06a65.webp,SUPLEMENTY > Białka Dobre WHEY
Białko serwatkowe,https://wkdzik.pl/suplementy/dobre-whey/1/default/1/f_availability_5/1,8.50,,,{},results\images\białko-serwatkowe\1_8b760369.webp;results\images\białko-serwatkowe\2_aaa06a65.webp,SUPLEMENTY > Białka Dobre WHEY
Kreatyna,https://wkdzik.pl/suplementy/kreatyna/1/default/2,8.50,,,{},results\images\kreatyna\1_8b760369.webp;results\images\kreatyna\2_aaa06a65.webp,SUPLEMENTY > Kreatyny
Kreatyna,https://wkdzik.pl/suplementy/kreatyna/1/default/3,8.50,,,{},results\images\kreatyna\1_8b760369.webp;results\images\kreatyna\2_aaa06a65.webp,SUPLEMENTY > Kreatyny
Kreatyna,https://wkdzik.pl/suplementy/kreatyna/1/default/4,8.50,,,{},results\images\kreatyna\1_8b760369.webp;results\images\kreatyna\2_aaa06a65.webp,SUPLEMENTY > Kreatyny
Kreatyna,https://wkdzik.pl/suplementy/kreatyna/1/default/1/f_availability_2/1,8.50,,,{},results\images\kreatyna\1_8b760369.webp;results\images\kreatyna\2_aaa06a65.webp,SUPLEMENTY > Kreatyny
Kreatyna,https://wkdzik.pl/suplementy/kreatyna/1/default/1/f_availability_5/1,8.50,,,{},results\images\kreatyna\1_8b760369.webp;results\images\kreatyna\2_aaa06a65.webp,SUPLEMENTY > Kreatyny
Cytrulina,https://wkdzik.pl/suplementy/cytrulina/1/default/2,8.50,,,{},results\images\cytrulina\1_8b760369.webp;results\images\cytrulina\2_aaa06a65.webp,SUPLEMENTY > Cytruliny
Cytrulina,https://wkdzik.pl/suplementy/cytrulina/1/default/3,8.50,,,{},results\images\cytrulina\1_8b760369.webp;results\images\cytrulina\2_aaa06a65.webp,SUPLEMENTY > Cytruliny
Cytrulina,https://wkdzik.pl/suplementy/cytrulina/1/default/4,8.50,,,{},results\images\cytrulina\1_8b760369.webp;results\images\cytrulina\2_aaa06a65.webp,SUPLEMENTY > Cytruliny
Cytrulina,https://wkdzik.pl/suplementy/cytrulina/1/default/1/f_availability_2/1,8.50,,,{},results\images\cytrulina\1_8b760369.webp;results\images\cytrulina\2_aaa06a65.webp,SUPLEMENTY > Cytruliny
Cytrulina,https://wkdzik.pl/suplementy/cytrulina/1/default/1/f_availability_5/1,8.50,,,{},results\images\cytrulina\1_8b760369.webp;results\images\cytrulina\2_aaa06a65.webp,SUPLEMENTY > Cytruliny
Cytrulina,https://wkdzik.pl/suplementy/cytrulina/1/default/1/f_availability_9/1,8.50,,,{},results\images\cytrulina\1_8b760369.webp;results\images\cytrulina\2_aaa06a65.webp,SUPLEMENTY > Cytruliny
Przedtreningówki,https://wkdzik.pl/suplementy/przedtreningowki/1/default/2,8.50,,,{},results\images\przedtreningówki\1_8b760369.webp;results\images\przedtreningówki\2_aaa06a65.webp,SUPLEMENTY > Przedtreningówki
Przedtreningówki,https://wkdzik.pl/suplementy/przedtreningowki/1/default/3,8.50,,,{},results\images\przedtreningówki\1_8b760369.webp;results\images\przedtreningówki\2_aaa06a65.webp,SUPLEMENTY > Przedtreningówki
Przedtreningówki,https://wkdzik.pl/suplementy/przedtreningowki/1/default/4,8.50,,,{},results\images\przedtreningówki\1_8b760369.webp;results\images\przedtreningówki\2_aaa06a65.webp,SUPLEMENTY > Przedtreningówki
Przedtreningówki,https://wkdzik.pl/suplementy/przedtreningowki/1/default/1/f_at_43_198/1,8.50,,,{},results\images\przedtreningówki\1_8b760369.webp;results\images\przedtreningówki\2_aaa06a65.webp,SUPLEMENTY > Przedtreningówki
Przedtreningówki,https://wkdzik.pl/suplementy/przedtreningowki/1/default/1/f_availability_5/1,8.50,,,{},results\images\przedtreningówki\1_8b760369.webp;results\images\przedtreningówki\2_aaa06a65.webp,SUPLEMENTY > Przedtreningówki
Witaminy dla aktywnych,https://wkdzik.pl/suplementy/witaminy/1/default/2,8.50,,,{},results\images\witaminy-dla-aktywnych\1_8b760369.webp;results\images\witaminy-dla-aktywnych\2_aaa06a65.webp,SUPLEMENTY > Witaminy
Witaminy dla aktywnych,https://wkdzik.pl/suplementy/witaminy/1/default/3,8.50,,,{},results\images\witaminy-dla-aktywnych\1_8b760369.webp;results\images\witaminy-dla-aktywnych\2_aaa06a65.webp,SUPLEMENTY > Witaminy
Witaminy dla aktywnych,https://wkdzik.pl/suplementy/witaminy/1/default/4,8.50,,,{},results\images\witaminy-dla-aktywnych\1_8b760369.webp;results\images\witaminy-dla-aktywnych\2_aaa06a65.webp,SUPLEMENTY > Witaminy
Witaminy dla aktywnych,https://wkdzik.pl/suplementy/witaminy/1/default/1/f_availability_5/1,8.50,,,{},results\images\witaminy-dla-aktywnych\1_8b760369.webp;results\images\witaminy-dla-aktywnych\2_aaa06a65.webp,SUPLEMENTY > Witaminy
Witaminy dla aktywnych,https://wkdzik.pl/suplementy/witaminy/1/default/1/f_availability_9/1,8.50,,,{},results\images\witaminy-dla-aktywnych\1_8b760369.webp;results\images\witaminy-dla-aktywnych\2_aaa06a65.webp,SUPLEMENTY > Witaminy
Żele energetyczne,https://wkdzik.pl/suplementy/zele-energetyczne/1/default/2,8.50,,,{},results\images\żele-energetyczne\1_8b760369.webp;results\images\żele-energetyczne\2_aaa06a65.webp,SUPLEMENTY > Żele energetyczne
Żele energetyczne,https://wkdzik.pl/suplementy/zele-energetyczne/1/default/3,8.50,,,{},results\images\żele-energetyczne\1_8b760369.webp;results\images\żele-energetyczne\2_aaa06a65.webp,SUPLEMENTY > Żele energetyczne
Żele energetyczne,https://wkdzik.pl/suplementy/zele-energetyczne/1/default/4,8.50,,,{},results\images\żele-energetyczne\1_8b760369.webp;results\images\żele-energetyczne\2_aaa06a65.webp,SUPLEMENTY > Żele energetyczne
Żele energetyczne,https://wkdzik.pl/suplementy/zele-energetyczne/1/default/1/f_availability_5/1,8.50,,,{},results\images\żele-energetyczne\1_8b760369.webp;results\images\żele-energetyczne\2_aaa06a65.webp,SUPLEMENTY > Żele energetyczne
Ubrania sportowe,https://wkdzik.pl/ubrania/1/default/2,8.50,,,{},results\images\ubrania-sportowe\1_8b760369.webp;results\images\ubrania-sportowe\2_aaa06a65.webp,UBRANIA
Ubrania sportowe,https://wkdzik.pl/ubrania/1/default/3,8.50,,,{},results\images\ubrania-sportowe\1_8b760369.webp;results\images\ubrania-sportowe\2_aaa06a65.webp,UBRANIA
Ubrania sportowe,https://wkdzik.pl/ubrania/1/default/4,8.50,,,{},results\images\ubrania-sportowe\1_8b760369.webp;results\images\ubrania-sportowe\2_aaa06a65.webp,UBRANIA
Ubrania sportowe,https://wkdzik.pl/ubrania/1/default/1/f_ov_32_305/1,8.50,,,{},results\images\ubrania-sportowe\1_8b760369.webp;results\images\ubrania-sportowe\2_aaa06a65.webp,UBRANIA
Ubrania sportowe,https://wkdzik.pl/ubrania/1/default/1/f_ov_32_306/1,8.50,,,{},results\images\ubrania-sportowe\1_8b760369.webp;results\images\ubrania-sportowe\2_aaa06a65.webp,UBRANIA
Ubrania sportowe,https://wkdzik.pl/ubrania/1/default/1/f_ov_32_307/1,8.50,,,{},results\images\ubrania-sportowe\1_8b760369.webp;results\images\ubrania-sportowe\2_aaa06a65.webp,UBRANIA
Ubrania sportowe,https://wkdzik.pl/ubrania/1/default/1/f_ov_32_308/1,8.50,,,{},results\images\ubrania-sportowe\1_8b760369.webp;results\images\ubrania-sportowe\2_aaa06a65.webp,UBRANIA
Ubrania sportowe,https://wkdzik.pl/ubrania/1/default/1/f_ov_32_309/1,8.50,,,{},results\images\ubrania-sportowe\1_8b760369.webp;results\images\ubrania-sportowe\2_aaa06a65.webp,UBRANIA
Ubrania sportowe,https://wkdzik.pl/ubrania/1/default/1/f_ov_32_310/1,8.50,,,{},results\images\ubrania-sportowe\1_8b760369.webp;results\images\ubrania-sportowe\2_aaa06a65.webp,UBRANIA
Ubrania sportowe,https://wkdzik.pl/ubrania/1/default/1/f_ov_32_325/1,8.50,,,{},results\images\ubrania-sportowe\1_8b760369.webp;results\images\ubrania-sportowe\2_aaa06a65.webp,UBRANIA
Ubrania sportowe,https://wkdzik.pl/ubrania/1/default/1/f_ov_32_326/1,8.50,,,{},results\images\ubrania-sportowe\1_8b760369.webp;results\images\ubrania-sportowe\2_aaa06a65.webp,UBRANIA
Ubrania sportowe,https://wkdzik.pl/ubrania/1/default/1/f_ov_32_321/1,8.50,,,{},results\images\ubrania-sportowe\1_8b760369.webp;results\images\ubrania-sportowe\2_aaa06a65.webp,UBRANIA
Ubrania sportowe,https://wkdzik.pl/ubrania/1/default/1/f_ov_32_322/1,8.50,,,{},results\images\ubrania-sportowe\1_8b760369.webp;results\images\ubrania-sportowe\2_aaa06a65.webp,UBRANIA
Ubrania sportowe,https://wkdzik.pl/ubrania/1/default/1/f_ov_32_323/1,8.50,,,{},results\images\ubrania-sportowe\1_8b760369.webp;results\images\ubrania-sportowe\2_aaa06a65.webp,UBRANIA
Ubrania sportowe,https://wkdzik.pl/ubrania/1/default/1/f_ov_32_678/1,8.50,,,{},results\images\ubrania-sportowe\1_8b760369.webp;results\images\ubrania-sportowe\2_aaa06a65.webp,UBRANIA
Ubrania sportowe,https://wkdzik.pl/ubrania/1/default/1/f_ov_32_679/1,8.50,,,{},results\images\ubrania-sportowe\1_8b760369.webp;results\images\ubrania-sportowe\2_aaa06a65.webp,UBRANIA
Ubrania sportowe,https://wkdzik.pl/ubrania/1/default/1/f_ov_32_680/1,8.50,,,{},results\images\ubrania-sportowe\1_8b760369.webp;results\images\ubrania-sportowe\2_aaa06a65.webp,UBRANIA
Ubrania sportowe,https://wkdzik.pl/ubrania/1/default/1/f_at_65_416/1,8.50,,,{},results\images\ubrania-sportowe\1_8b760369.webp;results\images\ubrania-sportowe\2_aaa06a65.webp,UBRANIA
Ubrania sportowe,https://wkdzik.pl/ubrania/1/default/1/f_at_65_417/1,8.50,,,{},results\images\ubrania-sportowe\1_8b760369.webp;results\images\ubrania-sportowe\2_aaa06a65.webp,UBRANIA
Ubrania sportowe,https://wkdzik.pl/ubrania/1/default/1/f_at_65_418/1,8.50,,,{},results\images\ubrania-sportowe\1_8b760369.webp;results\images\ubrania-sportowe\2_aaa06a65.webp,UBRANIA
Ubrania sportowe,https://wkdzik.pl/ubrania/1/default/1/f_at_44_310/1,8.50,,,{},results\images\ubrania-sportowe\1_8b760369.webp;results\images\ubrania-sportowe\2_aaa06a65.webp,UBRANIA
Ubrania sportowe,https://wkdzik.pl/ubrania/1/default/1/f_at_44_43/1,8.50,,,{},results\images\ubrania-sportowe\1_8b760369.webp;results\images\ubrania-sportowe\2_aaa06a65.webp,UBRANIA
Ubrania sportowe,https://wkdzik.pl/ubrania/1/default/1/f_at_44_292/1,8.50,,,{},results\images\ubrania-sportowe\1_8b760369.webp;results\images\ubrania-sportowe\2_aaa06a65.webp,UBRANIA
Ubrania sportowe,https://wkdzik.pl/ubrania/1/default/1/f_at_44_293/1,8.50,,,{},results\images\ubrania-sportowe\1_8b760369.webp;results\images\ubrania-sportowe\2_aaa06a65.webp,UBRANIA
Ubrania sportowe,https://wkdzik.pl/ubrania/1/default/1/f_at_44_294/1,8.50,,,{},results\images\ubrania-sportowe\1_8b760369.webp;results\images\ubrania-sportowe\2_aaa06a65.webp,UBRANIA
Ubrania sportowe,https://wkdzik.pl/ubrania/1/default/1/f_at_44_295/1,8.50,,,{},results\images\ubrania-sportowe\1_8b760369.webp;results\images\ubrania-sportowe\2_aaa06a65.webp,UBRANIA
Ubrania sportowe,https://wkdzik.pl/ubrania/1/default/1/f_at_44_296/1,8.50,,,{},results\images\ubrania-sportowe\1_8b760369.webp;results\images\ubrania-sportowe\2_aaa06a65.webp,UBRANIA
Ubrania sportowe,https://wkdzik.pl/ubrania/1/default/1/f_at_44_297/1,8.50,,,{},results\images\ubrania-sportowe\1_8b760369.webp;results\images\ubrania-sportowe\2_aaa06a65.webp,UBRANIA
Ubrania sportowe,https://wkdzik.pl/ubrania/1/default/1/f_at_44_298/1,8.50,,,{},results\images\ubrania-sportowe\1_8b760369.webp;results\images\ubrania-sportowe\2_aaa06a65.webp,UBRANIA
Ubrania sportowe,https://wkdzik.pl/ubrania/1/default/1/f_at_44_299/1,8.50,,,{},results\images\ubrania-sportowe\1_8b760369.webp;results\images\ubrania-sportowe\2_aaa06a65.webp,UBRANIA
Ubrania sportowe,https://wkdzik.pl/ubrania/1/default/1/f_at_44_300/1,8.50,,,{},results\images\ubrania-sportowe\1_8b760369.webp;results\images\ubrania-sportowe\2_aaa06a65.webp,UBRANIA
Ubrania sportowe,https://wkdzik.pl/ubrania/1/default/1/f_at_44_302/1,8.50,,,{},results\images\ubrania-sportowe\1_8b760369.webp;results\images\ubrania-sportowe\2_aaa06a65.webp,UBRANIA
Ubrania sportowe,https://wkdzik.pl/ubrania/1/default/1/f_at_44_305/1,8.50,,,{},results\images\ubrania-sportowe\1_8b760369.webp;results\images\ubrania-sportowe\2_aaa06a65.webp,UBRANIA
Ubrania sportowe,https://wkdzik.pl/ubrania/1/default/1/f_at_44_306/1,8.50,,,{},results\images\ubrania-sportowe\1_8b760369.webp;results\images\ubrania-sportowe\2_aaa06a65.webp,UBRANIA
Ubrania sportowe,https://wkdzik.pl/ubrania/1/default/1/f_at_44_308/1,8.50,,,{},results\images\ubrania-sportowe\1_8b760369.webp;results\images\ubrania-sportowe\2_aaa06a65.webp,UBRANIA
Ubrania sportowe,https://wkdzik.pl/ubrania/1/default/1/f_at_44_314/1,8.50,,,{},results\images\ubrania-sportowe\1_8b760369.webp;results\images\ubrania-sportowe\2_aaa06a65.webp,UBRANIA
Ubrania sportowe,https://wkdzik.pl/ubrania/1/default/1/f_at_44_315/1,8.50,,,{},results\images\ubrania-sportowe\1_8b760369.webp;results\images\ubrania-sportowe\2_aaa06a65.webp,UBRANIA
Ubrania sportowe,https://wkdzik.pl/ubrania/1/default/1/f_at_46_316/1,8.50,,,{},results\images\ubrania-sportowe\1_8b760369.webp;results\images\ubrania-sportowe\2_aaa06a65.webp,UBRANIA
Ubrania sportowe,https://wkdzik.pl/ubrania/1/default/1/f_at_46_317/1,8.50,,,{},results\images\ubrania-sportowe\1_8b760369.webp;results\images\ubrania-sportowe\2_aaa06a65.webp,UBRANIA
Ubrania sportowe,https://wkdzik.pl/ubrania/1/default/1/f_at_46_318/1,8.50,,,{},results\images\ubrania-sportowe\1_8b760369.webp;results\images\ubrania-sportowe\2_aaa06a65.webp,UBRANIA
Ubrania sportowe,https://wkdzik.pl/ubrania/1/default/1/f_at_46_319/1,8.50,,,{},results\images\ubrania-sportowe\1_8b760369.webp;results\images\ubrania-sportowe\2_aaa06a65.webp,UBRANIA
Ubrania sportowe,https://wkdzik.pl/ubrania/1/default/1/f_at_46_355/1,8.50,,,{},results\images\ubrania-sportowe\1_8b760369.webp;results\images\ubrania-sportowe\2_aaa06a65.webp,UBRANIA
Ubrania sportowe,https://wkdzik.pl/ubrania/1/default/1/f_at_46_358/1,8.50,,,{},results\images\ubrania-sportowe\1_8b760369.webp;results\images\ubrania-sportowe\2_aaa06a65.webp,UBRANIA
Ubrania sportowe,https://wkdzik.pl/ubrania/1/default/1/f_at_46_435/1,8.50,,,{},results\images\ubrania-sportowe\1_8b760369.webp;results\images\ubrania-sportowe\2_aaa06a65.webp,UBRANIA
Ubrania sportowe,https://wkdzik.pl/ubrania/1/default/1/f_at_3_31/1,8.50,,,{},results\images\ubrania-sportowe\1_8b760369.webp;results\images\ubrania-sportowe\2_aaa06a65.webp,UBRANIA
Ubrania sportowe,https://wkdzik.pl/ubrania/1/default/1/f_at_3_35/1,8.50,,,{},results\images\ubrania-sportowe\1_8b760369.webp;results\images\ubrania-sportowe\2_aaa06a65.webp,UBRANIA
Ubrania sportowe,https://wkdzik.pl/ubrania/1/default/1/f_at_3_421/1,8.50,,,{},results\images\ubrania-sportowe\1_8b760369.webp;results\images\ubrania-sportowe\2_aaa06a65.webp,UBRANIA
Ubrania sportowe,https://wkdzik.pl/ubrania/1/default/1/f_at_3_422/1,8.50,,,{},results\images\ubrania-sportowe\1_8b760369.webp;results\images\ubrania-sportowe\2_aaa06a65.webp,UBRANIA
Ubrania sportowe,https://wkdzik.pl/ubrania/1/default/1/f_at_3_423/1,8.50,,,{},results\images\ubrania-sportowe\1_8b760369.webp;results\images\ubrania-sportowe\2_aaa06a65.webp,UBRANIA
Ubrania sportowe,https://wkdzik.pl/ubrania/1/default/1/f_at_3_425/1,8.50,,,{},results\images\ubrania-sportowe\1_8b760369.webp;results\images\ubrania-sportowe\2_aaa06a65.webp,UBRANIA
Ubrania sportowe,https://wkdzik.pl/ubrania/1/default/1/f_at_3_428/1,8.50,,,{},results\images\ubrania-sportowe\1_8b760369.webp;results\images\ubrania-sportowe\2_aaa06a65.webp,UBRANIA
Ubrania sportowe,https://wkdzik.pl/ubrania/1/default/1/f_at_3_434/1,8.50,,,{},results\images\ubrania-sportowe\1_8b760369.webp;results\images\ubrania-sportowe\2_aaa06a65.webp,UBRANIA
Ubrania sportowe,https://wkdzik.pl/ubrania/1/default/1/f_at_3_440/1,8.50,,,{},results\images\ubrania-sportowe\1_8b760369.webp;results\images\ubrania-sportowe\2_aaa06a65.webp,UBRANIA
Ubrania sportowe,https://wkdzik.pl/ubrania/1/default/1/f_at_43_42/1,8.50,,,{},results\images\ubrania-sportowe\1_8b760369.webp;results\images\ubrania-sportowe\2_aaa06a65.webp,UBRANIA
Ubrania sportowe,https://wkdzik.pl/ubrania/1/default/1/f_at_43_164/1,8.50,,,{},results\images\ubrania-sportowe\1_8b760369.webp;results\images\ubrania-sportowe\2_aaa06a65.webp,UBRANIA
Ubrania sportowe,https://wkdzik.pl/ubrania/1/default/1/f_at_43_166/1,8.50,,,{},results\images\ubrania-sportowe\1_8b760369.webp;results\images\ubrania-sportowe\2_aaa06a65.webp,UBRANIA
Ubrania sportowe,https://wkdzik.pl/ubrania/1/default/1/f_at_43_167/1,8.50,,,{},results\images\ubrania-sportowe\1_8b760369.webp;results\images\ubrania-sportowe\2_aaa06a65.webp,UBRANIA
Ubrania sportowe,https://wkdzik.pl/ubrania/1/default/1/f_at_43_168/1,8.50,,,{},results\images\ubrania-sportowe\1_8b760369.webp;results\images\ubrania-sportowe\2_aaa06a65.webp,UBRANIA
Ubrania sportowe,https://wkdzik.pl/ubrania/1/default/1/f_at_43_169/1,8.50,,,{},results\images\ubrania-sportowe\1_8b760369.webp;results\images\ubrania-sportowe\2_aaa06a65.webp,UBRANIA
Ubrania sportowe,https://wkdzik.pl/ubrania/1/default/1/f_at_43_171/1,8.50,,,{},results\images\ubrania-sportowe\1_8b760369.webp;results\images\ubrania-sportowe\2_aaa06a65.webp,UBRANIA
Ubrania sportowe,https://wkdzik.pl/ubrania/1/default/1/f_at_43_173/1,8.50,,,{},results\images\ubrania-sportowe\1_8b760369.webp;results\images\ubrania-sportowe\2_aaa06a65.webp,UBRANIA
Ubrania sportowe,https://wkdzik.pl/ubrania/1/default/1/f_at_43_174/1,8.50,,,{},results\images\ubrania-sportowe\1_8b760369.webp;results\images\ubrania-sportowe\2_aaa06a65.webp,UBRANIA
Ubrania sportowe,https://wkdzik.pl/ubrania/1/default/1/f_at_43_175/1,8.50,,,{},results\images\ubrania-sportowe\1_8b760369.webp;results\images\ubrania-sportowe\2_aaa06a65.webp,UBRANIA
Ubrania sportowe,https://wkdzik.pl/ubrania/1/default/1/f_at_43_176/1,8.50,,,{},results\images\ubrania-sportowe\1_8b760369.webp;results\images\ubrania-sportowe\2_aaa06a65.webp,UBRANIA
Ubrania sportowe,https://wkdzik.pl/ubrania/1/default/1/f_at_43_177/1,8.50,,,{},results\images\ubrania-sportowe\1_8b760369.webp;results\images\ubrania-sportowe\2_aaa06a65.webp,UBRANIA
Ubrania sportowe,https://wkdzik.pl/ubrania/1/default/1/f_at_43_178/1,8.50,,,{},results\images\ubrania-sportowe\1_8b760369.webp;results\images\ubrania-sportowe\2_aaa06a65.webp,UBRANIA
Ubrania sportowe,https://wkdzik.pl/ubrania/1/default/1/f_at_43_182/1,8.50,,,{},results\images\ubrania-sportowe\1_8b760369.webp;results\images\ubrania-sportowe\2_aaa06a65.webp,UBRANIA
Ubrania sportowe,https://wkdzik.pl/ubrania/1/default/1/f_at_43_184/1,8.50,,,{},results\images\ubrania-sportowe\1_8b760369.webp;results\images\ubrania-sportowe\2_aaa06a65.webp,UBRANIA
Ubrania sportowe,https://wkdzik.pl/ubrania/1/default/1/f_at_43_193/1,8.50,,,{},results\images\ubrania-sportowe\1_8b760369.webp;results\images\ubrania-sportowe\2_aaa06a65.webp,UBRANIA
Ubrania sportowe,https://wkdzik.pl/ubrania/1/default/1/f_at_43_427/1,8.50,,,{},results\images\ubrania-sportowe\1_8b760369.webp;results\images\ubrania-sportowe\2_aaa06a65.webp,UBRANIA
Ubrania sportowe,https://wkdzik.pl/ubrania/1/default/1/f_at_43_437/1,8.50,,,{},results\images\ubrania-sportowe\1_8b760369.webp;results\images\ubrania-sportowe\2_aaa06a65.webp,UBRANIA
Ubrania sportowe,https://wkdzik.pl/ubrania/1/default/1/f_at_43_438/1,8.50,,,{},results\images\ubrania-sportowe\1_8b760369.webp;results\images\ubrania-sportowe\2_aaa06a65.webp,UBRANIA
Ubrania sportowe,https://wkdzik.pl/ubrania/1/default/1/f_at_45_216/1,8.50,,,{},results\images\ubrania-sportowe\1_8b760369.webp;results\images\ubrania-sportowe\2_aaa06a65.webp,UBRANIA
Ubrania sportowe,https://wkdzik.pl/ubrania/1/default/1/f_at_45_430/1,8.50,,,{},results\images\ubrania-sportowe\1_8b760369.webp;results\images\ubrania-sportowe\2_aaa06a65.webp,UBRANIA
Ubrania sportowe,https://wkdzik.pl/ubrania/1/default/1/f_at_45_419/1,8.50,,,{},results\images\ubrania-sportowe\1_8b760369.webp;results\images\ubrania-sportowe\2_aaa06a65.webp,UBRANIA
Ubrania sportowe,https://wkdzik.pl/ubrania/1/default/1/f_at_45_220/1,8.50,,,{},results\images\ubrania-sportowe\1_8b760369.webp;results\images\ubrania-sportowe\2_aaa06a65.webp,UBRANIA
Ubrania sportowe,https://wkdzik.pl/ubrania/1/default/1/f_at_45_225/1,8.50,,,{},results\images\ubrania-sportowe\1_8b760369.webp;results\images\ubrania-sportowe\2_aaa06a65.webp,UBRANIA
Ubrania sportowe,https://wkdzik.pl/ubrania/1/default/1/f_at_45_228/1,8.50,,,{},results\images\ubrania-sportowe\1_8b760369.webp;results\images\ubrania-sportowe\2_aaa06a65.webp,UBRANIA
Ubrania sportowe,https://wkdzik.pl/ubrania/1/default/1/f_at_45_426/1,8.50,,,{},results\images\ubrania-sportowe\1_8b760369.webp;results\images\ubrania-sportowe\2_aaa06a65.webp,UBRANIA
Ubrania sportowe,https://wkdzik.pl/ubrania/1/default/1/f_availability_2/1,8.50,,,{},results\images\ubrania-sportowe\1_8b760369.webp;results\images\ubrania-sportowe\2_aaa06a65.webp,UBRANIA
Ubrania sportowe,https://wkdzik.pl/ubrania/1/default/1/f_availability_4/1,8.50,,,{},results\images\ubrania-sportowe\1_8b760369.webp;results\images\ubrania-sportowe\2_aaa06a65.webp,UBRANIA
Ubrania sportowe,https://wkdzik.pl/ubrania/1/default/1/f_availability_5/1,8.50,,,{},results\images\ubrania-sportowe\1_8b760369.webp;results\images\ubrania-sportowe\2_aaa06a65.webp,UBRANIA
Ubrania sportowe,https://wkdzik.pl/ubrania/1/default/1/f_availability_9/1,8.50,,,{},results\images\ubrania-sportowe\1_8b760369.webp;results\images\ubrania-sportowe\2_aaa06a65.webp,UBRANIA
KOSZULKA SLIM BIAŁA DZIK®,https://wkdzik.pl/dzik-koszulka-slim-biala,8.50,,,"{""Rozmiar"": ""1"", ""XS"": ""64"", ""S"": ""66"", ""M"": ""68"", ""L"": ""71"", ""XL"": ""73"", ""XXL"": ""75""}",results\images\koszulka-slim-biała-dzik\28_c4c7cb7d.jpg;results\images\koszulka-slim-biała-dzik\19_caf09bfb.webp,UBRANIA
DZIK® BASIC KOSZULKA SLIM BIAŁA,https://wkdzik.pl/dzik-basic-koszulka-slim-biala,8.50,,,"{""Rozmiar"": ""1"", ""XS"": ""62"", ""S"": ""64"", ""M"": ""66"", ""L"": ""68"", ""XL"": ""72"", ""XXL"": ""76""}",results\images\dzik-basic-koszulka-slim-biała\30_aca4c09f.png;results\images\dzik-basic-koszulka-slim-biała\19_96bab821.jpg,UBRANIA
KOSZULKA SLIM BORDO DZIK® BASIC,https://wkdzik.pl/dzik-basic-koszulka-slim-bordo,8.50,,,"{""Rozmiar"": ""1"", ""XS"": ""62"", ""S"": ""64"", ""M"": ""66"", ""L"": ""68"", ""XL"": ""72"", ""XXL"": ""76""}",results\images\koszulka-slim-bordo-dzik-basic\30_aca4c09f.png;results\images\koszulka-slim-bordo-dzik-basic\19_9ba5cdf4.jpg,UBRANIA
KOSZULKA REGULAR CZARNA DZIK® BASIC,https://wkdzik.pl/dzik-basic-koszulka-regular-czarna,8.50,,,"{""Rozmiar"": ""1"", ""XS"": ""66,4"", ""S"": ""69,5"", ""M"": ""71"", ""L"": ""73,3"", ""XL"": ""75"", ""XXL"": ""77,6""}",results\images\koszulka-regular-czarna-dzik-basic\30_aca4c09f.png;results\images\koszulka-regular-czarna-dzik-basic\19_006e2a8f.jpg,UBRANIA
KOSZULKA REGULAR BIAŁA DZIK® BASIC,https://wkdzik.pl/dzik-basic-koszulka-regular-biala,8.50,,,"{""Rozmiar"": ""1"", ""XS"": ""66,4"", ""S"": ""69,5"", ""M"": ""71"", ""L"": ""73,3"", ""XL"": ""75"", ""XXL"": ""77,6""}",results\images\koszulka-regular-biała-dzik-basic\30_aca4c09f.png;results\images\koszulka-regular-biała-dzik-basic\19_2351af5a.jpg,UBRANIA
KOSZULKA REGULAR BORDO DZIK® BASIC,https://wkdzik.pl/dzik-basic-koszulka-regular-bordo,8.50,,,"{""Rozmiar"": ""1"", ""XS"": ""66,4"", ""S"": ""69,5"", ""M"": ""71"", ""L"": ""73,3"", ""XL"": ""75"", ""XXL"": ""77,6""}",results\images\koszulka-regular-bordo-dzik-basic\30_aca4c09f.png;results\images\koszulka-regular-bordo-dzik-basic\19_a8d72f22.jpg,UBRANIA
KOSZULKA OVERSIZE CZARNA DZIK® BASIC,https://wkdzik.pl/dzik-basic-koszulka-oversize-czarna,8.50,,,"{""Rozmiar"": ""1"", ""XS"": ""73"", ""S"": ""75"", ""M"": ""77"", ""L"": ""79"", ""XL"": ""81"", ""XXL"": ""83""}",results\images\koszulka-oversize-czarna-dzik-basic\19_929e5ab4.jpg;results\images\koszulka-oversize-czarna-dzik-basic\25_b03dc063.jpg,UBRANIA
KOSZULKA OVERSIZE BORDO DZIK® BASIC,https://wkdzik.pl/dzik-basic-koszulka-oversize-bordo,8.50,,,"{""Rozmiar"": ""1"", ""XS"": ""73"", ""S"": ""75"", ""M"": ""77"", ""L"": ""79"", ""XL"": ""81"", ""XXL"": ""83""}",results\images\koszulka-oversize-bordo-dzik-basic\19_d756b95c.jpg;results\images\koszulka-oversize-bordo-dzik-basic\25_5623a52e.jpg,UBRANIA
TANK TOP SLIM CZARNY DZIK® BASIC,https://wkdzik.pl/dzik-basic-tank-top-slim-czarny,8.50,,,"{""Rozmiar"": ""1"", ""XS"": ""67"", ""S"": ""69"", ""M"": ""70"", ""L"": ""71"", ""XL"": ""72"", ""XXL"": ""73""}",results\images\tank-top-slim-czarny-dzik-basic\19_3129a0e0.jpg;results\images\tank-top-slim-czarny-dzik-basic\26_97e7d3c1.jpg,UBRANIA
Tank Top Męski Slim Biały DZIK® Basic,https://wkdzik.pl/dzik-basic-tank-top-slim-bialy,8.50,,,"{""Rozmiar"": ""1"", ""XS"": ""67"", ""S"": ""69"", ""M"": ""70"", ""L"": ""71"", ""XL"": ""72"", ""XXL"": ""73""}",results\images\tank-top-męski-slim-biały-dzik-basic\19_a228f3eb.jpg;results\images\tank-top-męski-slim-biały-dzik-basic\27_2f67360d.jpg,UBRANIA
Tank Top Męski Slim Bordo DZIK® Basic,https://wkdzik.pl/dzik-basic-tank-top-slim-bordo,8.50,,,"{""Rozmiar"": ""1"", ""XS"": ""67"", ""S"": ""69"", ""M"": ""70"", ""L"": ""71"", ""XL"": ""72"", ""XXL"": ""73""}",results\images\tank-top-męski-slim-bordo-dzik-basic\19_6efd2c79.jpg;results\images\tank-top-męski-slim-bordo-dzik-basic\27_8d51b5de.jpg,UBRANIA
TANK TOP REGULAR CZARNY DZIK® BASIC,https://wkdzik.pl/dzik-basic-tank-top-regular-czarny,8.50,,,"{""Rozmiar"": ""1"", ""XS"": ""66"", ""S"": ""68"", ""M"": ""70"", ""L"": ""72"", ""XL"": ""74"", ""XXL"": ""76""}",results\images\tank-top-regular-czarny-dzik-basic\19_07f2dd02.jpg;results\images\tank-top-regular-czarny-dzik-basic\25_3a576eaa.jpg,UBRANIA
TANK TOP REGULAR BIAŁY DZIK® BASIC,https://wkdzik.pl/dzik-basic-tank-top-regular-bialy,8.50,,,"{""Rozmiar"": ""1"", ""XS"": ""66"", ""S"": ""68"", ""M"": ""70"", ""L"": ""72"", ""XL"": ""74"", ""XXL"": ""76""}",results\images\tank-top-regular-biały-dzik-basic\19_4d481cd2.jpg;results\images\tank-top-regular-biały-dzik-basic\29_207c230f.jpg,UBRANIA
TANK TOP REGULAR BORDO DZIK® BASIC,https://wkdzik.pl/dzik-basic-tank-top-regular-bordo,8.50,,,"{""Rozmiar"": ""1"", ""XS"": ""66"", ""S"": ""68"", ""M"": ""70"", ""L"": ""72"", ""XL"": ""74"", ""XXL"": ""76""}",results\images\tank-top-regular-bordo-dzik-basic\19_d6762bfe.jpg;results\images\tank-top-regular-bordo-dzik-basic\27_b96d4d0d.jpg,UBRANIA
Longsleeve Męski Slim Biały DZIK® Basic,https://wkdzik.pl/dzik-basic-longsleeve-slim-bialy,8.50,,,"{""Rozmiar"": ""1"", ""XS"": ""69"", ""S"": ""71"", ""M"": ""73"", ""L"": ""75"", ""XL"": ""78"", ""XXL"": ""80""}",results\images\longsleeve-męski-slim-biały-dzik-basic\28_9c44aee3.jpg;results\images\longsleeve-męski-slim-biały-dzik-basic\19_3873cac5.jpg,UBRANIA
Longsleeve Męski Slim Bordo DZIK® Basic,https://wkdzik.pl/dzik-basic-longsleeve-slim-bordo,8.50,,,"{""Rozmiar"": ""1"", ""XS"": ""69"", ""S"": ""71"", ""M"": ""73"", ""L"": ""75"", ""XL"": ""78"", ""XXL"": ""80""}",results\images\longsleeve-męski-slim-bordo-dzik-basic\30_9c44aee3.jpg;results\images\longsleeve-męski-slim-bordo-dzik-basic\19_c9a3c644.jpg,UBRANIA
LONGSLEEVE REGULAR CZARNY DZIK® BASIC,https://wkdzik.pl/dzik-basic-longsleeve-regular-czarny,8.50,,,"{""Rozmiar"": ""1"", ""XS"": ""70"", ""S"": ""72"", ""M"": ""74"", ""L"": ""76"", ""XL"": ""78"", ""XXL"": ""80""}",results\images\longsleeve-regular-czarny-dzik-basic\32_9c44aee3.jpg;results\images\longsleeve-regular-czarny-dzik-basic\19_0220aa17.jpg,UBRANIA
LONGSLEEVE REGULAR BIAŁY DZIK® BASIC,https://wkdzik.pl/dzik-basic-longsleeve-regular-bialy,8.50,,,"{""Rozmiar"": ""1"", ""XS"": ""70"", ""S"": ""72"", ""M"": ""74"", ""L"": ""76"", ""XL"": ""78"", ""XXL"": ""80""}",results\images\longsleeve-regular-biały-dzik-basic\30_9c44aee3.jpg;results\images\longsleeve-regular-biały-dzik-basic\19_f0a594d9.jpg,UBRANIA
Ubrania sportowe,https://wkdzik.pl/ubrania/2,8.50,,,{},results\images\ubrania-sportowe\1_8b760369.webp;results\images\ubrania-sportowe\2_aaa06a65.webp,UBRANIA
Ubrania sportowe,https://wkdzik.pl/ubrania/2/default/2,8.50,,,{},results\images\ubrania-sportowe\1_8b760369.webp;results\images\ubrania-sportowe\2_aaa06a65.webp,UBRANIA
Ubrania sportowe,https://wkdzik.pl/ubrania/2/default/3,8.50,,,{},results\images\ubrania-sportowe\1_8b760369.webp;results\images\ubrania-sportowe\2_aaa06a65.webp,UBRANIA
Ubrania sportowe,https://wkdzik.pl/ubrania/2/default/4,8.50,,,{},results\images\ubrania-sportowe\1_8b760369.webp;results\images\ubrania-sportowe\2_aaa06a65.webp,UBRANIA
LONGSLEEVE REGULAR BORDO DZIK® BASIC,https://wkdzik.pl/dzik-basic-longsleeve-regular-bordo,8.50,,,"{""Rozmiar"": ""1"", ""XS"": ""70"", ""S"": ""72"", ""M"": ""74"", ""L"": ""76"", ""XL"": ""78"", ""XXL"": ""80""}",results\images\longsleeve-regular-bordo-dzik-basic\32_9c44aee3.jpg;results\images\longsleeve-regular-bordo-dzik-basic\19_3b72f458.jpg,UBRANIA
DZIK® BASIC BLUZA REGULAR CZARNA,https://wkdzik.pl/dzik-basic-bluza-regular-czarna,8.50,,,"{""Rozmiar"": ""1"", ""XS"": ""67"", ""S"": ""69"", ""M"": ""71"", ""L"": ""73"", ""XL"": ""75"", ""XXL"": ""77""}",results\images\dzik-basic-bluza-regular-czarna\19_df89d19b.jpg;results\images\dzik-basic-bluza-regular-czarna\26_7e3a41d8.jpg,UBRANIA
BLUZA REGULAR GRANATOWA DZIK® BASIC,https://wkdzik.pl/dzik-basic-bluza-regular-granatowa,8.50,,,"{""Rozmiar"": ""1"", ""XS"": ""67"", ""S"": ""69"", ""M"": ""71"", ""L"": ""73"", ""XL"": ""75"", ""XXL"": ""77""}",results\images\bluza-regular-granatowa-dzik-basic\19_69715ac6.jpg;results\images\bluza-regular-granatowa-dzik-basic\26_6be6b0f5.jpg,UBRANIA
BLUZA REGULAR SZARY MELANŻ DZIK® BASIC,https://wkdzik.pl/dzik-basic-bluza-regular-szary-melanz,8.50,,,"{""Rozmiar"": ""1"", ""XS"": ""67"", ""S"": ""69"", ""M"": ""71"", ""L"": ""73"", ""XL"": ""75"", ""XXL"": ""77""}",results\images\bluza-regular-szary-melanż-dzik-basic\19_81c117dd.jpg;results\images\bluza-regular-szary-melanż-dzik-basic\24_724c8f79.jpg,UBRANIA
Bluza Męska Oversize Czarna DZIK® Basic,https://wkdzik.pl/dzik-basic-bluza-oversize-czarna,8.50,,,"{""Rozmiar"": ""1"", ""XS"": ""68"", ""S"": ""70"", ""M"": ""72"", ""L"": ""74"", ""XL"": ""76"", ""XXL"": ""78""}",results\images\bluza-męska-oversize-czarna-dzik-basic\19_0f0688d6.jpg;results\images\bluza-męska-oversize-czarna-dzik-basic\29_58a36572.jpg,UBRANIA
BLUZA OVERSIZE GRANATOWA DZIK® BASIC,https://wkdzik.pl/dzik-basic-bluza-oversize-granatowa,8.50,,,"{""Rozmiar"": ""1"", ""XS"": ""68"", ""S"": ""70"", ""M"": ""72"", ""L"": ""74"", ""XL"": ""76"", ""XXL"": ""78""}",results\images\bluza-oversize-granatowa-dzik-basic\19_544b2303.jpg;results\images\bluza-oversize-granatowa-dzik-basic\27_ce3f5259.jpg,UBRANIA
BLUZA OVERSIZE SZARY MELANŻ DZIK® BASIC,https://wkdzik.pl/dzik-basic-bluza-oversize-szary-melanz,8.50,,,"{""Rozmiar"": ""1"", ""XS"": ""68"", ""S"": ""70"", ""M"": ""72"", ""L"": ""74"", ""XL"": ""76"", ""XXL"": ""78""}",results\images\bluza-oversize-szary-melanż-dzik-basic\19_e777e2b8.png;results\images\bluza-oversize-szary-melanż-dzik-basic\31_a21f9bcc.png,UBRANIA
DZIK® BASIC SPODNIE DRESOWE REGULAR CZARNE,https://wkdzik.pl/dzik-basic-spodnie-dresowe-regular-czarne,8.50,,,"{""Rozmiar"": ""1"", ""XS"": ""100"", ""S"": ""102"", ""M"": ""104"", ""L"": ""106"", ""XL"": ""110"", ""XXL"": ""112""}",results\images\dzik-basic-spodnie-dresowe-regular-czarne\19_710f9995.jpg;results\images\dzik-basic-spodnie-dresowe-regular-czarne\25_ddeeb228.jpg,UBRANIA
SPODNIE DRESOWE REGULAR GRANATOWE DZIK® BASIC,https://wkdzik.pl/dzik-basic-spodnie-dresowe-regular-granatowe,8.50,,,"{""Rozmiar"": ""1"", ""XS"": ""100"", ""S"": ""102"", ""M"": ""104"", ""L"": ""106"", ""XL"": ""110"", ""XXL"": ""112""}",results\images\spodnie-dresowe-regular-granatowe-dzik-basic\19_5c37977b.jpg;results\images\spodnie-dresowe-regular-granatowe-dzik-basic\25_1fb94dbe.jpg,UBRANIA
SPODNIE DRESOWE REGULAR SZARY MELANŻ DZIK® BASIC,https://wkdzik.pl/dzik-basic-spodnie-dresowe-regular-szary-melanz,8.50,,,"{""Rozmiar"": ""1"", ""XS"": ""100"", ""S"": ""102"", ""M"": ""104"", ""L"": ""106"", ""XL"": ""110"", ""XXL"": ""112""}",results\images\spodnie-dresowe-regular-szary-melanż-dzik-basic\19_d078517f.jpg;results\images\spodnie-dresowe-regular-szary-melanż-dzik-basic\25_40dca7b2.jpg,UBRANIA
DZIK® BASIC SPODNIE DRESOWE OVERSIZE CZARNE,https://wkdzik.pl/dzik-basic-spodnie-dresowe-oversize-czarne,8.50,,,"{""Rozmiar"": ""1"", ""XS"": ""96"", ""S"": ""98"", ""M"": ""100"", ""L"": ""102"", ""XL"": ""104"", ""XXL"": ""106""}",results\images\dzik-basic-spodnie-dresowe-oversize-czarne\19_e4ac0f41.jpg;results\images\dzik-basic-spodnie-dresowe-oversize-czarne\27_11ec8545.jpg,UBRANIA
DZIK® BASIC SPODNIE DRESOWE OVERSIZE GRANATOWE,https://wkdzik.pl/dzik-basic-spodnie-dresowe-oversize-granatowe,8.50,,,"{""Rozmiar"": ""1"", ""XS"": ""96"", ""S"": ""98"", ""M"": ""100"", ""L"": ""102"", ""XL"": ""104"", ""XXL"": ""106""}",results\images\dzik-basic-spodnie-dresowe-oversize-granatowe\19_b3dccf23.jpg;results\images\dzik-basic-spodnie-dresowe-oversize-granatowe\24_21bb64a0.jpg,UBRANIA
DZIK® BASIC SPODNIE DRESOWE OVERSIZE SZARY MELANŻ,https://wkdzik.pl/dzik-basic-spodnie-dresowe-oversize-szary-melanz,8.50,,,"{""Rozmiar"": ""1"", ""XS"": ""96"", ""S"": ""98"", ""M"": ""100"", ""L"": ""102"", ""XL"": ""104"", ""XXL"": ""106""}",results\images\dzik-basic-spodnie-dresowe-oversize-szary-melanż\19_04b43e9f.jpg;results\images\dzik-basic-spodnie-dresowe-oversize-szary-melanż\25_fad2af6c.jpg,UBRANIA
SPODENKI REGULAR CZARNE DZIK® BASIC,https://wkdzik.pl/dzik-basic-spodenki-regular-czarne,8.50,,,"{""Rozmiar"": ""1"", ""XS"": ""38"", ""S"": ""39"", ""M"": ""40"", ""L"": ""42"", ""XL"": ""44"", ""XXL"": ""46""}",results\images\spodenki-regular-czarne-dzik-basic\30_3fb5f6c0.jpg;results\images\spodenki-regular-czarne-dzik-basic\19_928b3692.jpg,UBRANIA
SPODENKI REGULAR GRANATOWE DZIK® BASIC,https://wkdzik.pl/dzik-basic-spodenki-regular-granatowe,8.50,,,"{""Rozmiar"": ""1"", ""XS"": ""38"", ""S"": ""39"", ""M"": ""40"", ""L"": ""42"", ""XL"": ""44"", ""XXL"": ""46""}",results\images\spodenki-regular-granatowe-dzik-basic\30_3fb5f6c0.jpg;results\images\spodenki-regular-granatowe-dzik-basic\19_4bdfe404.jpg,UBRANIA
DZIK® BASIC SPODENKI REGULAR SZARY MELANŻ,https://wkdzik.pl/dzik-basic-spodenki-regular-szary-melanz,8.50,,,"{""Rozmiar"": ""1"", ""XS"": ""38"", ""S"": ""39"", ""M"": ""40"", ""L"": ""42"", ""XL"": ""44"", ""XXL"": ""46""}",results\images\dzik-basic-spodenki-regular-szary-melanż\32_3fb5f6c0.jpg;results\images\dzik-basic-spodenki-regular-szary-melanż\19_e7f9477c.jpg,UBRANIA
Bluza Męska Crewneck Czarna DZIK® Basic,https://wkdzik.pl/dzik-basic-bluza-crewneck-czarna,8.50,,,"{""Rozmiar"": ""1"", ""XS"": ""62"", ""S"": ""64"", ""M"": ""66"", ""L"": ""68"", ""XL"": ""70"", ""XXL"": ""72""}",results\images\bluza-męska-crewneck-czarna-dzik-basic\19_ed3b02bd.jpg;results\images\bluza-męska-crewneck-czarna-dzik-basic\28_8e0c4567.jpg,UBRANIA
BLUZA CREWNECK GRANATOWA DZIK® BASIC,https://wkdzik.pl/dzik-basic-bluza-crewneck-granatowa,8.50,,,"{""Rozmiar"": ""1"", ""XS"": ""62"", ""S"": ""64"", ""M"": ""66"", ""L"": ""68"", ""XL"": ""70"", ""XXL"": ""72""}",results\images\bluza-crewneck-granatowa-dzik-basic\19_fd4e3bd6.jpg;results\images\bluza-crewneck-granatowa-dzik-basic\26_6b389233.jpg,UBRANIA
Ubrania sportowe,https://wkdzik.pl/ubrania/3,8.50,,,{},results\images\ubrania-sportowe\1_8b760369.webp;results\images\ubrania-sportowe\2_aaa06a65.webp,UBRANIA
Ubrania sportowe,https://wkdzik.pl/ubrania/3/default/2,8.50,,,{},results\images\ubrania-sportowe\1_8b760369.webp;results\images\ubrania-sportowe\2_aaa06a65.webp,UBRANIA
Ubrania sportowe,https://wkdzik.pl/ubrania/3/default/3,8.50,,,{},results\images\ubrania-sportowe\1_8b760369.webp;results\images\ubrania-sportowe\2_aaa06a65.webp,UBRANIA
Ubrania sportowe,https://wkdzik.pl/ubrania/3/default/4,8.50,,,{},results\images\ubrania-sportowe\1_8b760369.webp;results\images\ubrania-sportowe\2_aaa06a65.webp,UBRANIA
BLUZA CREWNECK SZARY MELANŻ DZIK® BASIC,https://wkdzik.pl/dzik-basic-bluza-crewneck-szary-melanz,8.50,,,"{""Rozmiar"": ""1"", ""XS"": ""62"", ""S"": ""64"", ""M"": ""66"", ""L"": ""68"", ""XL"": ""70"", ""XXL"": ""72""}",results\images\bluza-crewneck-szary-melanż-dzik-basic\19_e5234ed5.png;results\images\bluza-crewneck-szary-melanż-dzik-basic\29_759514d7.png,UBRANIA
KOSZULKA GRIP SLIM CZARNA DZIK® PRO,https://wkdzik.pl/dzik-pro-koszulka-grip-czarny,8.50,,,"{""Rozmiar"": ""1"", ""XS"": ""64"", ""S"": ""66"", ""M"": ""68"", ""L"": ""71"", ""XL"": ""73"", ""XXL"": ""75""}",results\images\koszulka-grip-slim-czarna-dzik-pro\36_be834bd7.jpg;results\images\koszulka-grip-slim-czarna-dzik-pro\19_4db453b8.jpg,UBRANIA
KOSZULKA GRIP SLIM SREBRNA DZIK® PRO,https://wkdzik.pl/koszulka-grip-slim-srebrna-dzik-pro,8.50,,,"{""Rozmiar"": ""1"", ""XS"": ""64"", ""S"": ""66"", ""M"": ""68"", ""L"": ""71"", ""XL"": ""73"", ""XXL"": ""75""}",results\images\koszulka-grip-slim-srebrna-dzik-pro\38_c4c7cb7d.jpg;results\images\koszulka-grip-slim-srebrna-dzik-pro\19_d0ce483f.png,UBRANIA
DZIK® PRO GRIP TANK TOP CZARNY,https://wkdzik.pl/dzik-pro-grip-tank-top-czarny,8.50,,,"{""Rozmiar"": ""1"", ""XS"": ""67"", ""S"": ""69"", ""M"": ""70"", ""L"": ""71"", ""XL"": ""72"", ""XXL"": ""73""}",results\images\dzik-pro-grip-tank-top-czarny\19_41b1a6e5.png;results\images\dzik-pro-grip-tank-top-czarny\28_bebc2ab3.png,UBRANIA
DZIK® PRO GRIP TANK TOP SREBRNY,https://wkdzik.pl/dzik-pro-grip-tank-top-srebrny,8.50,,,"{""Rozmiar"": ""1"", ""XS"": ""67"", ""S"": ""69"", ""M"": ""70"", ""L"": ""71"", ""XL"": ""72"", ""XXL"": ""73""}",results\images\dzik-pro-grip-tank-top-srebrny\19_88bff0fa.png;results\images\dzik-pro-grip-tank-top-srebrny\28_44b21a6d.png,UBRANIA
DZIK® KOSZULKA TRENINGOWA REGULAR CZARNA,https://wkdzik.pl/dzik-koszulka-treningowa-regular-czarna,8.50,,,"{""Rozmiar"": ""1"", ""XS"": ""46"", ""S"": ""48"", ""M"": ""50"", ""L"": ""52"", ""XL"": ""54"", ""XXL"": ""56""}",results\images\dzik-koszulka-treningowa-regular-czarna\19_7dc1c723.png;results\images\dzik-koszulka-treningowa-regular-czarna\27_c6d6a3ce.png,UBRANIA
KOSZULKA SLIM CZARNA V2 DZIK® JTCNW,https://wkdzik.pl/dzik-jtcnw-koszulka-slim-czarna-v,8.50,,,"{""Rozmiar"": ""1"", ""XS"": ""62"", ""S"": ""64"", ""M"": ""66"", ""L"": ""68"", ""XL"": ""72"", ""XXL"": ""76""}",results\images\koszulka-slim-czarna-v2-dzik-jtcnw\19_57c79da2.jpg;results\images\koszulka-slim-czarna-v2-dzik-jtcnw\26_416b8b8d.jpg,UBRANIA
Koszulka Męska Slim Czarna JTCNW DZIK®,https://wkdzik.pl/dzik-jtcnw-koszulka-slim-czarna,8.50,,,"{""Rozmiar"": ""1"", ""XS"": ""62"", ""S"": ""64"", ""M"": ""66"", ""L"": ""68"", ""XL"": ""72"", ""XXL"": ""76""}",results\images\koszulka-męska-slim-czarna-jtcnw-dzik\19_3e2efa75.jpg;results\images\koszulka-męska-slim-czarna-jtcnw-dzik\26_fe7b3bce.jpg,UBRANIA
BLUZA DRESOWA Z TKANINY ROZPINANA CZARNA DZIK®,https://wkdzik.pl/dzik-bluza-dresowa-z-tkaniny-rozpinana-czarna,8.50,,,"{""Rozmiar"": ""1"", ""XS"": ""60"", ""S"": ""62"", ""M"": ""64"", ""L"": ""66"", ""XL"": ""68"", ""XXL"": ""70""}",results\images\bluza-dresowa-z-tkaniny-rozpinana-czarna-dzik\19_631d9f9f.jpg;results\images\bluza-dresowa-z-tkaniny-rozpinana-czarna-dzik\30_5e166ba2.jpg,UBRANIA
TANK TOP TRENINGOWY FIOLETOWY DZIK®,https://wkdzik.pl/dzik-tank-top-treningowy-fioletowy,8.50,,,"{""Rozmiar"": ""1"", ""XS"": ""68,5"", ""S"": ""69,5"", ""M"": ""73"", ""L"": ""75"", ""XL"": ""76"", ""XXL"": ""79""}",results\images\tank-top-treningowy-fioletowy-dzik\19_17b12f64.jpg;results\images\tank-top-treningowy-fioletowy-dzik\25_14d57d36.jpg,UBRANIA
Spodnie Męskie Dresowe Zip Czarne DZIK®,https://wkdzik.pl/dzik-spodnie-dresowe-zip-czarne,8.50,,,"{""Rozmiar"": ""1"", ""XS"": ""97"", ""S"": ""99"", ""M"": ""101"", ""L"": ""104"", ""XL"": ""106"", ""XXL"": ""109""}",results\images\spodnie-męskie-dresowe-zip-czarne-dzik\19_18442b82.jpg;results\images\spodnie-męskie-dresowe-zip-czarne-dzik\26_aa7955a3.jpg,UBRANIA
Bluza Męska Half Zip Czarna Dots DZIK®,https://wkdzik.pl/dzik-bluza-half-zip-czarna-dots,8.50,,,"{""Rozmiar"": ""1"", ""XS"": ""62,5"", ""S"": ""64,6"", ""M"": ""66,8"", ""L"": ""68,9"", ""XL"": ""71,1"", ""XXL"": ""73,2""}",results\images\bluza-męska-half-zip-czarna-dots-dzik\19_b2150d50.jpg;results\images\bluza-męska-half-zip-czarna-dots-dzik\33_2a0e0e98.jpg,UBRANIA
SPODNIE CARGO Z TKANINY CZARNE DZIK® PRO,https://wkdzik.pl/dzik-pro-spodnie-cargo-z-tkaniny-czarne,8.50,,,"{""Rozmiar"": ""1"", ""XS"": ""101,5"", ""S"": ""103,5"", ""M"": ""105,5"", ""L"": ""107,5"", ""XL"": ""109,5"", ""XXL"": ""111,5""}",results\images\spodnie-cargo-z-tkaniny-czarne-dzik-pro\38_136b5633.jpg;results\images\spodnie-cargo-z-tkaniny-czarne-dzik-pro\19_790cc4da.jpg,UBRANIA
SPODNIE DRESOWE Z TKANINY CZARNE DZIK®,https://wkdzik.pl/dzik-spodnie-dresowe-z-tkaniny-czarne,8.50,,,"{""Rozmiar"": ""1"", ""XS"": ""95"", ""S"": ""96,5"", ""M"": ""99"", ""L"": ""101,5"", ""XL"": ""104"", ""XXL"": ""106,5""}",results\images\spodnie-dresowe-z-tkaniny-czarne-dzik\19_c2dddb5d.jpg;results\images\spodnie-dresowe-z-tkaniny-czarne-dzik\27_68848ee4.jpg,UBRANIA
Bluza Męska Oversize Beżowa Shade DZIK®,https://wkdzik.pl/dzik-bluza-oversize-bezowa-shade,8.50,,,"{""Rozmiar"": ""1"", ""XS"": ""59,5"", ""S"": ""61,5"", ""M"": ""63,5"", ""L"": ""65,5"", ""XL"": ""67,5"", ""XXL"": ""69,5""}",results\images\bluza-męska-oversize-beżowa-shade-dzik\19_a15c980a.jpg;results\images\bluza-męska-oversize-beżowa-shade-dzik\27_e5a743e6.jpg,UBRANIA
BLUZA OVERSIZE ZIELONA SHADE DZIK®,https://wkdzik.pl/dzik-bluza-oversize-zielona-shade,8.50,,,"{""Rozmiar"": ""1"", ""XS"": ""59,5"", ""S"": ""61,5"", ""M"": ""63,5"", ""L"": ""65,5"", ""XL"": ""67,5"", ""XXL"": ""69,5""}",results\images\bluza-oversize-zielona-shade-dzik\19_33bb3d7c.jpg;results\images\bluza-oversize-zielona-shade-dzik\27_cc50e4fd.jpg,UBRANIA
BLUZA OVERSIZE CZARNA POSTARZANA DZIK®,https://wkdzik.pl/dzik-bluza-oversize-czarna-postarzana,8.50,,,"{""Rozmiar"": ""1"", ""XS"": ""60"", ""S"": ""63"", ""M"": ""65"", ""L"": ""67"", ""XL"": ""69"", ""XXL"": ""70""}",results\images\bluza-oversize-czarna-postarzana-dzik\19_a118034c.jpg;results\images\bluza-oversize-czarna-postarzana-dzik\28_7c56665b.jpg,UBRANIA
KOSZULKA OVERSIZE CZARNA RASTER DZIK®,https://wkdzik.pl/dzik-koszulka-oversize-czarna-raster,8.50,,,"{""Rozmiar"": ""1"", ""XS"": ""73"", ""S"": ""75"", ""M"": ""77"", ""L"": ""79"", ""XL"": ""81"", ""XXL"": ""83""}",results\images\koszulka-oversize-czarna-raster-dzik\19_f92c3c57.jpg;results\images\koszulka-oversize-czarna-raster-dzik\28_a7db7764.jpg,UBRANIA
Ubrania sportowe,https://wkdzik.pl/ubrania/4,8.50,,,{},results\images\ubrania-sportowe\1_8b760369.webp;results\images\ubrania-sportowe\2_aaa06a65.webp,UBRANIA
Ubrania sportowe,https://wkdzik.pl/ubrania/4/default/2,8.50,,,{},results\images\ubrania-sportowe\1_8b760369.webp;results\images\ubrania-sportowe\2_aaa06a65.webp,UBRANIA
Ubrania sportowe,https://wkdzik.pl/ubrania/4/default/3,8.50,,,{},results\images\ubrania-sportowe\1_8b760369.webp;results\images\ubrania-sportowe\2_aaa06a65.webp,UBRANIA
Ubrania sportowe,https://wkdzik.pl/ubrania/4/default/4,8.50,,,{},results\images\ubrania-sportowe\1_8b760369.webp;results\images\ubrania-sportowe\2_aaa06a65.webp,UBRANIA
KOSZULKA OVERSIZE ZIELONA RASTER DZIK®,https://wkdzik.pl/dzik-koszulka-oversize-zielona-raster,8.50,,,"{""Rozmiar"": ""1"", ""XS"": ""73"", ""S"": ""75"", ""M"": ""77"", ""L"": ""79"", ""XL"": ""81"", ""XXL"": ""83""}",results\images\koszulka-oversize-zielona-raster-dzik\19_841480fe.jpg;results\images\koszulka-oversize-zielona-raster-dzik\26_ce1810a6.jpg,UBRANIA
KOSZULKA REGULAR BŁĘKIT SHADE DZIK®,https://wkdzik.pl/dzik-koszulka-regular-blekit-shade,8.50,,,"{""Rozmiar"": ""1"", ""XS"": ""66,4"", ""S"": ""69,5"", ""M"": ""71"", ""L"": ""73,3"", ""XL"": ""75"", ""XXL"": ""77,6""}",results\images\koszulka-regular-błękit-shade-dzik\30_aca4c09f.png;results\images\koszulka-regular-błękit-shade-dzik\19_1fa22b0e.jpg,UBRANIA
KOSZULKA REGULAR CAPPUCCINO SHADE DZIK®,https://wkdzik.pl/dzik-koszulka-regular-cappuccino-shade,8.50,,,"{""Rozmiar"": ""1"", ""XS"": ""66,4"", ""S"": ""69,5"", ""M"": ""71"", ""L"": ""73,3"", ""XL"": ""75"", ""XXL"": ""77,6""}",results\images\koszulka-regular-cappuccino-shade-dzik\26_aca4c09f.png;results\images\koszulka-regular-cappuccino-shade-dzik\19_6877e4e0.jpg,UBRANIA
KOSZULKA REGULAR CIEMNY RÓŻ SHADE DZIK®,https://wkdzik.pl/dzik-koszulka-regular-ciemny-roz-shade,8.50,,,"{""Rozmiar"": ""1"", ""XS"": ""66,4"", ""S"": ""69,5"", ""M"": ""71"", ""L"": ""73,3"", ""XL"": ""75"", ""XXL"": ""77,6""}",results\images\koszulka-regular-ciemny-róż-shade-dzik\26_aca4c09f.png;results\images\koszulka-regular-ciemny-róż-shade-dzik\19_b67700d9.jpg,UBRANIA
KOSZULKA SLIM NIEBIESKA DOTS DZIK®,https://wkdzik.pl/dzik-koszulka-slim-niebieska-dots,8.50,,,"{""Rozmiar"": ""1"", ""XS"": ""62"", ""S"": ""64"", ""M"": ""66"", ""L"": ""68"", ""XL"": ""72"", ""XXL"": ""76""}",results\images\koszulka-slim-niebieska-dots-dzik\28_570f40d0.png;results\images\koszulka-slim-niebieska-dots-dzik\19_b629a18d.jpg,UBRANIA
Koszulka Męska Slim Beżowa Dots DZIK®,https://wkdzik.pl/dzik-koszulka-slim-bezowa-dots,8.50,,,"{""Rozmiar"": ""1"", ""XS"": ""62"", ""S"": ""64"", ""M"": ""66"", ""L"": ""68"", ""XL"": ""72"", ""XXL"": ""76""}",results\images\koszulka-męska-slim-beżowa-dots-dzik\30_570f40d0.png;results\images\koszulka-męska-slim-beżowa-dots-dzik\19_42cf31e6.jpg,UBRANIA
LONGSLEEVE TRENINGOWY CZARNY RASTER DZIK®,https://wkdzik.pl/dzik-longsleeve-treningowy-czarny-raster,8.50,,,"{""Rozmiar"": ""1"", ""XS"": ""64"", ""S"": ""65"", ""M"": ""68"", ""L"": ""69"", ""XL"": ""71"", ""XXL"": ""74""}",results\images\longsleeve-treningowy-czarny-raster-dzik\19_551639f2.jpg;results\images\longsleeve-treningowy-czarny-raster-dzik\26_35d87b43.jpg,UBRANIA
TANK TOP TRENINGOWY CZARNY RASTER DZIK®,https://wkdzik.pl/dzik-tank-top-treningowy-czarny-raster,8.50,,,"{""Rozmiar"": ""1"", ""XS"": ""62"", ""S"": ""64"", ""M"": ""66"", ""L"": ""68"", ""XL"": ""70"", ""XXL"": ""72""}",results\images\tank-top-treningowy-czarny-raster-dzik\19_796f5d5a.jpg;results\images\tank-top-treningowy-czarny-raster-dzik\26_ab376419.jpg,UBRANIA
SPODENKI Z PERFORACJĄ CZARNE DZIK® PRO RUN,https://wkdzik.pl/dzik-pro-spodenki-z-perforacja-czarne,8.50,,,"{""Rozmiar"": ""1"", ""XS"": ""28,5"", ""S"": ""29,5"", ""M"": ""30,5"", ""L"": ""31,5"", ""XL"": ""32,5"", ""XXL"": ""33,5""}",results\images\spodenki-z-perforacją-czarne-dzik-pro-run\19_d9c482fc.jpg;results\images\spodenki-z-perforacją-czarne-dzik-pro-run\25_ea61a4fe.jpg,UBRANIA
TANK TOP TRENINGOWY NIEBIESKI DZIK®,https://wkdzik.pl/dzik-tank-top-treningowy-niebieski,8.50,,,"{""Rozmiar"": ""1"", ""XS"": ""68,5"", ""S"": ""69,5"", ""M"": ""73"", ""L"": ""75"", ""XL"": ""76"", ""XXL"": ""79""}",results\images\tank-top-treningowy-niebieski-dzik\19_acc65aa5.jpg;results\images\tank-top-treningowy-niebieski-dzik\27_c0547d03.jpg,UBRANIA
KOSZULKA REGULAR CZARNA SHADE DZIK®,https://wkdzik.pl/dzik-koszulka-regular-czarna-shade,8.50,,,"{""Rozmiar"": ""1"", ""XS"": ""62"", ""S"": ""64"", ""M"": ""66"", ""L"": ""68"", ""XL"": ""72"", ""XXL"": ""76""}",results\images\koszulka-regular-czarna-shade-dzik\30_aca4c09f.png;results\images\koszulka-regular-czarna-shade-dzik\19_916c53ed.jpg,UBRANIA
Tank Top Męski Biały DZIK® PRO Run,https://wkdzik.pl/dzik-pro-run-tank-top-bialy,8.50,,,"{""Rozmiar"": ""1"", ""XS"": ""59"", ""S"": ""61,5"", ""M"": ""64"", ""L"": ""67"", ""XL"": ""68,5"", ""XXL"": ""71,5""}",results\images\tank-top-męski-biały-dzik-pro-run\19_235e877b.jpg;results\images\tank-top-męski-biały-dzik-pro-run\30_92b46cec.jpg,UBRANIA
KOSZULKA OVERSIZE NIEBIESKA POSTARZANA DZIK®,https://wkdzik.pl/dzik-koszulka-oversize-niebieska-postarzana,8.50,,,"{""Rozmiar"": ""1"", ""XS"": ""71"", ""S"": ""73"", ""M"": ""75"", ""L"": ""77"", ""XL"": ""79""}",results\images\koszulka-oversize-niebieska-postarzana-dzik\19_f65e18d5.jpg;results\images\koszulka-oversize-niebieska-postarzana-dzik\27_e8222ed2.jpg,UBRANIA
Tank Top Męski Żółty DZIK® PRO Run,https://wkdzik.pl/dzik-pro-run-tank-top-zolty,8.50,,,"{""Rozmiar"": ""1"", ""XS"": ""59"", ""S"": ""61,5"", ""M"": ""64"", ""L"": ""67"", ""XL"": ""68,5"", ""XXL"": ""71,5""}",results\images\tank-top-męski-żółty-dzik-pro-run\19_9b058725.jpg;results\images\tank-top-męski-żółty-dzik-pro-run\27_395c4752.jpg,UBRANIA
DZIK® PRO GRIP KOSZULKA SLIM CHERRY,https://wkdzik.pl/dzik-pro-grip-koszulka-slim-cherry,8.50,,,"{""Rozmiar"": ""1"", ""XS"": ""64"", ""S"": ""66"", ""M"": ""68"", ""L"": ""71"", ""XL"": ""73"", ""XXL"": ""75""}",results\images\dzik-pro-grip-koszulka-slim-cherry\28_be834bd7.jpg;results\images\dzik-pro-grip-koszulka-slim-cherry\19_190ff60d.jpg,UBRANIA
CZAPKA ZIMOWA ZIELONA DZIK®,https://wkdzik.pl/dzik-czapka-zimowa-zielona,8.50,,,{},results\images\czapka-zimowa-zielona-dzik\19_2fefae53.jpg;results\images\czapka-zimowa-zielona-dzik\23_e15dae12.jpg,UBRANIA
CZAPKA ZIMOWA CZARNA DZIK®,https://wkdzik.pl/dzik-czapka-zimowa-czarna,8.50,,,{},results\images\czapka-zimowa-czarna-dzik\19_cbc4bd24.jpg;results\images\czapka-zimowa-czarna-dzik\23_a4f3b3db.jpg,UBRANIA
Ubrania sportowe,https://wkdzik.pl/ubrania/5,8.50,,,{},results\images\ubrania-sportowe\1_8b760369.webp;results\images\ubrania-sportowe\2_aaa06a65.webp,UBRANIA
Ubrania sportowe,https://wkdzik.pl/ubrania/5/default/2,8.50,,,{},results\images\ubrania-sportowe\1_8b760369.webp;results\images\ubrania-sportowe\2_aaa06a65.webp,UBRANIA
Ubrania sportowe,https://wkdzik.pl/ubrania/5/default/3,8.50,,,{},results\images\ubrania-sportowe\1_8b760369.webp;results\images\ubrania-sportowe\2_aaa06a65.webp,UBRANIA
Ubrania sportowe,https://wkdzik.pl/ubrania/5/default/4,8.50,,,{},results\images\ubrania-sportowe\1_8b760369.webp;results\images\ubrania-sportowe\2_aaa06a65.webp,UBRANIA
BLUZA REGULAR ZIELONA DZIK®,https://wkdzik.pl/dzik-bluza-zielona,8.50,,,"{""Rozmiar"": ""1"", ""XS"": ""67"", ""S"": ""69"", ""M"": ""71"", ""L"": ""73"", ""XL"": ""75"", ""XXL"": ""77""}",results\images\bluza-regular-zielona-dzik\28_5711dbea.jpg;results\images\bluza-regular-zielona-dzik\19_2e668f53.jpg,UBRANIA
Koszulka Męska Oversize Czarna DZIK®,https://wkdzik.pl/dzik-basic-koszulka-oversize,8.50,,,"{""Rozmiar"": ""1"", ""XS"": ""54"", ""S"": ""56"", ""M"": ""58"", ""L"": ""60"", ""XL"": ""62"", ""XXL"": ""64""}",results\images\koszulka-męska-oversize-czarna-dzik\19_27cc6c90.jpg;results\images\koszulka-męska-oversize-czarna-dzik\25_59baee6b.jpg,UBRANIA
SKARPETY CZARNE Z HAFTEM 3‑PAK DZIK®,https://wkdzik.pl/dzik-skarpety-czarne-3-pak,8.50,,,{},results\images\skarpety-czarne-z-haftem-3pak-dzik\19_fd5bbdd1.jpg;results\images\skarpety-czarne-z-haftem-3pak-dzik\22_3794046a.jpg,UBRANIA
SKARPETY SZARE Z HAFTEM 3‑PAK DZIK®,https://wkdzik.pl/dzik-skarpety-szare-3-pak,8.50,,,{},results\images\skarpety-szare-z-haftem-3pak-dzik\19_23080d94.jpg;results\images\skarpety-szare-z-haftem-3pak-dzik\22_315002b7.jpg,UBRANIA
SKARPETY  BIAŁE Z HAFTEM 3‑PAK DZIK®,https://wkdzik.pl/dzik-skarpety-biale-3-pak,8.50,,,{},results\images\skarpety-białe-z-haftem-3pak-dzik\19_d83f96c0.jpg;results\images\skarpety-białe-z-haftem-3pak-dzik\22_447c563d.jpg,UBRANIA
BLUZA ROZPINANA CZARNA DZIK® JTCNW,https://wkdzik.pl/dzik-jtcnw-bluza-rozpinana-czarna,8.50,,,"{""Rozmiar"": ""1"", ""XS"": ""63"", ""S"": ""65"", ""M"": ""67"", ""L"": ""69"", ""XL"": ""71"", ""XXL"": ""73""}",results\images\bluza-rozpinana-czarna-dzik-jtcnw\34_5711dbea.jpg;results\images\bluza-rozpinana-czarna-dzik-jtcnw\19_68ed7adf.jpg,UBRANIA
SPODNIE DRESOWE SLIM CZARNE DZIK® JTCNW,https://wkdzik.pl/dzik-jtcnw-spodnie-dresowe-slim-czarne,8.50,,,"{""Rozmiar"": ""1"", ""XS"": ""94"", ""S"": ""96"", ""M"": ""99"", ""L"": ""101"", ""XL"": ""103"", ""XXL"": ""106""}",results\images\spodnie-dresowe-slim-czarne-dzik-jtcnw\34_2a3e305a.jpg;results\images\spodnie-dresowe-slim-czarne-dzik-jtcnw\19_c2eae9e6.jpg,UBRANIA
SPODNIE DRESOWE OVERSIZE BORDO DZIK®,https://wkdzik.pl/dzik-spodnie-dresowe-oversize-bordo,8.50,,,"{""Rozmiar"": ""1"", ""XS"": ""96"", ""S"": ""98"", ""M"": ""100"", ""L"": ""102"", ""XL"": ""104"", ""XXL"": ""106""}",results\images\spodnie-dresowe-oversize-bordo-dzik\36_2a3e305a.jpg;results\images\spodnie-dresowe-oversize-bordo-dzik\19_66b604f9.jpg,UBRANIA
SPODNIE DRESOWE OVERSIZE GRAFIT DZIK®,https://wkdzik.pl/dzik-spodnie-dresowe-oversize-grafit,8.50,,,"{""Rozmiar"": ""1"", ""XS"": ""96"", ""S"": ""98"", ""M"": ""100"", ""L"": ""102"", ""XL"": ""104"", ""XXL"": ""106""}",results\images\spodnie-dresowe-oversize-grafit-dzik\28_2a3e305a.jpg;results\images\spodnie-dresowe-oversize-grafit-dzik\19_68a73171.jpg,UBRANIA
RASHGUARD FIGHT CZARNY DZIK® PRO,https://wkdzik.pl/dzik-pro-fight-rashguard-czarny,8.50,,,"{""Rozmiar"": ""1"", ""XS"": ""62"", ""S"": ""64"", ""M"": ""66"", ""L"": ""68"", ""XL"": ""70"", ""XXL"": ""72""}",results\images\rashguard-fight-czarny-dzik-pro\40_be834bd7.jpg;results\images\rashguard-fight-czarny-dzik-pro\19_4a67a894.jpg,UBRANIA
LONGSLEEVE OVERSIZE BEŻ DZIK®,https://wkdzik.pl/dzik-longsleeve-oversize-bez,8.50,,,"{""Rozmiar"": ""1"", ""XS"": ""70"", ""S"": ""72"", ""M"": ""74"", ""L"": ""76"", ""XL"": ""78"", ""XXL"": ""80""}",results\images\longsleeve-oversize-beż-dzik\28_9c44aee3.jpg;results\images\longsleeve-oversize-beż-dzik\19_368335c1.jpg,UBRANIA
KOSZULKA OVERSIZE ECRU HAFT DZIK®,https://wkdzik.pl/dzik-koszulka-oversize-ecru-haft,8.50,,,"{""Rozmiar"": ""1"", ""XS"": ""74"", ""S"": ""76"", ""M"": ""78"", ""L"": ""80"", ""XL"": ""82"", ""XXL"": ""84""}",results\images\koszulka-oversize-ecru-haft-dzik\28_ae68bbcc.jpg;results\images\koszulka-oversize-ecru-haft-dzik\19_93e10059.jpg,UBRANIA
KOSZULKA OVERSIZE BIAŁA SYGNET DZIK®,https://wkdzik.pl/dzik-koszulka-oversize-biala-sygnet,8.50,,,"{""Rozmiar"": ""1"", ""XS"": ""74"", ""S"": ""76"", ""M"": ""78"", ""L"": ""80"", ""XL"": ""82"", ""XXL"": ""84""}",results\images\koszulka-oversize-biała-sygnet-dzik\30_ae68bbcc.jpg;results\images\koszulka-oversize-biała-sygnet-dzik\19_9847655a.jpg,UBRANIA
LONGSLEEVE HALF ZIP NIEBIESKI DZIK® PRO RUN,https://wkdzik.pl/dzik-pro-run-longsleeve-half-zip-niebieski,8.50,,,"{""Rozmiar"": ""1"", ""XS"": ""68"", ""S"": ""70"", ""M"": ""73"", ""L"": ""75"", ""XL"": ""77"", ""XXL"": ""79""}",results\images\longsleeve-half-zip-niebieski-dzik-pro-run\30_9c44aee3.jpg;results\images\longsleeve-half-zip-niebieski-dzik-pro-run\19_bb29acba.jpg,UBRANIA
LONGSLEEVE HALF ZIP CZARNY DZIK® PRO RUN,https://wkdzik.pl/dzik-pro-run-longsleeve-half-zip-czarny,8.50,,,"{""Rozmiar"": ""1"", ""XS"": ""68"", ""S"": ""70"", ""M"": ""73"", ""L"": ""75"", ""XL"": ""77"", ""XXL"": ""79""}",results\images\longsleeve-half-zip-czarny-dzik-pro-run\28_9c44aee3.jpg;results\images\longsleeve-half-zip-czarny-dzik-pro-run\19_80b0a33a.jpg,UBRANIA
KOLARKI MĘSKIE CZARNE DZIK® PRO,https://wkdzik.pl/dzik-pro-kolarki-meskie-czarne,8.50,,,"{""Rozmiar"": ""1"", ""XS"": ""29"", ""S"": ""31"", ""M"": ""32"", ""L"": ""33"", ""XL"": ""34"", ""XXL"": ""35""}",results\images\kolarki-męskie-czarne-dzik-pro\28_f3565919.jpg;results\images\kolarki-męskie-czarne-dzik-pro\19_875ad273.jpg,UBRANIA
TANK TOP STRINGER CZARNY DZIK® PRO,https://wkdzik.pl/dzik-pro-tank-top-stringer-czarny,8.50,,,"{""Rozmiar"": ""1"", ""XS"": ""64"", ""S"": ""66"", ""M"": ""68"", ""L"": ""70"", ""XL"": ""72"", ""XXL"": ""74""}",results\images\tank-top-stringer-czarny-dzik-pro\30_6c749168.jpg;results\images\tank-top-stringer-czarny-dzik-pro\19_f81badf0.jpg,UBRANIA
BLUZA GRAFIT DZIK®,https://wkdzik.pl/dzik-bluza-grafit,8.50,,,"{""Rozmiar"": ""1"", ""XS"": ""67"", ""S"": ""69"", ""M"": ""71"", ""L"": ""73"", ""XL"": ""75"", ""XXL"": ""77""}",results\images\bluza-grafit-dzik\28_5711dbea.jpg;results\images\bluza-grafit-dzik\19_7682a023.jpg,UBRANIA
Ubrania sportowe,https://wkdzik.pl/ubrania/6,8.50,,,{},results\images\ubrania-sportowe\1_8b760369.webp;results\images\ubrania-sportowe\2_aaa06a65.webp,UBRANIA
Ubrania sportowe,https://wkdzik.pl/ubrania/6/default/2,8.50,,,{},results\images\ubrania-sportowe\1_8b760369.webp;results\images\ubrania-sportowe\2_aaa06a65.webp,UBRANIA
Ubrania sportowe,https://wkdzik.pl/ubrania/6/default/3,8.50,,,{},results\images\ubrania-sportowe\1_8b760369.webp;results\images\ubrania-sportowe\2_aaa06a65.webp,UBRANIA
Ubrania sportowe,https://wkdzik.pl/ubrania/6/default/4,8.50,,,{},results\images\ubrania-sportowe\1_8b760369.webp;results\images\ubrania-sportowe\2_aaa06a65.webp,UBRANIA
SPODNIE DRESOWE CZARNE DZIK®,https://wkdzik.pl/dzik-spodnie-dresowe-czarne,8.50,,,"{""Rozmiar"": ""1"", ""XS"": ""94"", ""S"": ""96"", ""M"": ""99"", ""L"": ""102"", ""XL"": ""104"", ""XXL"": ""106""}",results\images\spodnie-dresowe-czarne-dzik\26_2a3e305a.jpg;results\images\spodnie-dresowe-czarne-dzik\19_853a9910.jpg,UBRANIA
BLUZA AMETYST DZIK®,https://wkdzik.pl/dzik-bluza-ametyst,8.50,,,"{""Rozmiar"": ""1"", ""XS"": ""67"", ""S"": ""69"", ""M"": ""71"", ""L"": ""73"", ""XL"": ""75"", ""XXL"": ""77""}",results\images\bluza-ametyst-dzik\32_5711dbea.jpg;results\images\bluza-ametyst-dzik\19_40eeb4f3.jpg,UBRANIA
KOSZULKA SLIM HAFT DZIK®,https://wkdzik.pl/dzik-koszulka-slim-haft,8.50,,,"{""Rozmiar"": ""1"", ""XS"": ""64"", ""S"": ""66"", ""M"": ""68"", ""L"": ""71"", ""XL"": ""73"", ""XXL"": ""75""}",results\images\koszulka-slim-haft-dzik\30_be834bd7.jpg;results\images\koszulka-slim-haft-dzik\19_ffdcee8e.jpg,UBRANIA
TANK TOP SLIM CZARNY DZIK®,https://wkdzik.pl/dzik-bokserka-czarna,8.50,,,"{""Rozmiar"": ""1"", ""XS"": ""67"", ""S"": ""69"", ""M"": ""70"", ""L"": ""71"", ""XL"": ""72"", ""XXL"": ""73""}",results\images\tank-top-slim-czarny-dzik\30_e74687c9.jpg;results\images\tank-top-slim-czarny-dzik\19_1c378d41.webp,UBRANIA
KOSZULKA SLIM CZARNA KAMELEON DZIK® JTCNW,https://wkdzik.pl/dzik-jtcnw-kameleon-koszulka-slim-czarna,8.50,,,"{""Rozmiar"": ""1"", ""XS"": ""64"", ""S"": ""66"", ""M"": ""68"", ""L"": ""71"", ""XL"": ""73"", ""XXL"": ""75""}",results\images\koszulka-slim-czarna-kameleon-dzik-jtcnw\28_c4c7cb7d.jpg;results\images\koszulka-slim-czarna-kameleon-dzik-jtcnw\19_52781313.jpg,UBRANIA
Spodenki Męskie Czarne DZIK® PRO,https://wkdzik.pl/czarne-spodenki-klasyczne,8.50,,,"{""Rozmiar"": ""1"", ""XS"": ""30"", ""S"": ""32"", ""M"": ""34"", ""L"": ""36"", ""XL"": ""38"", ""XXL"": ""40""}",results\images\spodenki-męskie-czarne-dzik-pro\19_7a6a4ad9.webp;results\images\spodenki-męskie-czarne-dzik-pro\24_b39cfc8d.webp,UBRANIA
KOSZULKA OVERSIZE TRENINGOWA CZARNY DZIK®,https://wkdzik.pl/dzik-pro-oversize-treningowy-czarny,8.50,,,"{""Rozmiar"": ""1"", ""XS"": ""74"", ""S"": ""76"", ""M"": ""78"", ""L"": ""80"", ""XL"": ""82"", ""XXL"": ""84""}",results\images\koszulka-oversize-treningowa-czarny-dzik\30_5a93c1e6.jpeg;results\images\koszulka-oversize-treningowa-czarny-dzik\19_0db823df.webp,UBRANIA
KOSZULKA SLIM NAVY DZIK®,https://wkdzik.pl/dzik-koszulka-slim-navy,8.50,,,"{""Rozmiar"": ""1"", ""XS"": ""60"", ""S"": ""62"", ""M"": ""64"", ""L"": ""66"", ""XL"": ""69"", ""XXL"": ""72""}",results\images\koszulka-slim-navy-dzik\28_c4c7cb7d.jpg;results\images\koszulka-slim-navy-dzik\19_45e0fcc2.webp,UBRANIA
KOSZULKA SLIM INCOGNITO CZARNA DZIK®,https://wkdzik.pl/dzik-koszulka-slim-incognito-czarna,8.50,,,"{""Rozmiar"": ""1"", ""XS"": ""64"", ""S"": ""66"", ""M"": ""68"", ""L"": ""71"", ""XL"": ""73"", ""XXL"": ""75""}",results\images\koszulka-slim-incognito-czarna-dzik\26_c4c7cb7d.jpg;results\images\koszulka-slim-incognito-czarna-dzik\19_85703cda.png,UBRANIA
LONGSLEEVE CZARNY DZIK®,https://wkdzik.pl/dzik-longsleeve-czarny,8.50,,,"{""Rozmiar"": ""1"", ""XS"": ""64"", ""S"": ""67"", ""M"": ""68"", ""L"": ""70"", ""XL"": ""72"", ""XXL"": ""74""}",results\images\longsleeve-czarny-dzik\30_47b4f824.jpg;results\images\longsleeve-czarny-dzik\19_b9aba9b7.jpg,UBRANIA
TANK TOP TRENINGOWY DUST ORANGE DZIK®,https://wkdzik.pl/dzik-pro-tank-top-dust-orange,8.50,,,"{""Rozmiar"": ""1"", ""XS"": ""64"", ""S"": ""66"", ""M"": ""68"", ""L"": ""70"", ""XL"": ""72"", ""XXL"": ""74""}",results\images\tank-top-treningowy-dust-orange-dzik\28_65e8ce12.jpg;results\images\tank-top-treningowy-dust-orange-dzik\19_56fef47e.webp,UBRANIA
TANK TOP TRENINGOWY CZARNY DZIK®,https://wkdzik.pl/dzik-pro-tank-top-czarny,8.50,,,"{""Rozmiar"": ""1"", ""XS"": ""64"", ""S"": ""66"", ""M"": ""68"", ""L"": ""70"", ""XL"": ""72"", ""XXL"": ""74""}",results\images\tank-top-treningowy-czarny-dzik\34_65e8ce12.jpg;results\images\tank-top-treningowy-czarny-dzik\19_cbdcab30.png,UBRANIA
TANK TOP CUT OFF NIEBIESKI DZIK®,https://wkdzik.pl/dzik-tank-top-cut-off-niebieski,8.50,,,"{""Rozmiar"": ""1"", ""XS"": ""73"", ""S"": ""74"", ""M"": ""75"", ""L"": ""76"", ""XL"": ""77"", ""XXL"": ""78""}",results\images\tank-top-cut-off-niebieski-dzik\28_d0dd4375.jpg;results\images\tank-top-cut-off-niebieski-dzik\19_d6a6fbe7.webp,UBRANIA
KOSZULKA OVERSIZE TRENINGOWA DUST ORANGE DZIK®,https://wkdzik.pl/dzik-pro-oversize-treningowy-dust-orange,8.50,,,"{""Rozmiar"": ""1"", ""XS"": ""74"", ""S"": ""76"", ""M"": ""78"", ""L"": ""80"", ""XL"": ""82"", ""XXL"": ""84""}",results\images\koszulka-oversize-treningowa-dust-orange-dzik\30_5a93c1e6.jpeg;results\images\koszulka-oversize-treningowa-dust-orange-dzik\19_f99d77d6.jpg,UBRANIA
LONGSLEEVE DUST ORANGE DZIK®,https://wkdzik.pl/dzik-longsleeve-dust-orange,8.50,,,"{""Rozmiar"": ""1"", ""XS"": ""61"", ""S"": ""63"", ""M"": ""65"", ""L"": ""67"", ""XL"": ""69"", ""XXL"": ""71""}",results\images\longsleeve-dust-orange-dzik\28_47b4f824.jpg;results\images\longsleeve-dust-orange-dzik\19_ebdfb1b4.jpg,UBRANIA
SPODENKI CARGO CZARNE DZIK®,https://wkdzik.pl/dzik-spodenki-cargo-czarne,8.50,,,"{""Rozmiar"": ""1"", ""XS"": ""49"", ""S"": ""50"", ""M"": ""51"", ""L"": ""52"", ""XL"": ""53"", ""XXL"": ""54""}",results\images\spodenki-cargo-czarne-dzik\26_3fb5f6c0.jpg;results\images\spodenki-cargo-czarne-dzik\19_44339129.webp,UBRANIA
SPODENKI Z HAFTEM CZARNE DZIK®,https://wkdzik.pl/dzik-spodenki-z-haftem-czarne,8.50,,,"{""Rozmiar"": ""1"", ""XS"": ""38"", ""S"": ""40"", ""M"": ""42"", ""L"": ""44"", ""XL"": ""46"", ""XXL"": ""48""}",results\images\spodenki-z-haftem-czarne-dzik\26_3fb5f6c0.jpg;results\images\spodenki-z-haftem-czarne-dzik\19_f2b1105c.webp,UBRANIA
SPODENKI Z HAFTEM BEŻ DZIK®,https://wkdzik.pl/dzik-spodenki-z-haftem-bez,8.50,,,"{""Rozmiar"": ""1"", ""XS"": ""38"", ""S"": ""40"", ""M"": ""42"", ""L"": ""44"", ""XL"": ""46"", ""XXL"": ""48""}",results\images\spodenki-z-haftem-beż-dzik\26_3fb5f6c0.jpg;results\images\spodenki-z-haftem-beż-dzik\19_4a5fa49d.webp,UBRANIA
Ubrania sportowe,https://wkdzik.pl/ubrania/7,8.50,,,{},results\images\ubrania-sportowe\1_8b760369.webp;results\images\ubrania-sportowe\2_aaa06a65.webp,UBRANIA
Ubrania sportowe,https://wkdzik.pl/ubrania/7/default/2,8.50,,,{},results\images\ubrania-sportowe\1_8b760369.webp;results\images\ubrania-sportowe\2_aaa06a65.webp,UBRANIA
Ubrania sportowe,https://wkdzik.pl/ubrania/7/default/3,8.50,,,{},results\images\ubrania-sportowe\1_8b760369.webp;results\images\ubrania-sportowe\2_aaa06a65.webp,UBRANIA
Ubrania sportowe,https://wkdzik.pl/ubrania/7/default/4,8.50,,,{},results\images\ubrania-sportowe\1_8b760369.webp;results\images\ubrania-sportowe\2_aaa06a65.webp,UBRANIA
SPODENKI TRENINGOWE CZARNE DZIK® PRO,https://wkdzik.pl/dzik-pro-spodenki-treningowe-czarne,8.50,,,"{""Rozmiar"": ""1"", ""XS"": ""35"", ""S"": ""36"", ""M"": ""37"", ""L"": ""38"", ""XL"": ""39"", ""XXL"": ""40""}",results\images\spodenki-treningowe-czarne-dzik-pro\32_3fb5f6c0.jpg;results\images\spodenki-treningowe-czarne-dzik-pro\19_2bced76d.webp,UBRANIA
CZAPKA Z DASZKIEM ALL BLACK DZIK®,https://wkdzik.pl/dzik-czapka-z-daszkiem-all-black,8.50,,,{},results\images\czapka-z-daszkiem-all-black-dzik\19_696cd915.webp;results\images\czapka-z-daszkiem-all-black-dzik\22_c5fff60e.webp,UBRANIA
SPODENKI CZARNE DZIK® PRO RUN,https://wkdzik.pl/dzik-pro-run-spodenki-czarne,8.50,,,"{""Rozmiar"": ""1"", ""XS"": ""24"", ""S"": ""26"", ""M"": ""26"", ""L"": ""28"", ""XL"": ""28"", ""XXL"": ""30""}",results\images\spodenki-czarne-dzik-pro-run\30_55c8c00e.jpg;results\images\spodenki-czarne-dzik-pro-run\19_77e186ff.webp,UBRANIA
CZAPKA Z DASZKIEM DZIK®,https://wkdzik.pl/dzik-czapka-z-daszkiem,8.50,,,{},results\images\czapka-z-daszkiem-dzik\19_94279620.webp;results\images\czapka-z-daszkiem-dzik\22_659f08fc.webp,UBRANIA
KOSZULKA REGULAR CZARNA DZIK® PRO RUN,https://wkdzik.pl/dzik-pro-run-koszulka-czarna-regular,8.50,,,"{""Rozmiar"": ""1"", ""XS"": ""46"", ""S"": ""48"", ""M"": ""50"", ""L"": ""52"", ""XL"": ""54"", ""XXL"": ""56""}",results\images\koszulka-regular-czarna-dzik-pro-run\19_b54602e6.webp;results\images\koszulka-regular-czarna-dzik-pro-run\25_a6c65837.webp,UBRANIA
KOSZULKA OVERSIZE GRAFIT DZIK® JTCNW,https://wkdzik.pl/dzik-jtcnw-koszulka-oversize-grafit,8.50,,,"{""Rozmiar"": ""1"", ""XS"": ""71"", ""S"": ""73"", ""M"": ""75"", ""L"": ""77"", ""XL"": ""79"", ""XXL"": ""83""}",results\images\koszulka-oversize-grafit-dzik-jtcnw\34_ae68bbcc.jpg;results\images\koszulka-oversize-grafit-dzik-jtcnw\19_bc48ecd4.jpg,UBRANIA
DZIK® SPODNIE DRESOWE CARGO,https://wkdzik.pl/dzik-spodnie-dresowe-cargo,8.50,,,"{""Rozmiar"": ""1"", ""XS"": ""32"", ""S"": ""34"", ""M"": ""36"", ""L"": ""38"", ""XL"": ""40"", ""XXL"": ""42""}",results\images\dzik-spodnie-dresowe-cargo\19_e303b23a.jpg;results\images\dzik-spodnie-dresowe-cargo\25_aacce4d9.jpg,UBRANIA
BLUZA Z KAPTUREM BIAŁA DŹWIGAJ DZIEWCZYNO,https://wkdzik.pl/dzwigaj-dziewczyno-bluza-z-kapturem-biala,8.50,,,"{""Rozmiar"": ""1"", ""XS"": ""50"", ""S"": ""51"", ""M"": ""52"", ""L"": ""54""}",results\images\bluza-z-kapturem-biała-dźwigaj-dziewczyno\30_8a489a95.jpg;results\images\bluza-z-kapturem-biała-dźwigaj-dziewczyno\19_9c45522a.png,UBRANIA
BLUZA Z KAPTUREM CZARNA DŹWIGAJ DZIEWCZYNO,https://wkdzik.pl/dzwigaj-dziewczyno-bluza-z-kapturem-czarna,8.50,,,"{""Rozmiar"": ""1"", ""XS"": ""50"", ""S"": ""51"", ""M"": ""52"", ""L"": ""54""}",results\images\bluza-z-kapturem-czarna-dźwigaj-dziewczyno\27_1ec75282.jpg;results\images\bluza-z-kapturem-czarna-dźwigaj-dziewczyno\19_9ee8d189.png,UBRANIA
STANIK SPORTOWY CZARNY DŹWIGAJ DZIEWCZYNO,https://wkdzik.pl/dzwigaj-dziewczyno-stanik-sportowy-czarny,8.50,,,"{""Rozmiar"": ""1"", ""XS"": ""27"", ""S"": ""28"", ""M"": ""29"", ""L"": ""30"", ""XL"": ""31""}",results\images\stanik-sportowy-czarny-dźwigaj-dziewczyno\19_72d4d8c1.jpg;results\images\stanik-sportowy-czarny-dźwigaj-dziewczyno\24_f486ff4e.jpg,UBRANIA
DŹWIGAJ DZIEWCZYNO ‑ STANIK SPORTOWY KHAKI,https://wkdzik.pl/dzwigaj-dziewczyno-stanik-sportowy-khaki,8.50,,,"{""Rozmiar"": ""1"", ""XS"": ""27"", ""S"": ""28"", ""M"": ""29"", ""L"": ""30"", ""XL"": ""31""}",results\images\dźwigaj-dziewczyno-stanik-sportowy-khaki\19_aa96b1d8.jpg;results\images\dźwigaj-dziewczyno-stanik-sportowy-khaki\25_614938e2.jpg,UBRANIA
SPODENKI KHAKI DŹWIGAJ DZIEWCZYNO,https://wkdzik.pl/dzwigaj-dziewczyno-spodenki-khaki,8.50,,,"{""Rozmiar"": ""1"", ""XS"": ""28"", ""S"": ""30"", ""M"": ""32"", ""L"": ""34"", ""XL"": ""36""}",results\images\spodenki-khaki-dźwigaj-dziewczyno\29_597495fa.jpg;results\images\spodenki-khaki-dźwigaj-dziewczyno\33_eca63e8c.jpg,UBRANIA
SPODENKI CZARNE DŹWIGAJ DZIEWCZYNO,https://wkdzik.pl/dzwigaj-dziewczyno-spodenki-czarne,8.50,,,"{""Rozmiar"": ""1"", ""XS"": ""28"", ""S"": ""30"", ""M"": ""32"", ""L"": ""38"", ""XL"": ""40""}",results\images\spodenki-czarne-dźwigaj-dziewczyno\19_a98c990e.jpg;results\images\spodenki-czarne-dźwigaj-dziewczyno\26_f3385ea2.jpg,UBRANIA
DŹWIGAJ DZIEWCZYNO ‑ LEGGINSY DAMSKIE,https://wkdzik.pl/dzwigaj-dziewczyno-legginsy-damskie,8.50,,,"{""Rozmiar"": ""1"", ""XS"": ""31"", ""S"": ""33"", ""M"": ""34"", ""L"": ""36"", ""XL"": ""37""}",results\images\dźwigaj-dziewczyno-legginsy-damskie\19_415d3e7c.jpg;results\images\dźwigaj-dziewczyno-legginsy-damskie\25_c0536f04.jpg,UBRANIA
Zestaw Dresowy Męski Z Tkaniny,https://wkdzik.pl/zestaw-dresowy-z-tkaniny,8.50,,,{},results\images\zestaw-dresowy-męski-z-tkaniny\19_b7b0d221.jpg;results\images\zestaw-dresowy-męski-z-tkaniny\26_0fcc653e.jpg,UBRANIA
SKARPETY STOPKI BIAŁE 3‑PAK DZIK®,https://wkdzik.pl/skarpety-stopki-biale-3-pak-dzik,8.50,,,{},results\images\skarpety-stopki-białe-3pak-dzik\19_5282418a.jpg;results\images\skarpety-stopki-białe-3pak-dzik\22_1198ae0c.jpg,UBRANIA
SKARPETY STOPKI CZARNE 3‑PAK DZIK®,https://wkdzik.pl/skarpety-stopki-czarne-3-pak-dzik,8.50,,,{},results\images\skarpety-stopki-czarne-3pak-dzik\19_03f51cfc.jpg;results\images\skarpety-stopki-czarne-3pak-dzik\22_d7575310.jpg,UBRANIA
TANK TOP TRENINGOWY BIAŁY DZIK®,https://wkdzik.pl/tank-top-treningowy-bialy-dzik,8.50,,,"{""Rozmiar"": ""1"", ""XS"": ""64"", ""S"": ""66"", ""M"": ""68"", ""L"": ""70"", ""XL"": ""72"", ""XXL"": ""74""}",results\images\tank-top-treningowy-biały-dzik\38_65e8ce12.jpg;results\images\tank-top-treningowy-biały-dzik\19_8f21c662.png,UBRANIA
Ubrania sportowe,https://wkdzik.pl/ubrania/8,8.50,,,{},results\images\ubrania-sportowe\1_8b760369.webp;results\images\ubrania-sportowe\2_aaa06a65.webp,UBRANIA
Ubrania sportowe,https://wkdzik.pl/ubrania/8/default/2,8.50,,,{},results\images\ubrania-sportowe\1_8b760369.webp;results\images\ubrania-sportowe\2_aaa06a65.webp,UBRANIA
Ubrania sportowe,https://wkdzik.pl/ubrania/8/default/3,8.50,,,{},results\images\ubrania-sportowe\1_8b760369.webp;results\images\ubrania-sportowe\2_aaa06a65.webp,UBRANIA
Ubrania sportowe,https://wkdzik.pl/ubrania/8/default/4,8.50,,,{},results\images\ubrania-sportowe\1_8b760369.webp;results\images\ubrania-sportowe\2_aaa06a65.webp,UBRANIA
KOSZULKA SLIM CZARNA WNBF DZIK®,https://wkdzik.pl/koszulka-slim-czarna-wnbf-dzik,8.50,,,"{""Rozmiar"": ""1"", ""XS"": ""64"", ""S"": ""66"", ""M"": ""68"", ""L"": ""71"", ""XL"": ""73"", ""XXL"": ""75""}",results\images\koszulka-slim-czarna-wnbf-dzik\36_c4c7cb7d.jpg;results\images\koszulka-slim-czarna-wnbf-dzik\19_8ec4c30f.png,UBRANIA
SKARPETY BIEGOWE BIAŁE DZIK® PRO RUN,https://wkdzik.pl/skarpety-biegowe-biale-dzik-pro-run,8.50,,,{},results\images\skarpety-biegowe-białe-dzik-pro-run\19_6fa74f10.jpg;results\images\skarpety-biegowe-białe-dzik-pro-run\24_a4a38006.jpg,UBRANIA
SKARPETY BIEGOWE CZARNE DZIK® PRO RUN,https://wkdzik.pl/skarpety-biegowe-czarne-dzik-pro-run,8.50,,,{},results\images\skarpety-biegowe-czarne-dzik-pro-run\19_bceda5de.jpg;results\images\skarpety-biegowe-czarne-dzik-pro-run\24_33a6d58f.jpg,UBRANIA
BLUZA CREWNECK OVERSIZE ŻÓŁTA DZIK®,https://wkdzik.pl/bluza-crewneck-oversize-zolta-dzik,8.50,,,"{""Rozmiar"": ""1"", ""S"": ""69"", ""M"": ""71"", ""L"": ""73"", ""XL"": ""75"", ""XXL"": ""77""}",results\images\bluza-crewneck-oversize-żółta-dzik\19_5a9e92eb.png;results\images\bluza-crewneck-oversize-żółta-dzik\25_a74a2f76.png,UBRANIA
BLUZA CREWNECK OVERSIZE CZARNA DZIK®,https://wkdzik.pl/bluza-crewneck-oversize-czarna-dzik,8.50,,,"{""Rozmiar"": ""1"", ""S"": ""69"", ""M"": ""71"", ""L"": ""73"", ""XL"": ""75"", ""XXL"": ""77""}",results\images\bluza-crewneck-oversize-czarna-dzik\19_5ace1ada.png;results\images\bluza-crewneck-oversize-czarna-dzik\26_b544a491.png,UBRANIA
BLUZA CREWNECK OVERSIZE SZARA DZIK®,https://wkdzik.pl/bluza-crewneck-oversize-szara-dzik,8.50,,,"{""Rozmiar"": ""1"", ""S"": ""69"", ""M"": ""71"", ""L"": ""73"", ""XL"": ""75"", ""XXL"": ""77""}",results\images\bluza-crewneck-oversize-szara-dzik\19_7d4317a6.png;results\images\bluza-crewneck-oversize-szara-dzik\27_e2af9392.png,UBRANIA
SPODENKI ŻÓŁTE DZIK®,https://wkdzik.pl/spodenki-zolte-dzik,8.50,,,"{""Rozmiar"": ""1"", ""S"": ""40"", ""M"": ""42"", ""L"": ""44"", ""XL"": ""46"", ""XXL"": ""48""}",results\images\spodenki-żółte-dzik\19_9e4c3476.jpg;results\images\spodenki-żółte-dzik\24_06abe067.jpg,UBRANIA
SPODENKI CZARNE DZIK®,https://wkdzik.pl/spodenki-czarne-dzik,8.50,,,"{""Rozmiar"": ""1"", ""S"": ""40"", ""M"": ""42"", ""L"": ""44"", ""XL"": ""46"", ""XXL"": ""48""}",results\images\spodenki-czarne-dzik\19_973dcc91.png;results\images\spodenki-czarne-dzik\25_b02591da.png,UBRANIA
SPODENKI SZARE DZIK®,https://wkdzik.pl/spodenki-szare-dzik,8.50,,,"{""Rozmiar"": ""1"", ""S"": ""40"", ""M"": ""42"", ""L"": ""44"", ""XL"": ""46"", ""XXL"": ""48""}",results\images\spodenki-szare-dzik\19_b8a7c4c6.png;results\images\spodenki-szare-dzik\25_43e5947b.png,UBRANIA
KOSZULKA Z PERFORACJĄ OVERSIZE ŻÓŁTA DZIK®,https://wkdzik.pl/koszulka-z-perforacja-oversize-zolta-dzik,8.50,,,"{""Rozmiar"": ""1"", ""XS"": ""68,5"", ""S"": ""70,5"", ""M"": ""72,5"", ""L"": ""74,5"", ""XL"": ""76,5"", ""XXL"": ""78,5""}",results\images\koszulka-z-perforacją-oversize-żółta-dzik\19_14bb0482.png;results\images\koszulka-z-perforacją-oversize-żółta-dzik\25_b29e8fe8.png,UBRANIA
KOSZULKA Z PERFORACJĄ OVERSIZE CZARNA DZIK®,https://wkdzik.pl/koszulka-z-perforacja-oversize-czarna-dzik,8.50,,,"{""Rozmiar"": ""1"", ""XS"": ""68,5"", ""S"": ""70,5"", ""M"": ""72,5"", ""L"": ""74,5"", ""XL"": ""76,5"", ""XXL"": ""78,5""}",results\images\koszulka-z-perforacją-oversize-czarna-dzik\19_6b30d665.png;results\images\koszulka-z-perforacją-oversize-czarna-dzik\25_739b8c5e.png,UBRANIA
LONGSLEEVE Z PERFORACJĄ SLIM ŻÓŁTY DZIK®,https://wkdzik.pl/longsleeve-z-perforacja-slim-zolty-dzik,8.50,,,"{""Rozmiar"": ""1"", ""XS"": ""61,5"", ""S"": ""64"", ""M"": ""66,5"", ""L"": ""69"", ""XL"": ""71,5"", ""XXL"": ""74""}",results\images\longsleeve-z-perforacją-slim-żółty-dzik\19_52970222.png;results\images\longsleeve-z-perforacją-slim-żółty-dzik\27_862102bf.png,UBRANIA
LONGSLEEVE Z PERFORACJĄ SLIM CZARNY DZIK®,https://wkdzik.pl/longsleeve-z-perforacja-slim-czarny-dzik,8.50,,,"{""Rozmiar"": ""1"", ""XS"": ""61,5"", ""S"": ""64"", ""M"": ""66,5"", ""L"": ""69"", ""XL"": ""71,5"", ""XXL"": ""74""}",results\images\longsleeve-z-perforacją-slim-czarny-dzik\19_780ac8cb.png;results\images\longsleeve-z-perforacją-slim-czarny-dzik\27_cc20549a.png,UBRANIA
LONGSLEEVE Z PERFORACJĄ SLIM SZARY DZIK®,https://wkdzik.pl/longsleeve-z-perforacja-slim-szary-dzik,8.50,,,"{""Rozmiar"": ""1"", ""XS"": ""61,5"", ""S"": ""64"", ""M"": ""66,5"", ""L"": ""69"", ""XL"": ""71,5"", ""XXL"": ""74""}",results\images\longsleeve-z-perforacją-slim-szary-dzik\19_2abcacbe.png;results\images\longsleeve-z-perforacją-slim-szary-dzik\27_1a4ce8e1.png,UBRANIA
LEGGINSY CZARNE DZIK®,https://wkdzik.pl/legginsy-czarne-dzik,8.50,,,"{""Rozmiar"": ""1"", ""XS"": ""86"", ""S"": ""88"", ""M"": ""90"", ""L"": ""92"", ""XL"": ""94"", ""XXL"": ""96""}",results\images\legginsy-czarne-dzik\19_afd5cda7.png;results\images\legginsy-czarne-dzik\23_07b2b784.png,UBRANIA
KRÓTKIE LEGGINSY CZARNE DZIK®,https://wkdzik.pl/krotkie-legginsy-czarne-dzik,8.50,,,"{""Rozmiar"": ""1"", ""XS"": ""33"", ""S"": ""35"", ""M"": ""37"", ""L"": ""39"", ""XL"": ""41"", ""XXL"": ""43""}",results\images\krótkie-legginsy-czarne-dzik\19_a71ab7d3.png;results\images\krótkie-legginsy-czarne-dzik\25_421fb61b.png,UBRANIA
KOSZULKA Z PERFORACJĄ SLIM CZARNA DZIK®,https://wkdzik.pl/koszulka-z-perforacja-slim-czarna-dzik,8.50,,,"{""Rozmiar"": ""1"", ""XS"": ""62,5"", ""S"": ""65"", ""M"": ""67,5"", ""L"": ""70"", ""XL"": ""72,5"", ""XXL"": ""75""}",results\images\koszulka-z-perforacją-slim-czarna-dzik\19_582df20e.png;results\images\koszulka-z-perforacją-slim-czarna-dzik\28_b33d7cbb.png,UBRANIA
Ubrania sportowe,https://wkdzik.pl/ubrania/9,8.50,,,{},results\images\ubrania-sportowe\1_8b760369.webp;results\images\ubrania-sportowe\2_aaa06a65.webp,UBRANIA
Ubrania sportowe,https://wkdzik.pl/ubrania/9/default/2,8.50,,,{},results\images\ubrania-sportowe\1_8b760369.webp;results\images\ubrania-sportowe\2_aaa06a65.webp,UBRANIA
Ubrania sportowe,https://wkdzik.pl/ubrania/9/default/3,8.50,,,{},results\images\ubrania-sportowe\1_8b760369.webp;results\images\ubrania-sportowe\2_aaa06a65.webp,UBRANIA
Ubrania sportowe,https://wkdzik.pl/ubrania/9/default/4,8.50,,,{},results\images\ubrania-sportowe\1_8b760369.webp;results\images\ubrania-sportowe\2_aaa06a65.webp,UBRANIA
CZAPKA ZIMOWA BIAŁO‑CZARNA DZIK®,https://wkdzik.pl/czapka-zimowa-bialo-czarna-dzik,8.50,,,{},results\images\czapka-zimowa-białoczarna-dzik\19_ede491c5.png;results\images\czapka-zimowa-białoczarna-dzik\22_70e250e5.png,UBRANIA
CZAPKA ZIMOWA SZARA DZIK®,https://wkdzik.pl/czapka-zimowa-szara-dzik,8.50,,,{},results\images\czapka-zimowa-szara-dzik\19_e6121399.png;results\images\czapka-zimowa-szara-dzik\22_622e5b8d.png,UBRANIA
CZAPKA ZIMOWA NIEBIESKA DZIK®,https://wkdzik.pl/czapka-zimowa-niebieska-dzik,8.50,,,{},results\images\czapka-zimowa-niebieska-dzik\19_d7c29e1f.png;results\images\czapka-zimowa-niebieska-dzik\22_00bd76db.png,UBRANIA
CZAPKA ZIMOWA ZÓŁTA DZIK®,https://wkdzik.pl/czapka-zimowa-zolta-dzik,8.50,,,{},results\images\czapka-zimowa-zółta-dzik\19_08c6d3d5.jpg;results\images\czapka-zimowa-zółta-dzik\22_321ba4aa.jpg,UBRANIA
KURTKA PIKOWANA REGULAR CZARNA DZIK® PRIMALOFT®,https://wkdzik.pl/kurtka-pikowana-regular-czarna-dzik-primaloft,8.50,,,"{""ROZMIAR"": ""1"", ""S"": ""68"", ""M"": ""70"", ""L"": ""72"", ""XL"": ""74"", ""XXL"": ""76""}",results\images\kurtka-pikowana-regular-czarna-dzik-primaloft\38_fca5b389.png;results\images\kurtka-pikowana-regular-czarna-dzik-primaloft\19_76a522e0.png,UBRANIA
KURTKA OVERSIZE CZARNA DZIK® PRIMALOFT®,https://wkdzik.pl/kurtka-oversize-czarna-dzik-primaloft,8.50,,,"{""ROZMIAR"": ""1"", ""XS/S"": ""72"", ""M/L"": ""74"", ""XL/XXL"": ""76""}",results\images\kurtka-oversize-czarna-dzik-primaloft\46_fca5b389.png;results\images\kurtka-oversize-czarna-dzik-primaloft\19_869d635b.png,UBRANIA
DAMSKA KAMIZELKA CROP CZARNA DZIK®,https://wkdzik.pl/damska-kamizelka-crop-czarna-dzik,8.50,,,"{""ROZMIAR"": ""1"", ""XS"": ""57"", ""S"": ""59"", ""M"": ""61"", ""L"": ""63""}",results\images\damska-kamizelka-crop-czarna-dzik\19_ad985825.png;results\images\damska-kamizelka-crop-czarna-dzik\25_74031e22.png,UBRANIA
DAMSKA KAMIZELKA BRĄZOWA DZIK®,https://wkdzik.pl/damska-kamizelka-brazowa-dzik,8.50,,,"{""ROZMIAR"": ""1"", ""XS"": ""57"", ""S"": ""59"", ""M"": ""61"", ""L"": ""63""}",results\images\damska-kamizelka-brązowa-dzik\19_172f7f69.jpg;results\images\damska-kamizelka-brązowa-dzik\25_6795bb6a.jpg,UBRANIA
BLUZA INTERLOCK ROZPINANA CZARNA DZIK®,https://wkdzik.pl/bluza-interlock-rozpinana-czarna-dzik,8.50,,,"{""Rozmiar"": ""1"", ""S"": ""65,5"", ""M"": ""67,5"", ""L"": ""69,5"", ""XL"": ""71,5"", ""XXL"": ""73,5""}",results\images\bluza-interlock-rozpinana-czarna-dzik\19_01ec60a1.png;results\images\bluza-interlock-rozpinana-czarna-dzik\27_4069ecab.png,UBRANIA
SPODNIE INTERLOCK REGULAR CZARNE DZIK®,https://wkdzik.pl/spodnie-interlock-regular-czarne-dzik,8.50,,,"{""Rozmiar"": ""1"", ""S"": ""98"", ""M"": ""100"", ""L"": ""102"", ""XL"": ""104""}",results\images\spodnie-interlock-regular-czarne-dzik\19_61de7567.png;results\images\spodnie-interlock-regular-czarne-dzik\24_6ed9916f.png,UBRANIA
SPODNIE INTERLOCK OVERSIZE CZARNE DZIK®,https://wkdzik.pl/spodnie-interlock-oversize-czarne-dzik,8.50,,,"{""Rozmiar"": ""1"", ""S"": ""98"", ""M"": ""100"", ""L"": ""102"", ""XL"": ""104"", ""XXL"": ""106""}",results\images\spodnie-interlock-oversize-czarne-dzik\19_006fe559.png;results\images\spodnie-interlock-oversize-czarne-dzik\25_c3336dc8.png,UBRANIA
BLUZA INTERLOCK OVERSIZE BIAŁA DZIK®,https://wkdzik.pl/bluza-interlock-oversize-biala-dzik,8.50,,,"{""Rozmiar"": ""1"", ""S"": ""63"", ""M"": ""65"", ""L"": ""67"", ""XL"": ""69"", ""XXL"": ""71""}",results\images\bluza-interlock-oversize-biała-dzik\19_87ed1512.png;results\images\bluza-interlock-oversize-biała-dzik\25_b3a6643e.png,UBRANIA
SPODNIE INTERLOCK OVERSIZE BIAŁE DZIK®,https://wkdzik.pl/spodnie-interlock-oversize-biale-dzik,8.50,,,"{""Rozmiar"": ""1"", ""S"": ""98"", ""M"": ""100"", ""L"": ""102"", ""XL"": ""104"", ""XXL"": ""106""}",results\images\spodnie-interlock-oversize-białe-dzik\19_ac083e54.jpg;results\images\spodnie-interlock-oversize-białe-dzik\25_fa904f89.jpg,UBRANIA
BLUZA INTERLOCK OVERSIZE ZIELONA DZIK®,https://wkdzik.pl/bluza-interlock-oversize-zielona-dzik,8.50,,,"{""Rozmiar"": ""1"", ""S"": ""63"", ""M"": ""65"", ""L"": ""67"", ""XL"": ""69"", ""XXL"": ""71""}",results\images\bluza-interlock-oversize-zielona-dzik\19_5e242fd5.png;results\images\bluza-interlock-oversize-zielona-dzik\28_c8bfa704.png,UBRANIA
SPODNIE INTERLOCK OVERSIZE ZIELONE DZIK®,https://wkdzik.pl/spodnie-interlock-oversize-zielone-dzik,8.50,,,"{""Rozmiar"": ""1"", ""S"": ""98"", ""M"": ""100"", ""L"": ""102"", ""XL"": ""104"", ""XXL"": ""106""}",results\images\spodnie-interlock-oversize-zielone-dzik\19_b0949af6.png;results\images\spodnie-interlock-oversize-zielone-dzik\27_64ddd16a.png,UBRANIA
DAMSKA BLUZA INTERLOCK ROZPINANA NIEBIESKA DZIK®,https://wkdzik.pl/damska-bluza-interlock-rozpinana-niebieska-dzik,8.50,,,"{""Rozmiar"": ""1"", ""XS"": ""61"", ""S"": ""63,5"", ""M"": ""65,5"", ""L"": ""67,5""}",results\images\damska-bluza-interlock-rozpinana-niebieska-dzik\19_113897f3.png;results\images\damska-bluza-interlock-rozpinana-niebieska-dzik\24_65a9af4c.png,UBRANIA
Ubrania sportowe,https://wkdzik.pl/ubrania/10,8.50,,,{},results\images\ubrania-sportowe\1_8b760369.webp;results\images\ubrania-sportowe\2_aaa06a65.webp,UBRANIA
Ubrania sportowe,https://wkdzik.pl/ubrania/10/default/2,8.50,,,{},results\images\ubrania-sportowe\1_8b760369.webp;results\images\ubrania-sportowe\2_aaa06a65.webp,UBRANIA
Ubrania sportowe,https://wkdzik.pl/ubrania/10/default/3,8.50,,,{},results\images\ubrania-sportowe\1_8b760369.webp;results\images\ubrania-sportowe\2_aaa06a65.webp,UBRANIA
Ubrania sportowe,https://wkdzik.pl/ubrania/10/default/4,8.50,,,{},results\images\ubrania-sportowe\1_8b760369.webp;results\images\ubrania-sportowe\2_aaa06a65.webp,UBRANIA
DAMSKIE SPODNIE INTERLOCK REGULAR NIEBIESKIE DZIK®,https://wkdzik.pl/damskie-spodnie-interlock-regular-niebieskie-dzik,8.50,,,"{""Rozmiar"": ""1"", ""XS"": ""94"", ""S"": ""96"", ""M"": ""98"", ""L"": ""100""}",results\images\damskie-spodnie-interlock-regular-niebieskie-dzik\19_ee3ecb29.png;results\images\damskie-spodnie-interlock-regular-niebieskie-dzik\25_20355de8.png,UBRANIA
DAMSKA BLUZA INTERLOCK ROZPINANA CZARNA DZIK®,https://wkdzik.pl/damska-bluza-interlock-rozpinana-czarna-dzik,8.50,,,"{""Rozmiar"": ""1"", ""XS"": ""61,5"", ""S"": ""63,5"", ""M"": ""65,5"", ""L"": ""67,5""}",results\images\damska-bluza-interlock-rozpinana-czarna-dzik\19_b40c2603.jpg;results\images\damska-bluza-interlock-rozpinana-czarna-dzik\25_83e481f3.jpg,UBRANIA
DAMSKIE SPODNIE INTERLOCK REGULAR CZARNE DZIK®,https://wkdzik.pl/damskie-spodnie-interlock-regular-czarne-dzik,8.50,,,"{""Rozmiar"": ""1"", ""XS"": ""94"", ""S"": ""96"", ""M"": ""98"", ""L"": ""100""}",results\images\damskie-spodnie-interlock-regular-czarne-dzik\19_cef4c0b0.png;results\images\damskie-spodnie-interlock-regular-czarne-dzik\25_8cbb709d.png,UBRANIA
DAMSKA BLUZA INTERLOCK OVERSIZE RÓŻOWA DZIK®,https://wkdzik.pl/damska-bluza-interlock-oversize-rozowa-dzik,8.50,,,"{""Rozmiar"": ""1"", ""XS"": ""61"", ""S"": ""63"", ""M"": ""65"", ""L"": ""67""}",results\images\damska-bluza-interlock-oversize-różowa-dzik\19_7efb1b26.png;results\images\damska-bluza-interlock-oversize-różowa-dzik\26_c7967d19.png,UBRANIA
DAMSKIE SPODNIE INTERLOCK OVERSIZE RÓŻOWE DZIK®,https://wkdzik.pl/damskie-spodnie-interlock-oversize-rozowe-dzik,8.50,,,"{""Rozmiar"": ""1"", ""XS"": ""94"", ""S"": ""96"", ""M"": ""98"", ""L"": ""100""}",results\images\damskie-spodnie-interlock-oversize-różowe-dzik\19_f9d76041.png;results\images\damskie-spodnie-interlock-oversize-różowe-dzik\24_0eb5fca0.png,UBRANIA
DAMSKA BLUZA INTERLOCK OVERSIZE CZARNA DZIK®,https://wkdzik.pl/damska-bluza-interlock-oversize-czarna-dzik,8.50,,,"{""Rozmiar"": ""1"", ""XS"": ""61"", ""S"": ""63"", ""M"": ""65"", ""L"": ""67""}",results\images\damska-bluza-interlock-oversize-czarna-dzik\19_95ba094b.jpg;results\images\damska-bluza-interlock-oversize-czarna-dzik\27_c8ead678.jpg,UBRANIA
DAMSKIE SPODNIE INTERLOCK OVERSIZE CZARNE DZIK®,https://wkdzik.pl/damskie-spodnie-interlock-oversize-czarne-dzik,8.50,,,"{""Rozmiar"": ""1"", ""XS"": ""94"", ""S"": ""96"", ""M"": ""98"", ""L"": ""100""}",results\images\damskie-spodnie-interlock-oversize-czarne-dzik\19_decf6d1b.jpg;results\images\damskie-spodnie-interlock-oversize-czarne-dzik\24_0ca96c50.jpg,UBRANIA
DAMSKA BLUZA INTERLOCK OVERSIZE BIAŁA DZIK®,https://wkdzik.pl/damska-bluza-interlock-biala-dzik,8.50,,,"{""Rozmiar"": ""1"", ""XS"": ""61"", ""S"": ""63"", ""M"": ""65"", ""L"": ""67""}",results\images\damska-bluza-interlock-oversize-biała-dzik\19_d3b71506.png;results\images\damska-bluza-interlock-oversize-biała-dzik\28_ccb20f6e.png,UBRANIA
DAMSKIE SPODNIE INTERLOCK OVERSIZE BIAŁE DZIK®,https://wkdzik.pl/damskie-spodnie-interlock-biale-dzik,8.50,,,"{""Rozmiar"": ""1"", ""XS"": ""94"", ""S"": ""96"", ""M"": ""98"", ""L"": ""100""}",results\images\damskie-spodnie-interlock-oversize-białe-dzik\19_3c06d99d.jpg;results\images\damskie-spodnie-interlock-oversize-białe-dzik\24_c5e2ad40.jpg,UBRANIA
TORBA SHOPPER DZIK®,https://wkdzik.pl/torba-shopper-dzik,8.50,,,{},results\images\torba-shopper-dzik\19_cfb31399.png;results\images\torba-shopper-dzik\23_4f933e27.png,UBRANIA
NERKA DZIK®,https://wkdzik.pl/nerka-dzik,8.50,,,{},results\images\nerka-dzik\19_0968571b.png;results\images\nerka-dzik\23_3cccc3db.png,UBRANIA
PLECAK DZIK®,https://wkdzik.pl/plecak-dzik,8.50,,,{},results\images\plecak-dzik\19_1ad93bcd.png;results\images\plecak-dzik\24_07472865.png,UBRANIA
KUBEK TERMICZNY BEŻOWY DŻWIGAJ DZIEWCZYNO,https://wkdzik.pl/kubek-termiczny-bezowy-dzwigaj-dziewczyno,8.50,,,{},results\images\kubek-termiczny-beżowy-dżwigaj-dziewczyno\19_4c1bb896.png;results\images\kubek-termiczny-beżowy-dżwigaj-dziewczyno\23_43096b93.png,UBRANIA
KUBEK TERMICZNY CZARNY DZIK®,https://wkdzik.pl/kubek-termiczny-czarny-dzik,8.50,,,{},results\images\kubek-termiczny-czarny-dzik\19_2a3e169f.png;results\images\kubek-termiczny-czarny-dzik\23_19e9e185.png,UBRANIA
CZAPKA ZIMOWA GRAFIT DZIK®,https://wkdzik.pl/dzik-czapka-zimowa-grafit,8.50,,,{},results\images\czapka-zimowa-grafit-dzik\19_ce05e98c.jpg;results\images\czapka-zimowa-grafit-dzik\23_3466f72e.jpg,UBRANIA
CZAPKA ZIMOWA CZARNA DZIK®,https://wkdzik.pl/czapka-zimowa-czarna-dzik,8.50,,,{},results\images\czapka-zimowa-czarna-dzik\19_d2de20a8.jpg;results\images\czapka-zimowa-czarna-dzik\22_16be56a5.jpg,UBRANIA
CZAPKA Z DASZKIEM BIAŁA DZIK® PRO RUN,https://wkdzik.pl/dzik-pro-run-czapka-z-daszkiem-biala,8.50,,,{},results\images\czapka-z-daszkiem-biała-dzik-pro-run\19_83c4a12e.jpg;results\images\czapka-z-daszkiem-biała-dzik-pro-run\23_872b82cf.jpg,UBRANIA
Odzież sportowa męska,https://wkdzik.pl/ubrania/meskie/1/default/2,8.50,,,{},results\images\odzież-sportowa-męska\1_8b760369.webp;results\images\odzież-sportowa-męska\2_aaa06a65.webp,UBRANIA > Mężczyźni
Odzież sportowa męska,https://wkdzik.pl/ubrania/meskie/1/default/3,8.50,,,{},results\images\odzież-sportowa-męska\1_8b760369.webp;results\images\odzież-sportowa-męska\2_aaa06a65.webp,UBRANIA > Mężczyźni
Odzież sportowa męska,https://wkdzik.pl/ubrania/meskie/1/default/4,8.50,,,{},results\images\odzież-sportowa-męska\1_8b760369.webp;results\images\odzież-sportowa-męska\2_aaa06a65.webp,UBRANIA > Mężczyźni
Odzież sportowa męska,https://wkdzik.pl/ubrania/meskie/1/default/1/f_ov_32_305/1,8.50,,,{},results\images\odzież-sportowa-męska\1_8b760369.webp;results\images\odzież-sportowa-męska\2_aaa06a65.webp,UBRANIA > Mężczyźni
Odzież sportowa męska,https://wkdzik.pl/ubrania/meskie/1/default/1/f_ov_32_306/1,8.50,,,{},results\images\odzież-sportowa-męska\1_8b760369.webp;results\images\odzież-sportowa-męska\2_aaa06a65.webp,UBRANIA > Mężczyźni
Odzież sportowa męska,https://wkdzik.pl/ubrania/meskie/1/default/1/f_ov_32_307/1,8.50,,,{},results\images\odzież-sportowa-męska\1_8b760369.webp;results\images\odzież-sportowa-męska\2_aaa06a65.webp,UBRANIA > Mężczyźni
Odzież sportowa męska,https://wkdzik.pl/ubrania/meskie/1/default/1/f_ov_32_308/1,8.50,,,{},results\images\odzież-sportowa-męska\1_8b760369.webp;results\images\odzież-sportowa-męska\2_aaa06a65.webp,UBRANIA > Mężczyźni
Odzież sportowa męska,https://wkdzik.pl/ubrania/meskie/1/default/1/f_ov_32_309/1,8.50,,,{},results\images\odzież-sportowa-męska\1_8b760369.webp;results\images\odzież-sportowa-męska\2_aaa06a65.webp,UBRANIA > Mężczyźni
Odzież sportowa męska,https://wkdzik.pl/ubrania/meskie/1/default/1/f_ov_32_310/1,8.50,,,{},results\images\odzież-sportowa-męska\1_8b760369.webp;results\images\odzież-sportowa-męska\2_aaa06a65.webp,UBRANIA > Mężczyźni
Odzież sportowa męska,https://wkdzik.pl/ubrania/meskie/1/default/1/f_ov_32_325/1,8.50,,,{},results\images\odzież-sportowa-męska\1_8b760369.webp;results\images\odzież-sportowa-męska\2_aaa06a65.webp,UBRANIA > Mężczyźni
Odzież sportowa męska,https://wkdzik.pl/ubrania/meskie/1/default/1/f_ov_32_326/1,8.50,,,{},results\images\odzież-sportowa-męska\1_8b760369.webp;results\images\odzież-sportowa-męska\2_aaa06a65.webp,UBRANIA > Mężczyźni
Odzież sportowa męska,https://wkdzik.pl/ubrania/meskie/1/default/1/f_ov_32_321/1,8.50,,,{},results\images\odzież-sportowa-męska\1_8b760369.webp;results\images\odzież-sportowa-męska\2_aaa06a65.webp,UBRANIA > Mężczyźni
Odzież sportowa męska,https://wkdzik.pl/ubrania/meskie/1/default/1/f_ov_32_322/1,8.50,,,{},results\images\odzież-sportowa-męska\1_8b760369.webp;results\images\odzież-sportowa-męska\2_aaa06a65.webp,UBRANIA > Mężczyźni
Odzież sportowa męska,https://wkdzik.pl/ubrania/meskie/1/default/1/f_ov_32_323/1,8.50,,,{},results\images\odzież-sportowa-męska\1_8b760369.webp;results\images\odzież-sportowa-męska\2_aaa06a65.webp,UBRANIA > Mężczyźni
Odzież sportowa męska,https://wkdzik.pl/ubrania/meskie/1/default/1/f_ov_32_678/1,8.50,,,{},results\images\odzież-sportowa-męska\1_8b760369.webp;results\images\odzież-sportowa-męska\2_aaa06a65.webp,UBRANIA > Mężczyźni
Odzież sportowa męska,https://wkdzik.pl/ubrania/meskie/1/default/1/f_ov_32_679/1,8.50,,,{},results\images\odzież-sportowa-męska\1_8b760369.webp;results\images\odzież-sportowa-męska\2_aaa06a65.webp,UBRANIA > Mężczyźni
Odzież sportowa męska,https://wkdzik.pl/ubrania/meskie/1/default/1/f_ov_32_680/1,8.50,,,{},results\images\odzież-sportowa-męska\1_8b760369.webp;results\images\odzież-sportowa-męska\2_aaa06a65.webp,UBRANIA > Mężczyźni
Odzież sportowa męska,https://wkdzik.pl/ubrania/meskie/1/default/1/f_at_65_417/1,8.50,,,{},results\images\odzież-sportowa-męska\1_8b760369.webp;results\images\odzież-sportowa-męska\2_aaa06a65.webp,UBRANIA > Mężczyźni
Odzież sportowa męska,https://wkdzik.pl/ubrania/meskie/1/default/1/f_at_65_418/1,8.50,,,{},results\images\odzież-sportowa-męska\1_8b760369.webp;results\images\odzież-sportowa-męska\2_aaa06a65.webp,UBRANIA > Mężczyźni
Odzież sportowa męska,https://wkdzik.pl/ubrania/meskie/1/default/1/f_at_44_310/1,8.50,,,{},results\images\odzież-sportowa-męska\1_8b760369.webp;results\images\odzież-sportowa-męska\2_aaa06a65.webp,UBRANIA > Mężczyźni
Odzież sportowa męska,https://wkdzik.pl/ubrania/meskie/1/default/1/f_at_44_43/1,8.50,,,{},results\images\odzież-sportowa-męska\1_8b760369.webp;results\images\odzież-sportowa-męska\2_aaa06a65.webp,UBRANIA > Mężczyźni
Odzież sportowa męska,https://wkdzik.pl/ubrania/meskie/1/default/1/f_at_44_292/1,8.50,,,{},results\images\odzież-sportowa-męska\1_8b760369.webp;results\images\odzież-sportowa-męska\2_aaa06a65.webp,UBRANIA > Mężczyźni
Odzież sportowa męska,https://wkdzik.pl/ubrania/meskie/1/default/1/f_at_44_293/1,8.50,,,{},results\images\odzież-sportowa-męska\1_8b760369.webp;results\images\odzież-sportowa-męska\2_aaa06a65.webp,UBRANIA > Mężczyźni
Odzież sportowa męska,https://wkdzik.pl/ubrania/meskie/1/default/1/f_at_44_294/1,8.50,,,{},results\images\odzież-sportowa-męska\1_8b760369.webp;results\images\odzież-sportowa-męska\2_aaa06a65.webp,UBRANIA > Mężczyźni
Odzież sportowa męska,https://wkdzik.pl/ubrania/meskie/1/default/1/f_at_44_295/1,8.50,,,{},results\images\odzież-sportowa-męska\1_8b760369.webp;results\images\odzież-sportowa-męska\2_aaa06a65.webp,UBRANIA > Mężczyźni
Odzież sportowa męska,https://wkdzik.pl/ubrania/meskie/1/default/1/f_at_44_296/1,8.50,,,{},results\images\odzież-sportowa-męska\1_8b760369.webp;results\images\odzież-sportowa-męska\2_aaa06a65.webp,UBRANIA > Mężczyźni
Odzież sportowa męska,https://wkdzik.pl/ubrania/meskie/1/default/1/f_at_44_297/1,8.50,,,{},results\images\odzież-sportowa-męska\1_8b760369.webp;results\images\odzież-sportowa-męska\2_aaa06a65.webp,UBRANIA > Mężczyźni
Odzież sportowa męska,https://wkdzik.pl/ubrania/meskie/1/default/1/f_at_44_298/1,8.50,,,{},results\images\odzież-sportowa-męska\1_8b760369.webp;results\images\odzież-sportowa-męska\2_aaa06a65.webp,UBRANIA > Mężczyźni
Odzież sportowa męska,https://wkdzik.pl/ubrania/meskie/1/default/1/f_at_44_300/1,8.50,,,{},results\images\odzież-sportowa-męska\1_8b760369.webp;results\images\odzież-sportowa-męska\2_aaa06a65.webp,UBRANIA > Mężczyźni
Odzież sportowa męska,https://wkdzik.pl/ubrania/meskie/1/default/1/f_at_44_302/1,8.50,,,{},results\images\odzież-sportowa-męska\1_8b760369.webp;results\images\odzież-sportowa-męska\2_aaa06a65.webp,UBRANIA > Mężczyźni
Odzież sportowa męska,https://wkdzik.pl/ubrania/meskie/1/default/1/f_at_44_305/1,8.50,,,{},results\images\odzież-sportowa-męska\1_8b760369.webp;results\images\odzież-sportowa-męska\2_aaa06a65.webp,UBRANIA > Mężczyźni
Odzież sportowa męska,https://wkdzik.pl/ubrania/meskie/1/default/1/f_at_44_306/1,8.50,,,{},results\images\odzież-sportowa-męska\1_8b760369.webp;results\images\odzież-sportowa-męska\2_aaa06a65.webp,UBRANIA > Mężczyźni
Odzież sportowa męska,https://wkdzik.pl/ubrania/meskie/1/default/1/f_at_44_308/1,8.50,,,{},results\images\odzież-sportowa-męska\1_8b760369.webp;results\images\odzież-sportowa-męska\2_aaa06a65.webp,UBRANIA > Mężczyźni
Odzież sportowa męska,https://wkdzik.pl/ubrania/meskie/1/default/1/f_at_44_315/1,8.50,,,{},results\images\odzież-sportowa-męska\1_8b760369.webp;results\images\odzież-sportowa-męska\2_aaa06a65.webp,UBRANIA > Mężczyźni
Odzież sportowa męska,https://wkdzik.pl/ubrania/meskie/1/default/1/f_at_46_316/1,8.50,,,{},results\images\odzież-sportowa-męska\1_8b760369.webp;results\images\odzież-sportowa-męska\2_aaa06a65.webp,UBRANIA > Mężczyźni
Odzież sportowa męska,https://wkdzik.pl/ubrania/meskie/1/default/1/f_at_46_317/1,8.50,,,{},results\images\odzież-sportowa-męska\1_8b760369.webp;results\images\odzież-sportowa-męska\2_aaa06a65.webp,UBRANIA > Mężczyźni
Odzież sportowa męska,https://wkdzik.pl/ubrania/meskie/1/default/1/f_at_46_318/1,8.50,,,{},results\images\odzież-sportowa-męska\1_8b760369.webp;results\images\odzież-sportowa-męska\2_aaa06a65.webp,UBRANIA > Mężczyźni
Odzież sportowa męska,https://wkdzik.pl/ubrania/meskie/1/default/1/f_at_46_319/1,8.50,,,{},results\images\odzież-sportowa-męska\1_8b760369.webp;results\images\odzież-sportowa-męska\2_aaa06a65.webp,UBRANIA > Mężczyźni
Odzież sportowa męska,https://wkdzik.pl/ubrania/meskie/1/default/1/f_at_46_358/1,8.50,,,{},results\images\odzież-sportowa-męska\1_8b760369.webp;results\images\odzież-sportowa-męska\2_aaa06a65.webp,UBRANIA > Mężczyźni
Odzież sportowa męska,https://wkdzik.pl/ubrania/meskie/1/default/1/f_at_3_31/1,8.50,,,{},results\images\odzież-sportowa-męska\1_8b760369.webp;results\images\odzież-sportowa-męska\2_aaa06a65.webp,UBRANIA > Mężczyźni
Odzież sportowa męska,https://wkdzik.pl/ubrania/meskie/1/default/1/f_at_3_35/1,8.50,,,{},results\images\odzież-sportowa-męska\1_8b760369.webp;results\images\odzież-sportowa-męska\2_aaa06a65.webp,UBRANIA > Mężczyźni
Odzież sportowa męska,https://wkdzik.pl/ubrania/meskie/1/default/1/f_at_3_421/1,8.50,,,{},results\images\odzież-sportowa-męska\1_8b760369.webp;results\images\odzież-sportowa-męska\2_aaa06a65.webp,UBRANIA > Mężczyźni
Odzież sportowa męska,https://wkdzik.pl/ubrania/meskie/1/default/1/f_at_3_422/1,8.50,,,{},results\images\odzież-sportowa-męska\1_8b760369.webp;results\images\odzież-sportowa-męska\2_aaa06a65.webp,UBRANIA > Mężczyźni
Odzież sportowa męska,https://wkdzik.pl/ubrania/meskie/1/default/1/f_at_3_423/1,8.50,,,{},results\images\odzież-sportowa-męska\1_8b760369.webp;results\images\odzież-sportowa-męska\2_aaa06a65.webp,UBRANIA > Mężczyźni
Odzież sportowa męska,https://wkdzik.pl/ubrania/meskie/1/default/1/f_at_3_425/1,8.50,,,{},results\images\odzież-sportowa-męska\1_8b760369.webp;results\images\odzież-sportowa-męska\2_aaa06a65.webp,UBRANIA > Mężczyźni
Odzież sportowa męska,https://wkdzik.pl/ubrania/meskie/1/default/1/f_at_3_428/1,8.50,,,{},results\images\odzież-sportowa-męska\1_8b760369.webp;results\images\odzież-sportowa-męska\2_aaa06a65.webp,UBRANIA > Mężczyźni
Odzież sportowa męska,https://wkdzik.pl/ubrania/meskie/1/default/1/f_at_3_440/1,8.50,,,{},results\images\odzież-sportowa-męska\1_8b760369.webp;results\images\odzież-sportowa-męska\2_aaa06a65.webp,UBRANIA > Mężczyźni
Odzież sportowa męska,https://wkdzik.pl/ubrania/meskie/1/default/1/f_at_43_42/1,8.50,,,{},results\images\odzież-sportowa-męska\1_8b760369.webp;results\images\odzież-sportowa-męska\2_aaa06a65.webp,UBRANIA > Mężczyźni
Odzież sportowa męska,https://wkdzik.pl/ubrania/meskie/1/default/1/f_at_43_164/1,8.50,,,{},results\images\odzież-sportowa-męska\1_8b760369.webp;results\images\odzież-sportowa-męska\2_aaa06a65.webp,UBRANIA > Mężczyźni
Odzież sportowa męska,https://wkdzik.pl/ubrania/meskie/1/default/1/f_at_43_166/1,8.50,,,{},results\images\odzież-sportowa-męska\1_8b760369.webp;results\images\odzież-sportowa-męska\2_aaa06a65.webp,UBRANIA > Mężczyźni
Odzież sportowa męska,https://wkdzik.pl/ubrania/meskie/1/default/1/f_at_43_167/1,8.50,,,{},results\images\odzież-sportowa-męska\1_8b760369.webp;results\images\odzież-sportowa-męska\2_aaa06a65.webp,UBRANIA > Mężczyźni
Odzież sportowa męska,https://wkdzik.pl/ubrania/meskie/1/default/1/f_at_43_168/1,8.50,,,{},results\images\odzież-sportowa-męska\1_8b760369.webp;results\images\odzież-sportowa-męska\2_aaa06a65.webp,UBRANIA > Mężczyźni
Odzież sportowa męska,https://wkdzik.pl/ubrania/meskie/1/default/1/f_at_43_169/1,8.50,,,{},results\images\odzież-sportowa-męska\1_8b760369.webp;results\images\odzież-sportowa-męska\2_aaa06a65.webp,UBRANIA > Mężczyźni
Odzież sportowa męska,https://wkdzik.pl/ubrania/meskie/1/default/1/f_at_43_171/1,8.50,,,{},results\images\odzież-sportowa-męska\1_8b760369.webp;results\images\odzież-sportowa-męska\2_aaa06a65.webp,UBRANIA > Mężczyźni
Odzież sportowa męska,https://wkdzik.pl/ubrania/meskie/1/default/1/f_at_43_173/1,8.50,,,{},results\images\odzież-sportowa-męska\1_8b760369.webp;results\images\odzież-sportowa-męska\2_aaa06a65.webp,UBRANIA > Mężczyźni
Odzież sportowa męska,https://wkdzik.pl/ubrania/meskie/1/default/1/f_at_43_174/1,8.50,,,{},results\images\odzież-sportowa-męska\1_8b760369.webp;results\images\odzież-sportowa-męska\2_aaa06a65.webp,UBRANIA > Mężczyźni
Odzież sportowa męska,https://wkdzik.pl/ubrania/meskie/1/default/1/f_at_43_176/1,8.50,,,{},results\images\odzież-sportowa-męska\1_8b760369.webp;results\images\odzież-sportowa-męska\2_aaa06a65.webp,UBRANIA > Mężczyźni
Odzież sportowa męska,https://wkdzik.pl/ubrania/meskie/1/default/1/f_at_43_177/1,8.50,,,{},results\images\odzież-sportowa-męska\1_8b760369.webp;results\images\odzież-sportowa-męska\2_aaa06a65.webp,UBRANIA > Mężczyźni
Odzież sportowa męska,https://wkdzik.pl/ubrania/meskie/1/default/1/f_at_43_178/1,8.50,,,{},results\images\odzież-sportowa-męska\1_8b760369.webp;results\images\odzież-sportowa-męska\2_aaa06a65.webp,UBRANIA > Mężczyźni
Odzież sportowa męska,https://wkdzik.pl/ubrania/meskie/1/default/1/f_at_43_427/1,8.50,,,{},results\images\odzież-sportowa-męska\1_8b760369.webp;results\images\odzież-sportowa-męska\2_aaa06a65.webp,UBRANIA > Mężczyźni
Odzież sportowa męska,https://wkdzik.pl/ubrania/meskie/1/default/1/f_at_43_438/1,8.50,,,{},results\images\odzież-sportowa-męska\1_8b760369.webp;results\images\odzież-sportowa-męska\2_aaa06a65.webp,UBRANIA > Mężczyźni
Odzież sportowa męska,https://wkdzik.pl/ubrania/meskie/1/default/1/f_at_45_216/1,8.50,,,{},results\images\odzież-sportowa-męska\1_8b760369.webp;results\images\odzież-sportowa-męska\2_aaa06a65.webp,UBRANIA > Mężczyźni
Odzież sportowa męska,https://wkdzik.pl/ubrania/meskie/1/default/1/f_at_45_430/1,8.50,,,{},results\images\odzież-sportowa-męska\1_8b760369.webp;results\images\odzież-sportowa-męska\2_aaa06a65.webp,UBRANIA > Mężczyźni
Odzież sportowa męska,https://wkdzik.pl/ubrania/meskie/1/default/1/f_at_45_419/1,8.50,,,{},results\images\odzież-sportowa-męska\1_8b760369.webp;results\images\odzież-sportowa-męska\2_aaa06a65.webp,UBRANIA > Mężczyźni
Odzież sportowa męska,https://wkdzik.pl/ubrania/meskie/1/default/1/f_at_45_220/1,8.50,,,{},results\images\odzież-sportowa-męska\1_8b760369.webp;results\images\odzież-sportowa-męska\2_aaa06a65.webp,UBRANIA > Mężczyźni
Odzież sportowa męska,https://wkdzik.pl/ubrania/meskie/1/default/1/f_at_45_225/1,8.50,,,{},results\images\odzież-sportowa-męska\1_8b760369.webp;results\images\odzież-sportowa-męska\2_aaa06a65.webp,UBRANIA > Mężczyźni
Odzież sportowa męska,https://wkdzik.pl/ubrania/meskie/1/default/1/f_at_45_426/1,8.50,,,{},results\images\odzież-sportowa-męska\1_8b760369.webp;results\images\odzież-sportowa-męska\2_aaa06a65.webp,UBRANIA > Mężczyźni
Odzież sportowa męska,https://wkdzik.pl/ubrania/meskie/1/default/1/f_availability_2/1,8.50,,,{},results\images\odzież-sportowa-męska\1_8b760369.webp;results\images\odzież-sportowa-męska\2_aaa06a65.webp,UBRANIA > Mężczyźni
Odzież sportowa męska,https://wkdzik.pl/ubrania/meskie/1/default/1/f_availability_4/1,8.50,,,{},results\images\odzież-sportowa-męska\1_8b760369.webp;results\images\odzież-sportowa-męska\2_aaa06a65.webp,UBRANIA > Mężczyźni
Odzież sportowa męska,https://wkdzik.pl/ubrania/meskie/1/default/1/f_availability_5/1,8.50,,,{},results\images\odzież-sportowa-męska\1_8b760369.webp;results\images\odzież-sportowa-męska\2_aaa06a65.webp,UBRANIA > Mężczyźni
Odzież sportowa męska,https://wkdzik.pl/ubrania/meskie/1/default/1/f_availability_9/1,8.50,,,{},results\images\odzież-sportowa-męska\1_8b760369.webp;results\images\odzież-sportowa-męska\2_aaa06a65.webp,UBRANIA > Mężczyźni
Odzież sportowa męska,https://wkdzik.pl/ubrania/meskie/2,8.50,,,{},results\images\odzież-sportowa-męska\1_8b760369.webp;results\images\odzież-sportowa-męska\2_aaa06a65.webp,UBRANIA > Mężczyźni
Odzież sportowa męska,https://wkdzik.pl/ubrania/meskie/2/default/2,8.50,,,{},results\images\odzież-sportowa-męska\1_8b760369.webp;results\images\odzież-sportowa-męska\2_aaa06a65.webp,UBRANIA > Mężczyźni
Odzież sportowa męska,https://wkdzik.pl/ubrania/meskie/2/default/3,8.50,,,{},results\images\odzież-sportowa-męska\1_8b760369.webp;results\images\odzież-sportowa-męska\2_aaa06a65.webp,UBRANIA > Mężczyźni
Odzież sportowa męska,https://wkdzik.pl/ubrania/meskie/2/default/4,8.50,,,{},results\images\odzież-sportowa-męska\1_8b760369.webp;results\images\odzież-sportowa-męska\2_aaa06a65.webp,UBRANIA > Mężczyźni
Odzież sportowa męska,https://wkdzik.pl/ubrania/meskie/3,8.50,,,{},results\images\odzież-sportowa-męska\1_8b760369.webp;results\images\odzież-sportowa-męska\2_aaa06a65.webp,UBRANIA > Mężczyźni
Odzież sportowa męska,https://wkdzik.pl/ubrania/meskie/3/default/2,8.50,,,{},results\images\odzież-sportowa-męska\1_8b760369.webp;results\images\odzież-sportowa-męska\2_aaa06a65.webp,UBRANIA > Mężczyźni
Odzież sportowa męska,https://wkdzik.pl/ubrania/meskie/3/default/3,8.50,,,{},results\images\odzież-sportowa-męska\1_8b760369.webp;results\images\odzież-sportowa-męska\2_aaa06a65.webp,UBRANIA > Mężczyźni
Odzież sportowa męska,https://wkdzik.pl/ubrania/meskie/3/default/4,8.50,,,{},results\images\odzież-sportowa-męska\1_8b760369.webp;results\images\odzież-sportowa-męska\2_aaa06a65.webp,UBRANIA > Mężczyźni
Odzież sportowa męska,https://wkdzik.pl/ubrania/meskie/4,8.50,,,{},results\images\odzież-sportowa-męska\1_8b760369.webp;results\images\odzież-sportowa-męska\2_aaa06a65.webp,UBRANIA > Mężczyźni
Odzież sportowa męska,https://wkdzik.pl/ubrania/meskie/4/default/2,8.50,,,{},results\images\odzież-sportowa-męska\1_8b760369.webp;results\images\odzież-sportowa-męska\2_aaa06a65.webp,UBRANIA > Mężczyźni
Odzież sportowa męska,https://wkdzik.pl/ubrania/meskie/4/default/3,8.50,,,{},results\images\odzież-sportowa-męska\1_8b760369.webp;results\images\odzież-sportowa-męska\2_aaa06a65.webp,UBRANIA > Mężczyźni
Odzież sportowa męska,https://wkdzik.pl/ubrania/meskie/4/default/4,8.50,,,{},results\images\odzież-sportowa-męska\1_8b760369.webp;results\images\odzież-sportowa-męska\2_aaa06a65.webp,UBRANIA > Mężczyźni
Odzież sportowa męska,https://wkdzik.pl/ubrania/meskie/5,8.50,,,{},results\images\odzież-sportowa-męska\1_8b760369.webp;results\images\odzież-sportowa-męska\2_aaa06a65.webp,UBRANIA > Mężczyźni
Odzież sportowa męska,https://wkdzik.pl/ubrania/meskie/5/default/2,8.50,,,{},results\images\odzież-sportowa-męska\1_8b760369.webp;results\images\odzież-sportowa-męska\2_aaa06a65.webp,UBRANIA > Mężczyźni
Odzież sportowa męska,https://wkdzik.pl/ubrania/meskie/5/default/3,8.50,,,{},results\images\odzież-sportowa-męska\1_8b760369.webp;results\images\odzież-sportowa-męska\2_aaa06a65.webp,UBRANIA > Mężczyźni
Odzież sportowa męska,https://wkdzik.pl/ubrania/meskie/5/default/4,8.50,,,{},results\images\odzież-sportowa-męska\1_8b760369.webp;results\images\odzież-sportowa-męska\2_aaa06a65.webp,UBRANIA > Mężczyźni
Odzież sportowa męska,https://wkdzik.pl/ubrania/meskie/6,8.50,,,{},results\images\odzież-sportowa-męska\1_8b760369.webp;results\images\odzież-sportowa-męska\2_aaa06a65.webp,UBRANIA > Mężczyźni
Odzież sportowa męska,https://wkdzik.pl/ubrania/meskie/6/default/2,8.50,,,{},results\images\odzież-sportowa-męska\1_8b760369.webp;results\images\odzież-sportowa-męska\2_aaa06a65.webp,UBRANIA > Mężczyźni
Odzież sportowa męska,https://wkdzik.pl/ubrania/meskie/6/default/3,8.50,,,{},results\images\odzież-sportowa-męska\1_8b760369.webp;results\images\odzież-sportowa-męska\2_aaa06a65.webp,UBRANIA > Mężczyźni
Odzież sportowa męska,https://wkdzik.pl/ubrania/meskie/6/default/4,8.50,,,{},results\images\odzież-sportowa-męska\1_8b760369.webp;results\images\odzież-sportowa-męska\2_aaa06a65.webp,UBRANIA > Mężczyźni
Odzież sportowa męska,https://wkdzik.pl/ubrania/meskie/7,8.50,,,{},results\images\odzież-sportowa-męska\1_8b760369.webp;results\images\odzież-sportowa-męska\2_aaa06a65.webp,UBRANIA > Mężczyźni
Odzież sportowa męska,https://wkdzik.pl/ubrania/meskie/7/default/2,8.50,,,{},results\images\odzież-sportowa-męska\1_8b760369.webp;results\images\odzież-sportowa-męska\2_aaa06a65.webp,UBRANIA > Mężczyźni
Odzież sportowa męska,https://wkdzik.pl/ubrania/meskie/7/default/3,8.50,,,{},results\images\odzież-sportowa-męska\1_8b760369.webp;results\images\odzież-sportowa-męska\2_aaa06a65.webp,UBRANIA > Mężczyźni
Odzież sportowa męska,https://wkdzik.pl/ubrania/meskie/7/default/4,8.50,,,{},results\images\odzież-sportowa-męska\1_8b760369.webp;results\images\odzież-sportowa-męska\2_aaa06a65.webp,UBRANIA > Mężczyźni
Odzież sportowa męska,https://wkdzik.pl/ubrania/meskie/8,8.50,,,{},results\images\odzież-sportowa-męska\1_8b760369.webp;results\images\odzież-sportowa-męska\2_aaa06a65.webp,UBRANIA > Mężczyźni
Odzież sportowa męska,https://wkdzik.pl/ubrania/meskie/8/default/2,8.50,,,{},results\images\odzież-sportowa-męska\1_8b760369.webp;results\images\odzież-sportowa-męska\2_aaa06a65.webp,UBRANIA > Mężczyźni
Odzież sportowa męska,https://wkdzik.pl/ubrania/meskie/8/default/3,8.50,,,{},results\images\odzież-sportowa-męska\1_8b760369.webp;results\images\odzież-sportowa-męska\2_aaa06a65.webp,UBRANIA > Mężczyźni
Odzież sportowa męska,https://wkdzik.pl/ubrania/meskie/8/default/4,8.50,,,{},results\images\odzież-sportowa-męska\1_8b760369.webp;results\images\odzież-sportowa-męska\2_aaa06a65.webp,UBRANIA > Mężczyźni
Odzież sportowa męska,https://wkdzik.pl/ubrania/meskie/9,8.50,,,{},results\images\odzież-sportowa-męska\1_8b760369.webp;results\images\odzież-sportowa-męska\2_aaa06a65.webp,UBRANIA > Mężczyźni
Odzież sportowa męska,https://wkdzik.pl/ubrania/meskie/9/default/2,8.50,,,{},results\images\odzież-sportowa-męska\1_8b760369.webp;results\images\odzież-sportowa-męska\2_aaa06a65.webp,UBRANIA > Mężczyźni
Odzież sportowa męska,https://wkdzik.pl/ubrania/meskie/9/default/3,8.50,,,{},results\images\odzież-sportowa-męska\1_8b760369.webp;results\images\odzież-sportowa-męska\2_aaa06a65.webp,UBRANIA > Mężczyźni
Odzież sportowa męska,https://wkdzik.pl/ubrania/meskie/9/default/4,8.50,,,{},results\images\odzież-sportowa-męska\1_8b760369.webp;results\images\odzież-sportowa-męska\2_aaa06a65.webp,UBRANIA > Mężczyźni
Koszulki sportowe męskie,https://wkdzik.pl/ubrania/meskie/koszulki/1/default/2,8.50,,,{},results\images\koszulki-sportowe-męskie\1_8b760369.webp;results\images\koszulki-sportowe-męskie\2_aaa06a65.webp,UBRANIA > Koszulki
Koszulki sportowe męskie,https://wkdzik.pl/ubrania/meskie/koszulki/1/default/3,8.50,,,{},results\images\koszulki-sportowe-męskie\1_8b760369.webp;results\images\koszulki-sportowe-męskie\2_aaa06a65.webp,UBRANIA > Koszulki
Koszulki sportowe męskie,https://wkdzik.pl/ubrania/meskie/koszulki/1/default/4,8.50,,,{},results\images\koszulki-sportowe-męskie\1_8b760369.webp;results\images\koszulki-sportowe-męskie\2_aaa06a65.webp,UBRANIA > Koszulki
Koszulki sportowe męskie,https://wkdzik.pl/ubrania/meskie/koszulki/1/default/1/f_ov_32_305/1,8.50,,,{},results\images\koszulki-sportowe-męskie\1_8b760369.webp;results\images\koszulki-sportowe-męskie\2_aaa06a65.webp,UBRANIA > Koszulki
Koszulki sportowe męskie,https://wkdzik.pl/ubrania/meskie/koszulki/1/default/1/f_ov_32_306/1,8.50,,,{},results\images\koszulki-sportowe-męskie\1_8b760369.webp;results\images\koszulki-sportowe-męskie\2_aaa06a65.webp,UBRANIA > Koszulki
Koszulki sportowe męskie,https://wkdzik.pl/ubrania/meskie/koszulki/1/default/1/f_ov_32_307/1,8.50,,,{},results\images\koszulki-sportowe-męskie\1_8b760369.webp;results\images\koszulki-sportowe-męskie\2_aaa06a65.webp,UBRANIA > Koszulki
Koszulki sportowe męskie,https://wkdzik.pl/ubrania/meskie/koszulki/1/default/1/f_ov_32_308/1,8.50,,,{},results\images\koszulki-sportowe-męskie\1_8b760369.webp;results\images\koszulki-sportowe-męskie\2_aaa06a65.webp,UBRANIA > Koszulki
Koszulki sportowe męskie,https://wkdzik.pl/ubrania/meskie/koszulki/1/default/1/f_ov_32_309/1,8.50,,,{},results\images\koszulki-sportowe-męskie\1_8b760369.webp;results\images\koszulki-sportowe-męskie\2_aaa06a65.webp,UBRANIA > Koszulki
Koszulki sportowe męskie,https://wkdzik.pl/ubrania/meskie/koszulki/1/default/1/f_ov_32_310/1,8.50,,,{},results\images\koszulki-sportowe-męskie\1_8b760369.webp;results\images\koszulki-sportowe-męskie\2_aaa06a65.webp,UBRANIA > Koszulki
Koszulki sportowe męskie,https://wkdzik.pl/ubrania/meskie/koszulki/1/default/1/f_at_65_417/1,8.50,,,{},results\images\koszulki-sportowe-męskie\1_8b760369.webp;results\images\koszulki-sportowe-męskie\2_aaa06a65.webp,UBRANIA > Koszulki
Koszulki sportowe męskie,https://wkdzik.pl/ubrania/meskie/koszulki/1/default/1/f_at_65_418/1,8.50,,,{},results\images\koszulki-sportowe-męskie\1_8b760369.webp;results\images\koszulki-sportowe-męskie\2_aaa06a65.webp,UBRANIA > Koszulki
Koszulki sportowe męskie,https://wkdzik.pl/ubrania/meskie/koszulki/1/default/1/f_at_44_43/1,8.50,,,{},results\images\koszulki-sportowe-męskie\1_8b760369.webp;results\images\koszulki-sportowe-męskie\2_aaa06a65.webp,UBRANIA > Koszulki
Koszulki sportowe męskie,https://wkdzik.pl/ubrania/meskie/koszulki/1/default/1/f_at_44_292/1,8.50,,,{},results\images\koszulki-sportowe-męskie\1_8b760369.webp;results\images\koszulki-sportowe-męskie\2_aaa06a65.webp,UBRANIA > Koszulki
Koszulki sportowe męskie,https://wkdzik.pl/ubrania/meskie/koszulki/1/default/1/f_at_44_293/1,8.50,,,{},results\images\koszulki-sportowe-męskie\1_8b760369.webp;results\images\koszulki-sportowe-męskie\2_aaa06a65.webp,UBRANIA > Koszulki
Koszulki sportowe męskie,https://wkdzik.pl/ubrania/meskie/koszulki/1/default/1/f_at_44_294/1,8.50,,,{},results\images\koszulki-sportowe-męskie\1_8b760369.webp;results\images\koszulki-sportowe-męskie\2_aaa06a65.webp,UBRANIA > Koszulki
Koszulki sportowe męskie,https://wkdzik.pl/ubrania/meskie/koszulki/1/default/1/f_at_44_297/1,8.50,,,{},results\images\koszulki-sportowe-męskie\1_8b760369.webp;results\images\koszulki-sportowe-męskie\2_aaa06a65.webp,UBRANIA > Koszulki
Koszulki sportowe męskie,https://wkdzik.pl/ubrania/meskie/koszulki/1/default/1/f_at_44_298/1,8.50,,,{},results\images\koszulki-sportowe-męskie\1_8b760369.webp;results\images\koszulki-sportowe-męskie\2_aaa06a65.webp,UBRANIA > Koszulki
Koszulki sportowe męskie,https://wkdzik.pl/ubrania/meskie/koszulki/1/default/1/f_at_44_300/1,8.50,,,{},results\images\koszulki-sportowe-męskie\1_8b760369.webp;results\images\koszulki-sportowe-męskie\2_aaa06a65.webp,UBRANIA > Koszulki
Koszulki sportowe męskie,https://wkdzik.pl/ubrania/meskie/koszulki/1/default/1/f_at_44_305/1,8.50,,,{},results\images\koszulki-sportowe-męskie\1_8b760369.webp;results\images\koszulki-sportowe-męskie\2_aaa06a65.webp,UBRANIA > Koszulki
Koszulki sportowe męskie,https://wkdzik.pl/ubrania/meskie/koszulki/1/default/1/f_at_44_306/1,8.50,,,{},results\images\koszulki-sportowe-męskie\1_8b760369.webp;results\images\koszulki-sportowe-męskie\2_aaa06a65.webp,UBRANIA > Koszulki
Koszulki sportowe męskie,https://wkdzik.pl/ubrania/meskie/koszulki/1/default/1/f_at_44_308/1,8.50,,,{},results\images\koszulki-sportowe-męskie\1_8b760369.webp;results\images\koszulki-sportowe-męskie\2_aaa06a65.webp,UBRANIA > Koszulki
Koszulki sportowe męskie,https://wkdzik.pl/ubrania/meskie/koszulki/1/default/1/f_at_44_315/1,8.50,,,{},results\images\koszulki-sportowe-męskie\1_8b760369.webp;results\images\koszulki-sportowe-męskie\2_aaa06a65.webp,UBRANIA > Koszulki
Koszulki sportowe męskie,https://wkdzik.pl/ubrania/meskie/koszulki/1/default/1/f_at_46_317/1,8.50,,,{},results\images\koszulki-sportowe-męskie\1_8b760369.webp;results\images\koszulki-sportowe-męskie\2_aaa06a65.webp,UBRANIA > Koszulki
Koszulki sportowe męskie,https://wkdzik.pl/ubrania/meskie/koszulki/1/default/1/f_at_46_318/1,8.50,,,{},results\images\koszulki-sportowe-męskie\1_8b760369.webp;results\images\koszulki-sportowe-męskie\2_aaa06a65.webp,UBRANIA > Koszulki
Koszulki sportowe męskie,https://wkdzik.pl/ubrania/meskie/koszulki/1/default/1/f_at_46_319/1,8.50,,,{},results\images\koszulki-sportowe-męskie\1_8b760369.webp;results\images\koszulki-sportowe-męskie\2_aaa06a65.webp,UBRANIA > Koszulki
Koszulki sportowe męskie,https://wkdzik.pl/ubrania/meskie/koszulki/1/default/1/f_at_3_31/1,8.50,,,{},results\images\koszulki-sportowe-męskie\1_8b760369.webp;results\images\koszulki-sportowe-męskie\2_aaa06a65.webp,UBRANIA > Koszulki
Koszulki sportowe męskie,https://wkdzik.pl/ubrania/meskie/koszulki/1/default/1/f_at_3_35/1,8.50,,,{},results\images\koszulki-sportowe-męskie\1_8b760369.webp;results\images\koszulki-sportowe-męskie\2_aaa06a65.webp,UBRANIA > Koszulki
Koszulki sportowe męskie,https://wkdzik.pl/ubrania/meskie/koszulki/1/default/1/f_at_3_421/1,8.50,,,{},results\images\koszulki-sportowe-męskie\1_8b760369.webp;results\images\koszulki-sportowe-męskie\2_aaa06a65.webp,UBRANIA > Koszulki
Koszulki sportowe męskie,https://wkdzik.pl/ubrania/meskie/koszulki/1/default/1/f_at_3_422/1,8.50,,,{},results\images\koszulki-sportowe-męskie\1_8b760369.webp;results\images\koszulki-sportowe-męskie\2_aaa06a65.webp,UBRANIA > Koszulki
Koszulki sportowe męskie,https://wkdzik.pl/ubrania/meskie/koszulki/1/default/1/f_at_43_42/1,8.50,,,{},results\images\koszulki-sportowe-męskie\1_8b760369.webp;results\images\koszulki-sportowe-męskie\2_aaa06a65.webp,UBRANIA > Koszulki
Koszulki sportowe męskie,https://wkdzik.pl/ubrania/meskie/koszulki/1/default/1/f_at_43_169/1,8.50,,,{},results\images\koszulki-sportowe-męskie\1_8b760369.webp;results\images\koszulki-sportowe-męskie\2_aaa06a65.webp,UBRANIA > Koszulki
Koszulki sportowe męskie,https://wkdzik.pl/ubrania/meskie/koszulki/1/default/1/f_at_43_171/1,8.50,,,{},results\images\koszulki-sportowe-męskie\1_8b760369.webp;results\images\koszulki-sportowe-męskie\2_aaa06a65.webp,UBRANIA > Koszulki
Koszulki sportowe męskie,https://wkdzik.pl/ubrania/meskie/koszulki/1/default/1/f_at_45_216/1,8.50,,,{},results\images\koszulki-sportowe-męskie\1_8b760369.webp;results\images\koszulki-sportowe-męskie\2_aaa06a65.webp,UBRANIA > Koszulki
Koszulki sportowe męskie,https://wkdzik.pl/ubrania/meskie/koszulki/1/default/1/f_at_45_430/1,8.50,,,{},results\images\koszulki-sportowe-męskie\1_8b760369.webp;results\images\koszulki-sportowe-męskie\2_aaa06a65.webp,UBRANIA > Koszulki
Koszulki sportowe męskie,https://wkdzik.pl/ubrania/meskie/koszulki/1/default/1/f_at_45_419/1,8.50,,,{},results\images\koszulki-sportowe-męskie\1_8b760369.webp;results\images\koszulki-sportowe-męskie\2_aaa06a65.webp,UBRANIA > Koszulki
Koszulki sportowe męskie,https://wkdzik.pl/ubrania/meskie/koszulki/1/default/1/f_at_45_220/1,8.50,,,{},results\images\koszulki-sportowe-męskie\1_8b760369.webp;results\images\koszulki-sportowe-męskie\2_aaa06a65.webp,UBRANIA > Koszulki
Koszulki sportowe męskie,https://wkdzik.pl/ubrania/meskie/koszulki/1/default/1/f_at_45_225/1,8.50,,,{},results\images\koszulki-sportowe-męskie\1_8b760369.webp;results\images\koszulki-sportowe-męskie\2_aaa06a65.webp,UBRANIA > Koszulki
Koszulki sportowe męskie,https://wkdzik.pl/ubrania/meskie/koszulki/1/default/1/f_at_45_426/1,8.50,,,{},results\images\koszulki-sportowe-męskie\1_8b760369.webp;results\images\koszulki-sportowe-męskie\2_aaa06a65.webp,UBRANIA > Koszulki
Koszulki sportowe męskie,https://wkdzik.pl/ubrania/meskie/koszulki/1/default/1/f_availability_2/1,8.50,,,{},results\images\koszulki-sportowe-męskie\1_8b760369.webp;results\images\koszulki-sportowe-męskie\2_aaa06a65.webp,UBRANIA > Koszulki
Koszulki sportowe męskie,https://wkdzik.pl/ubrania/meskie/koszulki/1/default/1/f_availability_4/1,8.50,,,{},results\images\koszulki-sportowe-męskie\1_8b760369.webp;results\images\koszulki-sportowe-męskie\2_aaa06a65.webp,UBRANIA > Koszulki
Koszulki sportowe męskie,https://wkdzik.pl/ubrania/meskie/koszulki/1/default/1/f_availability_5/1,8.50,,,{},results\images\koszulki-sportowe-męskie\1_8b760369.webp;results\images\koszulki-sportowe-męskie\2_aaa06a65.webp,UBRANIA > Koszulki
Koszulki sportowe męskie,https://wkdzik.pl/ubrania/meskie/koszulki/1/default/1/f_availability_9/1,8.50,,,{},results\images\koszulki-sportowe-męskie\1_8b760369.webp;results\images\koszulki-sportowe-męskie\2_aaa06a65.webp,UBRANIA > Koszulki
Koszulki sportowe męskie,https://wkdzik.pl/ubrania/meskie/koszulki/2,8.50,,,{},results\images\koszulki-sportowe-męskie\1_8b760369.webp;results\images\koszulki-sportowe-męskie\2_aaa06a65.webp,UBRANIA > Koszulki
Koszulki sportowe męskie,https://wkdzik.pl/ubrania/meskie/koszulki/2/default/2,8.50,,,{},results\images\koszulki-sportowe-męskie\1_8b760369.webp;results\images\koszulki-sportowe-męskie\2_aaa06a65.webp,UBRANIA > Koszulki
Koszulki sportowe męskie,https://wkdzik.pl/ubrania/meskie/koszulki/2/default/3,8.50,,,{},results\images\koszulki-sportowe-męskie\1_8b760369.webp;results\images\koszulki-sportowe-męskie\2_aaa06a65.webp,UBRANIA > Koszulki
Koszulki sportowe męskie,https://wkdzik.pl/ubrania/meskie/koszulki/2/default/4,8.50,,,{},results\images\koszulki-sportowe-męskie\1_8b760369.webp;results\images\koszulki-sportowe-męskie\2_aaa06a65.webp,UBRANIA > Koszulki
Koszulki sportowe męskie,https://wkdzik.pl/ubrania/meskie/koszulki/3,8.50,,,{},results\images\koszulki-sportowe-męskie\1_8b760369.webp;results\images\koszulki-sportowe-męskie\2_aaa06a65.webp,UBRANIA > Koszulki
Koszulki sportowe męskie,https://wkdzik.pl/ubrania/meskie/koszulki/3/default/2,8.50,,,{},results\images\koszulki-sportowe-męskie\1_8b760369.webp;results\images\koszulki-sportowe-męskie\2_aaa06a65.webp,UBRANIA > Koszulki
Koszulki sportowe męskie,https://wkdzik.pl/ubrania/meskie/koszulki/3/default/3,8.50,,,{},results\images\koszulki-sportowe-męskie\1_8b760369.webp;results\images\koszulki-sportowe-męskie\2_aaa06a65.webp,UBRANIA > Koszulki
Koszulki sportowe męskie,https://wkdzik.pl/ubrania/meskie/koszulki/3/default/4,8.50,,,{},results\images\koszulki-sportowe-męskie\1_8b760369.webp;results\images\koszulki-sportowe-męskie\2_aaa06a65.webp,UBRANIA > Koszulki
Tank Topy męskie,https://wkdzik.pl/ubrania/meskie/tank-topy/1/default/2,8.50,,,{},results\images\tank-topy-męskie\1_8b760369.webp;results\images\tank-topy-męskie\2_aaa06a65.webp,UBRANIA > Tank topy
Tank Topy męskie,https://wkdzik.pl/ubrania/meskie/tank-topy/1/default/3,8.50,,,{},results\images\tank-topy-męskie\1_8b760369.webp;results\images\tank-topy-męskie\2_aaa06a65.webp,UBRANIA > Tank topy
Tank Topy męskie,https://wkdzik.pl/ubrania/meskie/tank-topy/1/default/4,8.50,,,{},results\images\tank-topy-męskie\1_8b760369.webp;results\images\tank-topy-męskie\2_aaa06a65.webp,UBRANIA > Tank topy
Tank Topy męskie,https://wkdzik.pl/ubrania/meskie/tank-topy/1/default/1/f_ov_32_305/1,8.50,,,{},results\images\tank-topy-męskie\1_8b760369.webp;results\images\tank-topy-męskie\2_aaa06a65.webp,UBRANIA > Tank topy
Tank Topy męskie,https://wkdzik.pl/ubrania/meskie/tank-topy/1/default/1/f_ov_32_306/1,8.50,,,{},results\images\tank-topy-męskie\1_8b760369.webp;results\images\tank-topy-męskie\2_aaa06a65.webp,UBRANIA > Tank topy
Tank Topy męskie,https://wkdzik.pl/ubrania/meskie/tank-topy/1/default/1/f_ov_32_307/1,8.50,,,{},results\images\tank-topy-męskie\1_8b760369.webp;results\images\tank-topy-męskie\2_aaa06a65.webp,UBRANIA > Tank topy
Tank Topy męskie,https://wkdzik.pl/ubrania/meskie/tank-topy/1/default/1/f_ov_32_308/1,8.50,,,{},results\images\tank-topy-męskie\1_8b760369.webp;results\images\tank-topy-męskie\2_aaa06a65.webp,UBRANIA > Tank topy
Tank Topy męskie,https://wkdzik.pl/ubrania/meskie/tank-topy/1/default/1/f_ov_32_309/1,8.50,,,{},results\images\tank-topy-męskie\1_8b760369.webp;results\images\tank-topy-męskie\2_aaa06a65.webp,UBRANIA > Tank topy
Tank Topy męskie,https://wkdzik.pl/ubrania/meskie/tank-topy/1/default/1/f_ov_32_310/1,8.50,,,{},results\images\tank-topy-męskie\1_8b760369.webp;results\images\tank-topy-męskie\2_aaa06a65.webp,UBRANIA > Tank topy
Tank Topy męskie,https://wkdzik.pl/ubrania/meskie/tank-topy/1/default/1/f_at_65_417/1,8.50,,,{},results\images\tank-topy-męskie\1_8b760369.webp;results\images\tank-topy-męskie\2_aaa06a65.webp,UBRANIA > Tank topy
Tank Topy męskie,https://wkdzik.pl/ubrania/meskie/tank-topy/1/default/1/f_at_65_418/1,8.50,,,{},results\images\tank-topy-męskie\1_8b760369.webp;results\images\tank-topy-męskie\2_aaa06a65.webp,UBRANIA > Tank topy
Tank Topy męskie,https://wkdzik.pl/ubrania/meskie/tank-topy/1/default/1/f_at_44_43/1,8.50,,,{},results\images\tank-topy-męskie\1_8b760369.webp;results\images\tank-topy-męskie\2_aaa06a65.webp,UBRANIA > Tank topy
Tank Topy męskie,https://wkdzik.pl/ubrania/meskie/tank-topy/1/default/1/f_at_44_292/1,8.50,,,{},results\images\tank-topy-męskie\1_8b760369.webp;results\images\tank-topy-męskie\2_aaa06a65.webp,UBRANIA > Tank topy
Tank Topy męskie,https://wkdzik.pl/ubrania/meskie/tank-topy/1/default/1/f_at_44_294/1,8.50,,,{},results\images\tank-topy-męskie\1_8b760369.webp;results\images\tank-topy-męskie\2_aaa06a65.webp,UBRANIA > Tank topy
Tank Topy męskie,https://wkdzik.pl/ubrania/meskie/tank-topy/1/default/1/f_at_44_298/1,8.50,,,{},results\images\tank-topy-męskie\1_8b760369.webp;results\images\tank-topy-męskie\2_aaa06a65.webp,UBRANIA > Tank topy
Tank Topy męskie,https://wkdzik.pl/ubrania/meskie/tank-topy/1/default/1/f_at_44_305/1,8.50,,,{},results\images\tank-topy-męskie\1_8b760369.webp;results\images\tank-topy-męskie\2_aaa06a65.webp,UBRANIA > Tank topy
Tank Topy męskie,https://wkdzik.pl/ubrania/meskie/tank-topy/1/default/1/f_at_44_308/1,8.50,,,{},results\images\tank-topy-męskie\1_8b760369.webp;results\images\tank-topy-męskie\2_aaa06a65.webp,UBRANIA > Tank topy
Tank Topy męskie,https://wkdzik.pl/ubrania/meskie/tank-topy/1/default/1/f_at_44_315/1,8.50,,,{},results\images\tank-topy-męskie\1_8b760369.webp;results\images\tank-topy-męskie\2_aaa06a65.webp,UBRANIA > Tank topy
Tank Topy męskie,https://wkdzik.pl/ubrania/meskie/tank-topy/1/default/1/f_at_46_316/1,8.50,,,{},results\images\tank-topy-męskie\1_8b760369.webp;results\images\tank-topy-męskie\2_aaa06a65.webp,UBRANIA > Tank topy
Tank Topy męskie,https://wkdzik.pl/ubrania/meskie/tank-topy/1/default/1/f_at_46_317/1,8.50,,,{},results\images\tank-topy-męskie\1_8b760369.webp;results\images\tank-topy-męskie\2_aaa06a65.webp,UBRANIA > Tank topy
Tank Topy męskie,https://wkdzik.pl/ubrania/meskie/tank-topy/1/default/1/f_at_46_318/1,8.50,,,{},results\images\tank-topy-męskie\1_8b760369.webp;results\images\tank-topy-męskie\2_aaa06a65.webp,UBRANIA > Tank topy
Tank Topy męskie,https://wkdzik.pl/ubrania/meskie/tank-topy/1/default/1/f_at_46_319/1,8.50,,,{},results\images\tank-topy-męskie\1_8b760369.webp;results\images\tank-topy-męskie\2_aaa06a65.webp,UBRANIA > Tank topy
Tank Topy męskie,https://wkdzik.pl/ubrania/meskie/tank-topy/1/default/1/f_at_46_358/1,8.50,,,{},results\images\tank-topy-męskie\1_8b760369.webp;results\images\tank-topy-męskie\2_aaa06a65.webp,UBRANIA > Tank topy
Tank Topy męskie,https://wkdzik.pl/ubrania/meskie/tank-topy/1/default/1/f_at_3_31/1,8.50,,,{},results\images\tank-topy-męskie\1_8b760369.webp;results\images\tank-topy-męskie\2_aaa06a65.webp,UBRANIA > Tank topy
Tank Topy męskie,https://wkdzik.pl/ubrania/meskie/tank-topy/1/default/1/f_at_3_421/1,8.50,,,{},results\images\tank-topy-męskie\1_8b760369.webp;results\images\tank-topy-męskie\2_aaa06a65.webp,UBRANIA > Tank topy
Tank Topy męskie,https://wkdzik.pl/ubrania/meskie/tank-topy/1/default/1/f_at_3_422/1,8.50,,,{},results\images\tank-topy-męskie\1_8b760369.webp;results\images\tank-topy-męskie\2_aaa06a65.webp,UBRANIA > Tank topy
Tank Topy męskie,https://wkdzik.pl/ubrania/meskie/tank-topy/1/default/1/f_at_43_42/1,8.50,,,{},results\images\tank-topy-męskie\1_8b760369.webp;results\images\tank-topy-męskie\2_aaa06a65.webp,UBRANIA > Tank topy
Tank Topy męskie,https://wkdzik.pl/ubrania/meskie/tank-topy/1/default/1/f_at_43_171/1,8.50,,,{},results\images\tank-topy-męskie\1_8b760369.webp;results\images\tank-topy-męskie\2_aaa06a65.webp,UBRANIA > Tank topy
Tank Topy męskie,https://wkdzik.pl/ubrania/meskie/tank-topy/1/default/1/f_at_43_174/1,8.50,,,{},results\images\tank-topy-męskie\1_8b760369.webp;results\images\tank-topy-męskie\2_aaa06a65.webp,UBRANIA > Tank topy
Tank Topy męskie,https://wkdzik.pl/ubrania/meskie/tank-topy/1/default/1/f_at_45_216/1,8.50,,,{},results\images\tank-topy-męskie\1_8b760369.webp;results\images\tank-topy-męskie\2_aaa06a65.webp,UBRANIA > Tank topy
Tank Topy męskie,https://wkdzik.pl/ubrania/meskie/tank-topy/1/default/1/f_at_45_430/1,8.50,,,{},results\images\tank-topy-męskie\1_8b760369.webp;results\images\tank-topy-męskie\2_aaa06a65.webp,UBRANIA > Tank topy
Tank Topy męskie,https://wkdzik.pl/ubrania/meskie/tank-topy/1/default/1/f_at_45_419/1,8.50,,,{},results\images\tank-topy-męskie\1_8b760369.webp;results\images\tank-topy-męskie\2_aaa06a65.webp,UBRANIA > Tank topy
Tank Topy męskie,https://wkdzik.pl/ubrania/meskie/tank-topy/1/default/1/f_at_45_220/1,8.50,,,{},results\images\tank-topy-męskie\1_8b760369.webp;results\images\tank-topy-męskie\2_aaa06a65.webp,UBRANIA > Tank topy
Tank Topy męskie,https://wkdzik.pl/ubrania/meskie/tank-topy/1/default/1/f_at_45_426/1,8.50,,,{},results\images\tank-topy-męskie\1_8b760369.webp;results\images\tank-topy-męskie\2_aaa06a65.webp,UBRANIA > Tank topy
Tank Topy męskie,https://wkdzik.pl/ubrania/meskie/tank-topy/1/default/1/f_availability_2/1,8.50,,,{},results\images\tank-topy-męskie\1_8b760369.webp;results\images\tank-topy-męskie\2_aaa06a65.webp,UBRANIA > Tank topy
Tank Topy męskie,https://wkdzik.pl/ubrania/meskie/tank-topy/1/default/1/f_availability_4/1,8.50,,,{},results\images\tank-topy-męskie\1_8b760369.webp;results\images\tank-topy-męskie\2_aaa06a65.webp,UBRANIA > Tank topy
Tank Topy męskie,https://wkdzik.pl/ubrania/meskie/tank-topy/1/default/1/f_availability_5/1,8.50,,,{},results\images\tank-topy-męskie\1_8b760369.webp;results\images\tank-topy-męskie\2_aaa06a65.webp,UBRANIA > Tank topy
Tank Topy męskie,https://wkdzik.pl/ubrania/meskie/tank-topy/1/default/1/f_availability_9/1,8.50,,,{},results\images\tank-topy-męskie\1_8b760369.webp;results\images\tank-topy-męskie\2_aaa06a65.webp,UBRANIA > Tank topy
Tank Topy męskie,https://wkdzik.pl/ubrania/meskie/tank-topy/2,8.50,,,{},results\images\tank-topy-męskie\1_8b760369.webp;results\images\tank-topy-męskie\2_aaa06a65.webp,UBRANIA > Tank topy
Tank Topy męskie,https://wkdzik.pl/ubrania/meskie/tank-topy/2/default/2,8.50,,,{},results\images\tank-topy-męskie\1_8b760369.webp;results\images\tank-topy-męskie\2_aaa06a65.webp,UBRANIA > Tank topy
Tank Topy męskie,https://wkdzik.pl/ubrania/meskie/tank-topy/2/default/3,8.50,,,{},results\images\tank-topy-męskie\1_8b760369.webp;results\images\tank-topy-męskie\2_aaa06a65.webp,UBRANIA > Tank topy
Tank Topy męskie,https://wkdzik.pl/ubrania/meskie/tank-topy/2/default/4,8.50,,,{},results\images\tank-topy-męskie\1_8b760369.webp;results\images\tank-topy-męskie\2_aaa06a65.webp,UBRANIA > Tank topy
Bluzy sportowe męskie z kapturem,https://wkdzik.pl/ubrania/meskie/bluzy/1/default/2,8.50,,,{},results\images\bluzy-sportowe-męskie-z-kapturem\1_8b760369.webp;results\images\bluzy-sportowe-męskie-z-kapturem\2_aaa06a65.webp,UBRANIA > Bluzy
Bluzy sportowe męskie z kapturem,https://wkdzik.pl/ubrania/meskie/bluzy/1/default/3,8.50,,,{},results\images\bluzy-sportowe-męskie-z-kapturem\1_8b760369.webp;results\images\bluzy-sportowe-męskie-z-kapturem\2_aaa06a65.webp,UBRANIA > Bluzy
Bluzy sportowe męskie z kapturem,https://wkdzik.pl/ubrania/meskie/bluzy/1/default/4,8.50,,,{},results\images\bluzy-sportowe-męskie-z-kapturem\1_8b760369.webp;results\images\bluzy-sportowe-męskie-z-kapturem\2_aaa06a65.webp,UBRANIA > Bluzy
Bluzy sportowe męskie z kapturem,https://wkdzik.pl/ubrania/meskie/bluzy/1/default/1/f_ov_32_305/1,8.50,,,{},results\images\bluzy-sportowe-męskie-z-kapturem\1_8b760369.webp;results\images\bluzy-sportowe-męskie-z-kapturem\2_aaa06a65.webp,UBRANIA > Bluzy
Bluzy sportowe męskie z kapturem,https://wkdzik.pl/ubrania/meskie/bluzy/1/default/1/f_ov_32_306/1,8.50,,,{},results\images\bluzy-sportowe-męskie-z-kapturem\1_8b760369.webp;results\images\bluzy-sportowe-męskie-z-kapturem\2_aaa06a65.webp,UBRANIA > Bluzy
Bluzy sportowe męskie z kapturem,https://wkdzik.pl/ubrania/meskie/bluzy/1/default/1/f_ov_32_307/1,8.50,,,{},results\images\bluzy-sportowe-męskie-z-kapturem\1_8b760369.webp;results\images\bluzy-sportowe-męskie-z-kapturem\2_aaa06a65.webp,UBRANIA > Bluzy
Bluzy sportowe męskie z kapturem,https://wkdzik.pl/ubrania/meskie/bluzy/1/default/1/f_ov_32_308/1,8.50,,,{},results\images\bluzy-sportowe-męskie-z-kapturem\1_8b760369.webp;results\images\bluzy-sportowe-męskie-z-kapturem\2_aaa06a65.webp,UBRANIA > Bluzy
Bluzy sportowe męskie z kapturem,https://wkdzik.pl/ubrania/meskie/bluzy/1/default/1/f_ov_32_309/1,8.50,,,{},results\images\bluzy-sportowe-męskie-z-kapturem\1_8b760369.webp;results\images\bluzy-sportowe-męskie-z-kapturem\2_aaa06a65.webp,UBRANIA > Bluzy
Bluzy sportowe męskie z kapturem,https://wkdzik.pl/ubrania/meskie/bluzy/1/default/1/f_ov_32_310/1,8.50,,,{},results\images\bluzy-sportowe-męskie-z-kapturem\1_8b760369.webp;results\images\bluzy-sportowe-męskie-z-kapturem\2_aaa06a65.webp,UBRANIA > Bluzy
Bluzy sportowe męskie z kapturem,https://wkdzik.pl/ubrania/meskie/bluzy/1/default/1/f_at_65_417/1,8.50,,,{},results\images\bluzy-sportowe-męskie-z-kapturem\1_8b760369.webp;results\images\bluzy-sportowe-męskie-z-kapturem\2_aaa06a65.webp,UBRANIA > Bluzy
Bluzy sportowe męskie z kapturem,https://wkdzik.pl/ubrania/meskie/bluzy/1/default/1/f_at_65_418/1,8.50,,,{},results\images\bluzy-sportowe-męskie-z-kapturem\1_8b760369.webp;results\images\bluzy-sportowe-męskie-z-kapturem\2_aaa06a65.webp,UBRANIA > Bluzy
Bluzy sportowe męskie z kapturem,https://wkdzik.pl/ubrania/meskie/bluzy/1/default/1/f_at_44_43/1,8.50,,,{},results\images\bluzy-sportowe-męskie-z-kapturem\1_8b760369.webp;results\images\bluzy-sportowe-męskie-z-kapturem\2_aaa06a65.webp,UBRANIA > Bluzy
Bluzy sportowe męskie z kapturem,https://wkdzik.pl/ubrania/meskie/bluzy/1/default/1/f_at_44_292/1,8.50,,,{},results\images\bluzy-sportowe-męskie-z-kapturem\1_8b760369.webp;results\images\bluzy-sportowe-męskie-z-kapturem\2_aaa06a65.webp,UBRANIA > Bluzy
Bluzy sportowe męskie z kapturem,https://wkdzik.pl/ubrania/meskie/bluzy/1/default/1/f_at_44_293/1,8.50,,,{},results\images\bluzy-sportowe-męskie-z-kapturem\1_8b760369.webp;results\images\bluzy-sportowe-męskie-z-kapturem\2_aaa06a65.webp,UBRANIA > Bluzy
Bluzy sportowe męskie z kapturem,https://wkdzik.pl/ubrania/meskie/bluzy/1/default/1/f_at_44_295/1,8.50,,,{},results\images\bluzy-sportowe-męskie-z-kapturem\1_8b760369.webp;results\images\bluzy-sportowe-męskie-z-kapturem\2_aaa06a65.webp,UBRANIA > Bluzy
Bluzy sportowe męskie z kapturem,https://wkdzik.pl/ubrania/meskie/bluzy/1/default/1/f_at_44_296/1,8.50,,,{},results\images\bluzy-sportowe-męskie-z-kapturem\1_8b760369.webp;results\images\bluzy-sportowe-męskie-z-kapturem\2_aaa06a65.webp,UBRANIA > Bluzy
Bluzy sportowe męskie z kapturem,https://wkdzik.pl/ubrania/meskie/bluzy/1/default/1/f_at_44_297/1,8.50,,,{},results\images\bluzy-sportowe-męskie-z-kapturem\1_8b760369.webp;results\images\bluzy-sportowe-męskie-z-kapturem\2_aaa06a65.webp,UBRANIA > Bluzy
Bluzy sportowe męskie z kapturem,https://wkdzik.pl/ubrania/meskie/bluzy/1/default/1/f_at_44_298/1,8.50,,,{},results\images\bluzy-sportowe-męskie-z-kapturem\1_8b760369.webp;results\images\bluzy-sportowe-męskie-z-kapturem\2_aaa06a65.webp,UBRANIA > Bluzy
Bluzy sportowe męskie z kapturem,https://wkdzik.pl/ubrania/meskie/bluzy/1/default/1/f_at_44_300/1,8.50,,,{},results\images\bluzy-sportowe-męskie-z-kapturem\1_8b760369.webp;results\images\bluzy-sportowe-męskie-z-kapturem\2_aaa06a65.webp,UBRANIA > Bluzy
Bluzy sportowe męskie z kapturem,https://wkdzik.pl/ubrania/meskie/bluzy/1/default/1/f_at_46_317/1,8.50,,,{},results\images\bluzy-sportowe-męskie-z-kapturem\1_8b760369.webp;results\images\bluzy-sportowe-męskie-z-kapturem\2_aaa06a65.webp,UBRANIA > Bluzy
Bluzy sportowe męskie z kapturem,https://wkdzik.pl/ubrania/meskie/bluzy/1/default/1/f_at_46_318/1,8.50,,,{},results\images\bluzy-sportowe-męskie-z-kapturem\1_8b760369.webp;results\images\bluzy-sportowe-męskie-z-kapturem\2_aaa06a65.webp,UBRANIA > Bluzy
Bluzy sportowe męskie z kapturem,https://wkdzik.pl/ubrania/meskie/bluzy/1/default/1/f_at_46_319/1,8.50,,,{},results\images\bluzy-sportowe-męskie-z-kapturem\1_8b760369.webp;results\images\bluzy-sportowe-męskie-z-kapturem\2_aaa06a65.webp,UBRANIA > Bluzy
Bluzy sportowe męskie z kapturem,https://wkdzik.pl/ubrania/meskie/bluzy/1/default/1/f_at_3_31/1,8.50,,,{},results\images\bluzy-sportowe-męskie-z-kapturem\1_8b760369.webp;results\images\bluzy-sportowe-męskie-z-kapturem\2_aaa06a65.webp,UBRANIA > Bluzy
Bluzy sportowe męskie z kapturem,https://wkdzik.pl/ubrania/meskie/bluzy/1/default/1/f_at_3_421/1,8.50,,,{},results\images\bluzy-sportowe-męskie-z-kapturem\1_8b760369.webp;results\images\bluzy-sportowe-męskie-z-kapturem\2_aaa06a65.webp,UBRANIA > Bluzy
Bluzy sportowe męskie z kapturem,https://wkdzik.pl/ubrania/meskie/bluzy/1/default/1/f_at_3_425/1,8.50,,,{},results\images\bluzy-sportowe-męskie-z-kapturem\1_8b760369.webp;results\images\bluzy-sportowe-męskie-z-kapturem\2_aaa06a65.webp,UBRANIA > Bluzy
Bluzy sportowe męskie z kapturem,https://wkdzik.pl/ubrania/meskie/bluzy/1/default/1/f_at_43_164/1,8.50,,,{},results\images\bluzy-sportowe-męskie-z-kapturem\1_8b760369.webp;results\images\bluzy-sportowe-męskie-z-kapturem\2_aaa06a65.webp,UBRANIA > Bluzy
Bluzy sportowe męskie z kapturem,https://wkdzik.pl/ubrania/meskie/bluzy/1/default/1/f_at_45_216/1,8.50,,,{},results\images\bluzy-sportowe-męskie-z-kapturem\1_8b760369.webp;results\images\bluzy-sportowe-męskie-z-kapturem\2_aaa06a65.webp,UBRANIA > Bluzy
Bluzy sportowe męskie z kapturem,https://wkdzik.pl/ubrania/meskie/bluzy/1/default/1/f_at_45_430/1,8.50,,,{},results\images\bluzy-sportowe-męskie-z-kapturem\1_8b760369.webp;results\images\bluzy-sportowe-męskie-z-kapturem\2_aaa06a65.webp,UBRANIA > Bluzy
Bluzy sportowe męskie z kapturem,https://wkdzik.pl/ubrania/meskie/bluzy/1/default/1/f_at_45_225/1,8.50,,,{},results\images\bluzy-sportowe-męskie-z-kapturem\1_8b760369.webp;results\images\bluzy-sportowe-męskie-z-kapturem\2_aaa06a65.webp,UBRANIA > Bluzy
Bluzy sportowe męskie z kapturem,https://wkdzik.pl/ubrania/meskie/bluzy/1/default/1/f_at_45_426/1,8.50,,,{},results\images\bluzy-sportowe-męskie-z-kapturem\1_8b760369.webp;results\images\bluzy-sportowe-męskie-z-kapturem\2_aaa06a65.webp,UBRANIA > Bluzy
Bluzy sportowe męskie z kapturem,https://wkdzik.pl/ubrania/meskie/bluzy/1/default/1/f_availability_2/1,8.50,,,{},results\images\bluzy-sportowe-męskie-z-kapturem\1_8b760369.webp;results\images\bluzy-sportowe-męskie-z-kapturem\2_aaa06a65.webp,UBRANIA > Bluzy
Bluzy sportowe męskie z kapturem,https://wkdzik.pl/ubrania/meskie/bluzy/1/default/1/f_availability_4/1,8.50,,,{},results\images\bluzy-sportowe-męskie-z-kapturem\1_8b760369.webp;results\images\bluzy-sportowe-męskie-z-kapturem\2_aaa06a65.webp,UBRANIA > Bluzy
Bluzy sportowe męskie z kapturem,https://wkdzik.pl/ubrania/meskie/bluzy/1/default/1/f_availability_5/1,8.50,,,{},results\images\bluzy-sportowe-męskie-z-kapturem\1_8b760369.webp;results\images\bluzy-sportowe-męskie-z-kapturem\2_aaa06a65.webp,UBRANIA > Bluzy
Bluzy sportowe męskie z kapturem,https://wkdzik.pl/ubrania/meskie/bluzy/1/default/1/f_availability_9/1,8.50,,,{},results\images\bluzy-sportowe-męskie-z-kapturem\1_8b760369.webp;results\images\bluzy-sportowe-męskie-z-kapturem\2_aaa06a65.webp,UBRANIA > Bluzy
Bluzy sportowe męskie z kapturem,https://wkdzik.pl/ubrania/meskie/bluzy/2,8.50,,,{},results\images\bluzy-sportowe-męskie-z-kapturem\1_8b760369.webp;results\images\bluzy-sportowe-męskie-z-kapturem\2_aaa06a65.webp,UBRANIA > Bluzy
Bluzy sportowe męskie z kapturem,https://wkdzik.pl/ubrania/meskie/bluzy/2/default/2,8.50,,,{},results\images\bluzy-sportowe-męskie-z-kapturem\1_8b760369.webp;results\images\bluzy-sportowe-męskie-z-kapturem\2_aaa06a65.webp,UBRANIA > Bluzy
Bluzy sportowe męskie z kapturem,https://wkdzik.pl/ubrania/meskie/bluzy/2/default/3,8.50,,,{},results\images\bluzy-sportowe-męskie-z-kapturem\1_8b760369.webp;results\images\bluzy-sportowe-męskie-z-kapturem\2_aaa06a65.webp,UBRANIA > Bluzy
Bluzy sportowe męskie z kapturem,https://wkdzik.pl/ubrania/meskie/bluzy/2/default/4,8.50,,,{},results\images\bluzy-sportowe-męskie-z-kapturem\1_8b760369.webp;results\images\bluzy-sportowe-męskie-z-kapturem\2_aaa06a65.webp,UBRANIA > Bluzy
Spodnie dresowe męskie,https://wkdzik.pl/ubrania/meskie/spodnie/1/default/2,8.50,,,{},results\images\spodnie-dresowe-męskie\1_8b760369.webp;results\images\spodnie-dresowe-męskie\2_aaa06a65.webp,UBRANIA > Spodnie i legginsy
Spodnie dresowe męskie,https://wkdzik.pl/ubrania/meskie/spodnie/1/default/3,8.50,,,{},results\images\spodnie-dresowe-męskie\1_8b760369.webp;results\images\spodnie-dresowe-męskie\2_aaa06a65.webp,UBRANIA > Spodnie i legginsy
Spodnie dresowe męskie,https://wkdzik.pl/ubrania/meskie/spodnie/1/default/4,8.50,,,{},results\images\spodnie-dresowe-męskie\1_8b760369.webp;results\images\spodnie-dresowe-męskie\2_aaa06a65.webp,UBRANIA > Spodnie i legginsy
Spodnie dresowe męskie,https://wkdzik.pl/ubrania/meskie/spodnie/1/default/1/f_ov_32_305/1,8.50,,,{},results\images\spodnie-dresowe-męskie\1_8b760369.webp;results\images\spodnie-dresowe-męskie\2_aaa06a65.webp,UBRANIA > Spodnie i legginsy
Spodnie dresowe męskie,https://wkdzik.pl/ubrania/meskie/spodnie/1/default/1/f_ov_32_306/1,8.50,,,{},results\images\spodnie-dresowe-męskie\1_8b760369.webp;results\images\spodnie-dresowe-męskie\2_aaa06a65.webp,UBRANIA > Spodnie i legginsy
Spodnie dresowe męskie,https://wkdzik.pl/ubrania/meskie/spodnie/1/default/1/f_ov_32_307/1,8.50,,,{},results\images\spodnie-dresowe-męskie\1_8b760369.webp;results\images\spodnie-dresowe-męskie\2_aaa06a65.webp,UBRANIA > Spodnie i legginsy
Spodnie dresowe męskie,https://wkdzik.pl/ubrania/meskie/spodnie/1/default/1/f_ov_32_308/1,8.50,,,{},results\images\spodnie-dresowe-męskie\1_8b760369.webp;results\images\spodnie-dresowe-męskie\2_aaa06a65.webp,UBRANIA > Spodnie i legginsy
Spodnie dresowe męskie,https://wkdzik.pl/ubrania/meskie/spodnie/1/default/1/f_ov_32_309/1,8.50,,,{},results\images\spodnie-dresowe-męskie\1_8b760369.webp;results\images\spodnie-dresowe-męskie\2_aaa06a65.webp,UBRANIA > Spodnie i legginsy
Spodnie dresowe męskie,https://wkdzik.pl/ubrania/meskie/spodnie/1/default/1/f_ov_32_310/1,8.50,,,{},results\images\spodnie-dresowe-męskie\1_8b760369.webp;results\images\spodnie-dresowe-męskie\2_aaa06a65.webp,UBRANIA > Spodnie i legginsy
Spodnie dresowe męskie,https://wkdzik.pl/ubrania/meskie/spodnie/1/default/1/f_at_65_417/1,8.50,,,{},results\images\spodnie-dresowe-męskie\1_8b760369.webp;results\images\spodnie-dresowe-męskie\2_aaa06a65.webp,UBRANIA > Spodnie i legginsy
Spodnie dresowe męskie,https://wkdzik.pl/ubrania/meskie/spodnie/1/default/1/f_at_65_418/1,8.50,,,{},results\images\spodnie-dresowe-męskie\1_8b760369.webp;results\images\spodnie-dresowe-męskie\2_aaa06a65.webp,UBRANIA > Spodnie i legginsy
Spodnie dresowe męskie,https://wkdzik.pl/ubrania/meskie/spodnie/1/default/1/f_at_44_43/1,8.50,,,{},results\images\spodnie-dresowe-męskie\1_8b760369.webp;results\images\spodnie-dresowe-męskie\2_aaa06a65.webp,UBRANIA > Spodnie i legginsy
Spodnie dresowe męskie,https://wkdzik.pl/ubrania/meskie/spodnie/1/default/1/f_at_44_292/1,8.50,,,{},results\images\spodnie-dresowe-męskie\1_8b760369.webp;results\images\spodnie-dresowe-męskie\2_aaa06a65.webp,UBRANIA > Spodnie i legginsy
Spodnie dresowe męskie,https://wkdzik.pl/ubrania/meskie/spodnie/1/default/1/f_at_44_293/1,8.50,,,{},results\images\spodnie-dresowe-męskie\1_8b760369.webp;results\images\spodnie-dresowe-męskie\2_aaa06a65.webp,UBRANIA > Spodnie i legginsy
Spodnie dresowe męskie,https://wkdzik.pl/ubrania/meskie/spodnie/1/default/1/f_at_44_295/1,8.50,,,{},results\images\spodnie-dresowe-męskie\1_8b760369.webp;results\images\spodnie-dresowe-męskie\2_aaa06a65.webp,UBRANIA > Spodnie i legginsy
Spodnie dresowe męskie,https://wkdzik.pl/ubrania/meskie/spodnie/1/default/1/f_at_44_297/1,8.50,,,{},results\images\spodnie-dresowe-męskie\1_8b760369.webp;results\images\spodnie-dresowe-męskie\2_aaa06a65.webp,UBRANIA > Spodnie i legginsy
Spodnie dresowe męskie,https://wkdzik.pl/ubrania/meskie/spodnie/1/default/1/f_at_44_308/1,8.50,,,{},results\images\spodnie-dresowe-męskie\1_8b760369.webp;results\images\spodnie-dresowe-męskie\2_aaa06a65.webp,UBRANIA > Spodnie i legginsy
Spodnie dresowe męskie,https://wkdzik.pl/ubrania/meskie/spodnie/1/default/1/f_at_46_316/1,8.50,,,{},results\images\spodnie-dresowe-męskie\1_8b760369.webp;results\images\spodnie-dresowe-męskie\2_aaa06a65.webp,UBRANIA > Spodnie i legginsy
Spodnie dresowe męskie,https://wkdzik.pl/ubrania/meskie/spodnie/1/default/1/f_at_46_317/1,8.50,,,{},results\images\spodnie-dresowe-męskie\1_8b760369.webp;results\images\spodnie-dresowe-męskie\2_aaa06a65.webp,UBRANIA > Spodnie i legginsy
Spodnie dresowe męskie,https://wkdzik.pl/ubrania/meskie/spodnie/1/default/1/f_at_46_318/1,8.50,,,{},results\images\spodnie-dresowe-męskie\1_8b760369.webp;results\images\spodnie-dresowe-męskie\2_aaa06a65.webp,UBRANIA > Spodnie i legginsy
Spodnie dresowe męskie,https://wkdzik.pl/ubrania/meskie/spodnie/1/default/1/f_at_46_319/1,8.50,,,{},results\images\spodnie-dresowe-męskie\1_8b760369.webp;results\images\spodnie-dresowe-męskie\2_aaa06a65.webp,UBRANIA > Spodnie i legginsy
Spodnie dresowe męskie,https://wkdzik.pl/ubrania/meskie/spodnie/1/default/1/f_at_3_31/1,8.50,,,{},results\images\spodnie-dresowe-męskie\1_8b760369.webp;results\images\spodnie-dresowe-męskie\2_aaa06a65.webp,UBRANIA > Spodnie i legginsy
Spodnie dresowe męskie,https://wkdzik.pl/ubrania/meskie/spodnie/1/default/1/f_at_3_421/1,8.50,,,{},results\images\spodnie-dresowe-męskie\1_8b760369.webp;results\images\spodnie-dresowe-męskie\2_aaa06a65.webp,UBRANIA > Spodnie i legginsy
Spodnie dresowe męskie,https://wkdzik.pl/ubrania/meskie/spodnie/1/default/1/f_at_3_422/1,8.50,,,{},results\images\spodnie-dresowe-męskie\1_8b760369.webp;results\images\spodnie-dresowe-męskie\2_aaa06a65.webp,UBRANIA > Spodnie i legginsy
Spodnie dresowe męskie,https://wkdzik.pl/ubrania/meskie/spodnie/1/default/1/f_at_3_425/1,8.50,,,{},results\images\spodnie-dresowe-męskie\1_8b760369.webp;results\images\spodnie-dresowe-męskie\2_aaa06a65.webp,UBRANIA > Spodnie i legginsy
Spodnie dresowe męskie,https://wkdzik.pl/ubrania/meskie/spodnie/1/default/1/f_at_3_428/1,8.50,,,{},results\images\spodnie-dresowe-męskie\1_8b760369.webp;results\images\spodnie-dresowe-męskie\2_aaa06a65.webp,UBRANIA > Spodnie i legginsy
Spodnie dresowe męskie,https://wkdzik.pl/ubrania/meskie/spodnie/1/default/1/f_at_43_168/1,8.50,,,{},results\images\spodnie-dresowe-męskie\1_8b760369.webp;results\images\spodnie-dresowe-męskie\2_aaa06a65.webp,UBRANIA > Spodnie i legginsy
Spodnie dresowe męskie,https://wkdzik.pl/ubrania/meskie/spodnie/1/default/1/f_at_43_173/1,8.50,,,{},results\images\spodnie-dresowe-męskie\1_8b760369.webp;results\images\spodnie-dresowe-męskie\2_aaa06a65.webp,UBRANIA > Spodnie i legginsy
Spodnie dresowe męskie,https://wkdzik.pl/ubrania/meskie/spodnie/1/default/1/f_at_45_216/1,8.50,,,{},results\images\spodnie-dresowe-męskie\1_8b760369.webp;results\images\spodnie-dresowe-męskie\2_aaa06a65.webp,UBRANIA > Spodnie i legginsy
Spodnie dresowe męskie,https://wkdzik.pl/ubrania/meskie/spodnie/1/default/1/f_at_45_430/1,8.50,,,{},results\images\spodnie-dresowe-męskie\1_8b760369.webp;results\images\spodnie-dresowe-męskie\2_aaa06a65.webp,UBRANIA > Spodnie i legginsy
Spodnie dresowe męskie,https://wkdzik.pl/ubrania/meskie/spodnie/1/default/1/f_at_45_426/1,8.50,,,{},results\images\spodnie-dresowe-męskie\1_8b760369.webp;results\images\spodnie-dresowe-męskie\2_aaa06a65.webp,UBRANIA > Spodnie i legginsy
Spodnie dresowe męskie,https://wkdzik.pl/ubrania/meskie/spodnie/1/default/1/f_availability_2/1,8.50,,,{},results\images\spodnie-dresowe-męskie\1_8b760369.webp;results\images\spodnie-dresowe-męskie\2_aaa06a65.webp,UBRANIA > Spodnie i legginsy
Spodnie dresowe męskie,https://wkdzik.pl/ubrania/meskie/spodnie/1/default/1/f_availability_4/1,8.50,,,{},results\images\spodnie-dresowe-męskie\1_8b760369.webp;results\images\spodnie-dresowe-męskie\2_aaa06a65.webp,UBRANIA > Spodnie i legginsy
Spodnie dresowe męskie,https://wkdzik.pl/ubrania/meskie/spodnie/1/default/1/f_availability_5/1,8.50,,,{},results\images\spodnie-dresowe-męskie\1_8b760369.webp;results\images\spodnie-dresowe-męskie\2_aaa06a65.webp,UBRANIA > Spodnie i legginsy
Spodnie dresowe męskie,https://wkdzik.pl/ubrania/meskie/spodnie/1/default/1/f_availability_9/1,8.50,,,{},results\images\spodnie-dresowe-męskie\1_8b760369.webp;results\images\spodnie-dresowe-męskie\2_aaa06a65.webp,UBRANIA > Spodnie i legginsy
Spodnie dresowe męskie,https://wkdzik.pl/ubrania/meskie/spodnie/2,8.50,,,{},results\images\spodnie-dresowe-męskie\1_8b760369.webp;results\images\spodnie-dresowe-męskie\2_aaa06a65.webp,UBRANIA > Spodnie i legginsy
Spodnie dresowe męskie,https://wkdzik.pl/ubrania/meskie/spodnie/2/default/2,8.50,,,{},results\images\spodnie-dresowe-męskie\1_8b760369.webp;results\images\spodnie-dresowe-męskie\2_aaa06a65.webp,UBRANIA > Spodnie i legginsy
Spodnie dresowe męskie,https://wkdzik.pl/ubrania/meskie/spodnie/2/default/3,8.50,,,{},results\images\spodnie-dresowe-męskie\1_8b760369.webp;results\images\spodnie-dresowe-męskie\2_aaa06a65.webp,UBRANIA > Spodnie i legginsy
Spodnie dresowe męskie,https://wkdzik.pl/ubrania/meskie/spodnie/2/default/4,8.50,,,{},results\images\spodnie-dresowe-męskie\1_8b760369.webp;results\images\spodnie-dresowe-męskie\2_aaa06a65.webp,UBRANIA > Spodnie i legginsy
Spodenki sportowe męskie,https://wkdzik.pl/ubrania/meskie/spodenki/1/default/2,8.50,,,{},results\images\spodenki-sportowe-męskie\1_8b760369.webp;results\images\spodenki-sportowe-męskie\2_aaa06a65.webp,UBRANIA > Spodenki
Spodenki sportowe męskie,https://wkdzik.pl/ubrania/meskie/spodenki/1/default/3,8.50,,,{},results\images\spodenki-sportowe-męskie\1_8b760369.webp;results\images\spodenki-sportowe-męskie\2_aaa06a65.webp,UBRANIA > Spodenki
Spodenki sportowe męskie,https://wkdzik.pl/ubrania/meskie/spodenki/1/default/4,8.50,,,{},results\images\spodenki-sportowe-męskie\1_8b760369.webp;results\images\spodenki-sportowe-męskie\2_aaa06a65.webp,UBRANIA > Spodenki
Spodenki sportowe męskie,https://wkdzik.pl/ubrania/meskie/spodenki/1/default/1/f_ov_32_305/1,8.50,,,{},results\images\spodenki-sportowe-męskie\1_8b760369.webp;results\images\spodenki-sportowe-męskie\2_aaa06a65.webp,UBRANIA > Spodenki
Spodenki sportowe męskie,https://wkdzik.pl/ubrania/meskie/spodenki/1/default/1/f_ov_32_306/1,8.50,,,{},results\images\spodenki-sportowe-męskie\1_8b760369.webp;results\images\spodenki-sportowe-męskie\2_aaa06a65.webp,UBRANIA > Spodenki
Spodenki sportowe męskie,https://wkdzik.pl/ubrania/meskie/spodenki/1/default/1/f_ov_32_307/1,8.50,,,{},results\images\spodenki-sportowe-męskie\1_8b760369.webp;results\images\spodenki-sportowe-męskie\2_aaa06a65.webp,UBRANIA > Spodenki
Spodenki sportowe męskie,https://wkdzik.pl/ubrania/meskie/spodenki/1/default/1/f_ov_32_308/1,8.50,,,{},results\images\spodenki-sportowe-męskie\1_8b760369.webp;results\images\spodenki-sportowe-męskie\2_aaa06a65.webp,UBRANIA > Spodenki
Spodenki sportowe męskie,https://wkdzik.pl/ubrania/meskie/spodenki/1/default/1/f_ov_32_309/1,8.50,,,{},results\images\spodenki-sportowe-męskie\1_8b760369.webp;results\images\spodenki-sportowe-męskie\2_aaa06a65.webp,UBRANIA > Spodenki
Spodenki sportowe męskie,https://wkdzik.pl/ubrania/meskie/spodenki/1/default/1/f_ov_32_310/1,8.50,,,{},results\images\spodenki-sportowe-męskie\1_8b760369.webp;results\images\spodenki-sportowe-męskie\2_aaa06a65.webp,UBRANIA > Spodenki
Spodenki sportowe męskie,https://wkdzik.pl/ubrania/meskie/spodenki/1/default/1/f_at_65_417/1,8.50,,,{},results\images\spodenki-sportowe-męskie\1_8b760369.webp;results\images\spodenki-sportowe-męskie\2_aaa06a65.webp,UBRANIA > Spodenki
Spodenki sportowe męskie,https://wkdzik.pl/ubrania/meskie/spodenki/1/default/1/f_at_65_418/1,8.50,,,{},results\images\spodenki-sportowe-męskie\1_8b760369.webp;results\images\spodenki-sportowe-męskie\2_aaa06a65.webp,UBRANIA > Spodenki
Spodenki sportowe męskie,https://wkdzik.pl/ubrania/meskie/spodenki/1/default/1/f_at_44_292/1,8.50,,,{},results\images\spodenki-sportowe-męskie\1_8b760369.webp;results\images\spodenki-sportowe-męskie\2_aaa06a65.webp,UBRANIA > Spodenki
Spodenki sportowe męskie,https://wkdzik.pl/ubrania/meskie/spodenki/1/default/1/f_at_44_293/1,8.50,,,{},results\images\spodenki-sportowe-męskie\1_8b760369.webp;results\images\spodenki-sportowe-męskie\2_aaa06a65.webp,UBRANIA > Spodenki
Spodenki sportowe męskie,https://wkdzik.pl/ubrania/meskie/spodenki/1/default/1/f_at_44_295/1,8.50,,,{},results\images\spodenki-sportowe-męskie\1_8b760369.webp;results\images\spodenki-sportowe-męskie\2_aaa06a65.webp,UBRANIA > Spodenki
Spodenki sportowe męskie,https://wkdzik.pl/ubrania/meskie/spodenki/1/default/1/f_at_44_298/1,8.50,,,{},results\images\spodenki-sportowe-męskie\1_8b760369.webp;results\images\spodenki-sportowe-męskie\2_aaa06a65.webp,UBRANIA > Spodenki
Spodenki sportowe męskie,https://wkdzik.pl/ubrania/meskie/spodenki/1/default/1/f_at_44_300/1,8.50,,,{},results\images\spodenki-sportowe-męskie\1_8b760369.webp;results\images\spodenki-sportowe-męskie\2_aaa06a65.webp,UBRANIA > Spodenki
Spodenki sportowe męskie,https://wkdzik.pl/ubrania/meskie/spodenki/1/default/1/f_at_46_316/1,8.50,,,{},results\images\spodenki-sportowe-męskie\1_8b760369.webp;results\images\spodenki-sportowe-męskie\2_aaa06a65.webp,UBRANIA > Spodenki
Spodenki sportowe męskie,https://wkdzik.pl/ubrania/meskie/spodenki/1/default/1/f_at_46_317/1,8.50,,,{},results\images\spodenki-sportowe-męskie\1_8b760369.webp;results\images\spodenki-sportowe-męskie\2_aaa06a65.webp,UBRANIA > Spodenki
Spodenki sportowe męskie,https://wkdzik.pl/ubrania/meskie/spodenki/1/default/1/f_at_46_318/1,8.50,,,{},results\images\spodenki-sportowe-męskie\1_8b760369.webp;results\images\spodenki-sportowe-męskie\2_aaa06a65.webp,UBRANIA > Spodenki
Spodenki sportowe męskie,https://wkdzik.pl/ubrania/meskie/spodenki/1/default/1/f_at_3_31/1,8.50,,,{},results\images\spodenki-sportowe-męskie\1_8b760369.webp;results\images\spodenki-sportowe-męskie\2_aaa06a65.webp,UBRANIA > Spodenki
Spodenki sportowe męskie,https://wkdzik.pl/ubrania/meskie/spodenki/1/default/1/f_at_3_421/1,8.50,,,{},results\images\spodenki-sportowe-męskie\1_8b760369.webp;results\images\spodenki-sportowe-męskie\2_aaa06a65.webp,UBRANIA > Spodenki
Spodenki sportowe męskie,https://wkdzik.pl/ubrania/meskie/spodenki/1/default/1/f_at_3_425/1,8.50,,,{},results\images\spodenki-sportowe-męskie\1_8b760369.webp;results\images\spodenki-sportowe-męskie\2_aaa06a65.webp,UBRANIA > Spodenki
Spodenki sportowe męskie,https://wkdzik.pl/ubrania/meskie/spodenki/1/default/1/f_at_3_428/1,8.50,,,{},results\images\spodenki-sportowe-męskie\1_8b760369.webp;results\images\spodenki-sportowe-męskie\2_aaa06a65.webp,UBRANIA > Spodenki
Spodenki sportowe męskie,https://wkdzik.pl/ubrania/meskie/spodenki/1/default/1/f_at_43_166/1,8.50,,,{},results\images\spodenki-sportowe-męskie\1_8b760369.webp;results\images\spodenki-sportowe-męskie\2_aaa06a65.webp,UBRANIA > Spodenki
Spodenki sportowe męskie,https://wkdzik.pl/ubrania/meskie/spodenki/1/default/1/f_at_43_167/1,8.50,,,{},results\images\spodenki-sportowe-męskie\1_8b760369.webp;results\images\spodenki-sportowe-męskie\2_aaa06a65.webp,UBRANIA > Spodenki
Spodenki sportowe męskie,https://wkdzik.pl/ubrania/meskie/spodenki/1/default/1/f_at_43_173/1,8.50,,,{},results\images\spodenki-sportowe-męskie\1_8b760369.webp;results\images\spodenki-sportowe-męskie\2_aaa06a65.webp,UBRANIA > Spodenki
Spodenki sportowe męskie,https://wkdzik.pl/ubrania/meskie/spodenki/1/default/1/f_at_45_216/1,8.50,,,{},results\images\spodenki-sportowe-męskie\1_8b760369.webp;results\images\spodenki-sportowe-męskie\2_aaa06a65.webp,UBRANIA > Spodenki
Spodenki sportowe męskie,https://wkdzik.pl/ubrania/meskie/spodenki/1/default/1/f_at_45_430/1,8.50,,,{},results\images\spodenki-sportowe-męskie\1_8b760369.webp;results\images\spodenki-sportowe-męskie\2_aaa06a65.webp,UBRANIA > Spodenki
Spodenki sportowe męskie,https://wkdzik.pl/ubrania/meskie/spodenki/1/default/1/f_at_45_419/1,8.50,,,{},results\images\spodenki-sportowe-męskie\1_8b760369.webp;results\images\spodenki-sportowe-męskie\2_aaa06a65.webp,UBRANIA > Spodenki
Spodenki sportowe męskie,https://wkdzik.pl/ubrania/meskie/spodenki/1/default/1/f_at_45_220/1,8.50,,,{},results\images\spodenki-sportowe-męskie\1_8b760369.webp;results\images\spodenki-sportowe-męskie\2_aaa06a65.webp,UBRANIA > Spodenki
Spodenki sportowe męskie,https://wkdzik.pl/ubrania/meskie/spodenki/1/default/1/f_availability_2/1,8.50,,,{},results\images\spodenki-sportowe-męskie\1_8b760369.webp;results\images\spodenki-sportowe-męskie\2_aaa06a65.webp,UBRANIA > Spodenki
Spodenki sportowe męskie,https://wkdzik.pl/ubrania/meskie/spodenki/1/default/1/f_availability_4/1,8.50,,,{},results\images\spodenki-sportowe-męskie\1_8b760369.webp;results\images\spodenki-sportowe-męskie\2_aaa06a65.webp,UBRANIA > Spodenki
Spodenki sportowe męskie,https://wkdzik.pl/ubrania/meskie/spodenki/1/default/1/f_availability_5/1,8.50,,,{},results\images\spodenki-sportowe-męskie\1_8b760369.webp;results\images\spodenki-sportowe-męskie\2_aaa06a65.webp,UBRANIA > Spodenki
Spodenki sportowe męskie,https://wkdzik.pl/ubrania/meskie/spodenki/1/default/1/f_availability_9/1,8.50,,,{},results\images\spodenki-sportowe-męskie\1_8b760369.webp;results\images\spodenki-sportowe-męskie\2_aaa06a65.webp,UBRANIA > Spodenki
Kurtki i kamizelki,https://wkdzik.pl/ubrania/meskie/kurtki-i-kamizelki/1/default/2,8.50,,,{},results\images\kurtki-i-kamizelki\1_8b760369.webp;results\images\kurtki-i-kamizelki\2_aaa06a65.webp,UBRANIA > Kurtki
Kurtki i kamizelki,https://wkdzik.pl/ubrania/meskie/kurtki-i-kamizelki/1/default/3,8.50,,,{},results\images\kurtki-i-kamizelki\1_8b760369.webp;results\images\kurtki-i-kamizelki\2_aaa06a65.webp,UBRANIA > Kurtki
Kurtki i kamizelki,https://wkdzik.pl/ubrania/meskie/kurtki-i-kamizelki/1/default/4,8.50,,,{},results\images\kurtki-i-kamizelki\1_8b760369.webp;results\images\kurtki-i-kamizelki\2_aaa06a65.webp,UBRANIA > Kurtki
Kurtki i kamizelki,https://wkdzik.pl/ubrania/meskie/kurtki-i-kamizelki/1/default/1/f_ov_32_306/1,8.50,,,{},results\images\kurtki-i-kamizelki\1_8b760369.webp;results\images\kurtki-i-kamizelki\2_aaa06a65.webp,UBRANIA > Kurtki
Kurtki i kamizelki,https://wkdzik.pl/ubrania/meskie/kurtki-i-kamizelki/1/default/1/f_ov_32_307/1,8.50,,,{},results\images\kurtki-i-kamizelki\1_8b760369.webp;results\images\kurtki-i-kamizelki\2_aaa06a65.webp,UBRANIA > Kurtki
Kurtki i kamizelki,https://wkdzik.pl/ubrania/meskie/kurtki-i-kamizelki/1/default/1/f_ov_32_308/1,8.50,,,{},results\images\kurtki-i-kamizelki\1_8b760369.webp;results\images\kurtki-i-kamizelki\2_aaa06a65.webp,UBRANIA > Kurtki
Kurtki i kamizelki,https://wkdzik.pl/ubrania/meskie/kurtki-i-kamizelki/1/default/1/f_ov_32_309/1,8.50,,,{},results\images\kurtki-i-kamizelki\1_8b760369.webp;results\images\kurtki-i-kamizelki\2_aaa06a65.webp,UBRANIA > Kurtki
Kurtki i kamizelki,https://wkdzik.pl/ubrania/meskie/kurtki-i-kamizelki/1/default/1/f_ov_32_310/1,8.50,,,{},results\images\kurtki-i-kamizelki\1_8b760369.webp;results\images\kurtki-i-kamizelki\2_aaa06a65.webp,UBRANIA > Kurtki
Kurtki i kamizelki,https://wkdzik.pl/ubrania/meskie/kurtki-i-kamizelki/1/default/1/f_ov_32_678/1,8.50,,,{},results\images\kurtki-i-kamizelki\1_8b760369.webp;results\images\kurtki-i-kamizelki\2_aaa06a65.webp,UBRANIA > Kurtki
Kurtki i kamizelki,https://wkdzik.pl/ubrania/meskie/kurtki-i-kamizelki/1/default/1/f_ov_32_679/1,8.50,,,{},results\images\kurtki-i-kamizelki\1_8b760369.webp;results\images\kurtki-i-kamizelki\2_aaa06a65.webp,UBRANIA > Kurtki
Kurtki i kamizelki,https://wkdzik.pl/ubrania/meskie/kurtki-i-kamizelki/1/default/1/f_ov_32_680/1,8.50,,,{},results\images\kurtki-i-kamizelki\1_8b760369.webp;results\images\kurtki-i-kamizelki\2_aaa06a65.webp,UBRANIA > Kurtki
Kurtki i kamizelki,https://wkdzik.pl/ubrania/meskie/kurtki-i-kamizelki/1/default/1/f_at_65_417/1,8.50,,,{},results\images\kurtki-i-kamizelki\1_8b760369.webp;results\images\kurtki-i-kamizelki\2_aaa06a65.webp,UBRANIA > Kurtki
Kurtki i kamizelki,https://wkdzik.pl/ubrania/meskie/kurtki-i-kamizelki/1/default/1/f_at_44_292/1,8.50,,,{},results\images\kurtki-i-kamizelki\1_8b760369.webp;results\images\kurtki-i-kamizelki\2_aaa06a65.webp,UBRANIA > Kurtki
Kurtki i kamizelki,https://wkdzik.pl/ubrania/meskie/kurtki-i-kamizelki/1/default/1/f_at_46_317/1,8.50,,,{},results\images\kurtki-i-kamizelki\1_8b760369.webp;results\images\kurtki-i-kamizelki\2_aaa06a65.webp,UBRANIA > Kurtki
Kurtki i kamizelki,https://wkdzik.pl/ubrania/meskie/kurtki-i-kamizelki/1/default/1/f_at_46_319/1,8.50,,,{},results\images\kurtki-i-kamizelki\1_8b760369.webp;results\images\kurtki-i-kamizelki\2_aaa06a65.webp,UBRANIA > Kurtki
Kurtki i kamizelki,https://wkdzik.pl/ubrania/meskie/kurtki-i-kamizelki/1/default/1/f_at_3_423/1,8.50,,,{},results\images\kurtki-i-kamizelki\1_8b760369.webp;results\images\kurtki-i-kamizelki\2_aaa06a65.webp,UBRANIA > Kurtki
Kurtki i kamizelki,https://wkdzik.pl/ubrania/meskie/kurtki-i-kamizelki/1/default/1/f_at_43_438/1,8.50,,,{},results\images\kurtki-i-kamizelki\1_8b760369.webp;results\images\kurtki-i-kamizelki\2_aaa06a65.webp,UBRANIA > Kurtki
Kurtki i kamizelki,https://wkdzik.pl/ubrania/meskie/kurtki-i-kamizelki/1/default/1/f_at_45_216/1,8.50,,,{},results\images\kurtki-i-kamizelki\1_8b760369.webp;results\images\kurtki-i-kamizelki\2_aaa06a65.webp,UBRANIA > Kurtki
Kurtki i kamizelki,https://wkdzik.pl/ubrania/meskie/kurtki-i-kamizelki/1/default/1/f_availability_2/1,8.50,,,{},results\images\kurtki-i-kamizelki\1_8b760369.webp;results\images\kurtki-i-kamizelki\2_aaa06a65.webp,UBRANIA > Kurtki
Kurtki i kamizelki,https://wkdzik.pl/ubrania/meskie/kurtki-i-kamizelki/1/default/1/f_availability_4/1,8.50,,,{},results\images\kurtki-i-kamizelki\1_8b760369.webp;results\images\kurtki-i-kamizelki\2_aaa06a65.webp,UBRANIA > Kurtki
Kurtki i kamizelki,https://wkdzik.pl/ubrania/meskie/kurtki-i-kamizelki/1/default/1/f_availability_5/1,8.50,,,{},results\images\kurtki-i-kamizelki\1_8b760369.webp;results\images\kurtki-i-kamizelki\2_aaa06a65.webp,UBRANIA > Kurtki
Kurtki i kamizelki,https://wkdzik.pl/ubrania/meskie/kurtki-i-kamizelki/1/default/1/f_availability_9/1,8.50,,,{},results\images\kurtki-i-kamizelki\1_8b760369.webp;results\images\kurtki-i-kamizelki\2_aaa06a65.webp,UBRANIA > Kurtki
Czapki zimowe i z daszkiem,https://wkdzik.pl/ubrania/meskie/czapki/1/default/2,8.50,,,{},results\images\czapki-zimowe-i-z-daszkiem\1_8b760369.webp;results\images\czapki-zimowe-i-z-daszkiem\2_aaa06a65.webp,UBRANIA > Czapki
Czapki zimowe i z daszkiem,https://wkdzik.pl/ubrania/meskie/czapki/1/default/3,8.50,,,{},results\images\czapki-zimowe-i-z-daszkiem\1_8b760369.webp;results\images\czapki-zimowe-i-z-daszkiem\2_aaa06a65.webp,UBRANIA > Czapki
Czapki zimowe i z daszkiem,https://wkdzik.pl/ubrania/meskie/czapki/1/default/4,8.50,,,{},results\images\czapki-zimowe-i-z-daszkiem\1_8b760369.webp;results\images\czapki-zimowe-i-z-daszkiem\2_aaa06a65.webp,UBRANIA > Czapki
Czapki zimowe i z daszkiem,https://wkdzik.pl/ubrania/meskie/czapki/1/default/1/f_at_65_418/1,8.50,,,{},results\images\czapki-zimowe-i-z-daszkiem\1_8b760369.webp;results\images\czapki-zimowe-i-z-daszkiem\2_aaa06a65.webp,UBRANIA > Czapki
Czapki zimowe i z daszkiem,https://wkdzik.pl/ubrania/meskie/czapki/1/default/1/f_at_44_310/1,8.50,,,{},results\images\czapki-zimowe-i-z-daszkiem\1_8b760369.webp;results\images\czapki-zimowe-i-z-daszkiem\2_aaa06a65.webp,UBRANIA > Czapki
Czapki zimowe i z daszkiem,https://wkdzik.pl/ubrania/meskie/czapki/1/default/1/f_at_44_43/1,8.50,,,{},results\images\czapki-zimowe-i-z-daszkiem\1_8b760369.webp;results\images\czapki-zimowe-i-z-daszkiem\2_aaa06a65.webp,UBRANIA > Czapki
Czapki zimowe i z daszkiem,https://wkdzik.pl/ubrania/meskie/czapki/1/default/1/f_at_44_292/1,8.50,,,{},results\images\czapki-zimowe-i-z-daszkiem\1_8b760369.webp;results\images\czapki-zimowe-i-z-daszkiem\2_aaa06a65.webp,UBRANIA > Czapki
Czapki zimowe i z daszkiem,https://wkdzik.pl/ubrania/meskie/czapki/1/default/1/f_at_44_293/1,8.50,,,{},results\images\czapki-zimowe-i-z-daszkiem\1_8b760369.webp;results\images\czapki-zimowe-i-z-daszkiem\2_aaa06a65.webp,UBRANIA > Czapki
Czapki zimowe i z daszkiem,https://wkdzik.pl/ubrania/meskie/czapki/1/default/1/f_at_44_294/1,8.50,,,{},results\images\czapki-zimowe-i-z-daszkiem\1_8b760369.webp;results\images\czapki-zimowe-i-z-daszkiem\2_aaa06a65.webp,UBRANIA > Czapki
Czapki zimowe i z daszkiem,https://wkdzik.pl/ubrania/meskie/czapki/1/default/1/f_at_44_297/1,8.50,,,{},results\images\czapki-zimowe-i-z-daszkiem\1_8b760369.webp;results\images\czapki-zimowe-i-z-daszkiem\2_aaa06a65.webp,UBRANIA > Czapki
Czapki zimowe i z daszkiem,https://wkdzik.pl/ubrania/meskie/czapki/1/default/1/f_at_44_298/1,8.50,,,{},results\images\czapki-zimowe-i-z-daszkiem\1_8b760369.webp;results\images\czapki-zimowe-i-z-daszkiem\2_aaa06a65.webp,UBRANIA > Czapki
Czapki zimowe i z daszkiem,https://wkdzik.pl/ubrania/meskie/czapki/1/default/1/f_at_44_302/1,8.50,,,{},results\images\czapki-zimowe-i-z-daszkiem\1_8b760369.webp;results\images\czapki-zimowe-i-z-daszkiem\2_aaa06a65.webp,UBRANIA > Czapki
Czapki zimowe i z daszkiem,https://wkdzik.pl/ubrania/meskie/czapki/1/default/1/f_at_46_316/1,8.50,,,{},results\images\czapki-zimowe-i-z-daszkiem\1_8b760369.webp;results\images\czapki-zimowe-i-z-daszkiem\2_aaa06a65.webp,UBRANIA > Czapki
Czapki zimowe i z daszkiem,https://wkdzik.pl/ubrania/meskie/czapki/1/default/1/f_at_3_31/1,8.50,,,{},results\images\czapki-zimowe-i-z-daszkiem\1_8b760369.webp;results\images\czapki-zimowe-i-z-daszkiem\2_aaa06a65.webp,UBRANIA > Czapki
Czapki zimowe i z daszkiem,https://wkdzik.pl/ubrania/meskie/czapki/1/default/1/f_at_3_423/1,8.50,,,{},results\images\czapki-zimowe-i-z-daszkiem\1_8b760369.webp;results\images\czapki-zimowe-i-z-daszkiem\2_aaa06a65.webp,UBRANIA > Czapki
Czapki zimowe i z daszkiem,https://wkdzik.pl/ubrania/meskie/czapki/1/default/1/f_at_3_440/1,8.50,,,{},results\images\czapki-zimowe-i-z-daszkiem\1_8b760369.webp;results\images\czapki-zimowe-i-z-daszkiem\2_aaa06a65.webp,UBRANIA > Czapki
Czapki zimowe i z daszkiem,https://wkdzik.pl/ubrania/meskie/czapki/1/default/1/f_at_43_177/1,8.50,,,{},results\images\czapki-zimowe-i-z-daszkiem\1_8b760369.webp;results\images\czapki-zimowe-i-z-daszkiem\2_aaa06a65.webp,UBRANIA > Czapki
Czapki zimowe i z daszkiem,https://wkdzik.pl/ubrania/meskie/czapki/1/default/1/f_at_43_178/1,8.50,,,{},results\images\czapki-zimowe-i-z-daszkiem\1_8b760369.webp;results\images\czapki-zimowe-i-z-daszkiem\2_aaa06a65.webp,UBRANIA > Czapki
Czapki zimowe i z daszkiem,https://wkdzik.pl/ubrania/meskie/czapki/1/default/1/f_at_45_216/1,8.50,,,{},results\images\czapki-zimowe-i-z-daszkiem\1_8b760369.webp;results\images\czapki-zimowe-i-z-daszkiem\2_aaa06a65.webp,UBRANIA > Czapki
Czapki zimowe i z daszkiem,https://wkdzik.pl/ubrania/meskie/czapki/1/default/1/f_at_45_419/1,8.50,,,{},results\images\czapki-zimowe-i-z-daszkiem\1_8b760369.webp;results\images\czapki-zimowe-i-z-daszkiem\2_aaa06a65.webp,UBRANIA > Czapki
Czapki zimowe i z daszkiem,https://wkdzik.pl/ubrania/meskie/czapki/1/default/1/f_at_45_426/1,8.50,,,{},results\images\czapki-zimowe-i-z-daszkiem\1_8b760369.webp;results\images\czapki-zimowe-i-z-daszkiem\2_aaa06a65.webp,UBRANIA > Czapki
Czapki zimowe i z daszkiem,https://wkdzik.pl/ubrania/meskie/czapki/1/default/1/f_availability_5/1,8.50,,,{},results\images\czapki-zimowe-i-z-daszkiem\1_8b760369.webp;results\images\czapki-zimowe-i-z-daszkiem\2_aaa06a65.webp,UBRANIA > Czapki
Czapki zimowe i z daszkiem,https://wkdzik.pl/ubrania/meskie/czapki/1/default/1/f_availability_9/1,8.50,,,{},results\images\czapki-zimowe-i-z-daszkiem\1_8b760369.webp;results\images\czapki-zimowe-i-z-daszkiem\2_aaa06a65.webp,UBRANIA > Czapki
Skarpety i stopki męskie,https://wkdzik.pl/ubrania/meskie/skarpetki/1/default/2,8.50,,,{},results\images\skarpety-i-stopki-męskie\1_8b760369.webp;results\images\skarpety-i-stopki-męskie\2_aaa06a65.webp,UBRANIA > Skarpetki
Skarpety i stopki męskie,https://wkdzik.pl/ubrania/meskie/skarpetki/1/default/3,8.50,,,{},results\images\skarpety-i-stopki-męskie\1_8b760369.webp;results\images\skarpety-i-stopki-męskie\2_aaa06a65.webp,UBRANIA > Skarpetki
Skarpety i stopki męskie,https://wkdzik.pl/ubrania/meskie/skarpetki/1/default/4,8.50,,,{},results\images\skarpety-i-stopki-męskie\1_8b760369.webp;results\images\skarpety-i-stopki-męskie\2_aaa06a65.webp,UBRANIA > Skarpetki
Skarpety i stopki męskie,https://wkdzik.pl/ubrania/meskie/skarpetki/1/default/1/f_ov_32_321/1,8.50,,,{},results\images\skarpety-i-stopki-męskie\1_8b760369.webp;results\images\skarpety-i-stopki-męskie\2_aaa06a65.webp,UBRANIA > Skarpetki
Skarpety i stopki męskie,https://wkdzik.pl/ubrania/meskie/skarpetki/1/default/1/f_ov_32_322/1,8.50,,,{},results\images\skarpety-i-stopki-męskie\1_8b760369.webp;results\images\skarpety-i-stopki-męskie\2_aaa06a65.webp,UBRANIA > Skarpetki
Skarpety i stopki męskie,https://wkdzik.pl/ubrania/meskie/skarpetki/1/default/1/f_ov_32_323/1,8.50,,,{},results\images\skarpety-i-stopki-męskie\1_8b760369.webp;results\images\skarpety-i-stopki-męskie\2_aaa06a65.webp,UBRANIA > Skarpetki
Skarpety i stopki męskie,https://wkdzik.pl/ubrania/meskie/skarpetki/1/default/1/f_at_65_418/1,8.50,,,{},results\images\skarpety-i-stopki-męskie\1_8b760369.webp;results\images\skarpety-i-stopki-męskie\2_aaa06a65.webp,UBRANIA > Skarpetki
Skarpety i stopki męskie,https://wkdzik.pl/ubrania/meskie/skarpetki/1/default/1/f_at_44_43/1,8.50,,,{},results\images\skarpety-i-stopki-męskie\1_8b760369.webp;results\images\skarpety-i-stopki-męskie\2_aaa06a65.webp,UBRANIA > Skarpetki
Skarpety i stopki męskie,https://wkdzik.pl/ubrania/meskie/skarpetki/1/default/1/f_at_44_292/1,8.50,,,{},results\images\skarpety-i-stopki-męskie\1_8b760369.webp;results\images\skarpety-i-stopki-męskie\2_aaa06a65.webp,UBRANIA > Skarpetki
Skarpety i stopki męskie,https://wkdzik.pl/ubrania/meskie/skarpetki/1/default/1/f_at_44_293/1,8.50,,,{},results\images\skarpety-i-stopki-męskie\1_8b760369.webp;results\images\skarpety-i-stopki-męskie\2_aaa06a65.webp,UBRANIA > Skarpetki
Skarpety i stopki męskie,https://wkdzik.pl/ubrania/meskie/skarpetki/1/default/1/f_at_46_316/1,8.50,,,{},results\images\skarpety-i-stopki-męskie\1_8b760369.webp;results\images\skarpety-i-stopki-męskie\2_aaa06a65.webp,UBRANIA > Skarpetki
Skarpety i stopki męskie,https://wkdzik.pl/ubrania/meskie/skarpetki/1/default/1/f_at_3_421/1,8.50,,,{},results\images\skarpety-i-stopki-męskie\1_8b760369.webp;results\images\skarpety-i-stopki-męskie\2_aaa06a65.webp,UBRANIA > Skarpetki
Skarpety i stopki męskie,https://wkdzik.pl/ubrania/meskie/skarpetki/1/default/1/f_at_43_176/1,8.50,,,{},results\images\skarpety-i-stopki-męskie\1_8b760369.webp;results\images\skarpety-i-stopki-męskie\2_aaa06a65.webp,UBRANIA > Skarpetki
Skarpety i stopki męskie,https://wkdzik.pl/ubrania/meskie/skarpetki/1/default/1/f_at_45_216/1,8.50,,,{},results\images\skarpety-i-stopki-męskie\1_8b760369.webp;results\images\skarpety-i-stopki-męskie\2_aaa06a65.webp,UBRANIA > Skarpetki
Skarpety i stopki męskie,https://wkdzik.pl/ubrania/meskie/skarpetki/1/default/1/f_availability_5/1,8.50,,,{},results\images\skarpety-i-stopki-męskie\1_8b760369.webp;results\images\skarpety-i-stopki-męskie\2_aaa06a65.webp,UBRANIA > Skarpetki
Odzież sportowa damska,https://wkdzik.pl/ubrania/damskie/1/default/2,8.50,,,{},results\images\odzież-sportowa-damska\1_8b760369.webp;results\images\odzież-sportowa-damska\2_aaa06a65.webp,UBRANIA > Kobiety
Odzież sportowa damska,https://wkdzik.pl/ubrania/damskie/1/default/3,8.50,,,{},results\images\odzież-sportowa-damska\1_8b760369.webp;results\images\odzież-sportowa-damska\2_aaa06a65.webp,UBRANIA > Kobiety
Odzież sportowa damska,https://wkdzik.pl/ubrania/damskie/1/default/4,8.50,,,{},results\images\odzież-sportowa-damska\1_8b760369.webp;results\images\odzież-sportowa-damska\2_aaa06a65.webp,UBRANIA > Kobiety
Odzież sportowa damska,https://wkdzik.pl/ubrania/damskie/1/default/1/f_ov_32_305/1,8.50,,,{},results\images\odzież-sportowa-damska\1_8b760369.webp;results\images\odzież-sportowa-damska\2_aaa06a65.webp,UBRANIA > Kobiety
Odzież sportowa damska,https://wkdzik.pl/ubrania/damskie/1/default/1/f_ov_32_306/1,8.50,,,{},results\images\odzież-sportowa-damska\1_8b760369.webp;results\images\odzież-sportowa-damska\2_aaa06a65.webp,UBRANIA > Kobiety
Odzież sportowa damska,https://wkdzik.pl/ubrania/damskie/1/default/1/f_ov_32_307/1,8.50,,,{},results\images\odzież-sportowa-damska\1_8b760369.webp;results\images\odzież-sportowa-damska\2_aaa06a65.webp,UBRANIA > Kobiety
Odzież sportowa damska,https://wkdzik.pl/ubrania/damskie/1/default/1/f_ov_32_308/1,8.50,,,{},results\images\odzież-sportowa-damska\1_8b760369.webp;results\images\odzież-sportowa-damska\2_aaa06a65.webp,UBRANIA > Kobiety
Odzież sportowa damska,https://wkdzik.pl/ubrania/damskie/1/default/1/f_ov_32_309/1,8.50,,,{},results\images\odzież-sportowa-damska\1_8b760369.webp;results\images\odzież-sportowa-damska\2_aaa06a65.webp,UBRANIA > Kobiety
Odzież sportowa damska,https://wkdzik.pl/ubrania/damskie/1/default/1/f_ov_32_321/1,8.50,,,{},results\images\odzież-sportowa-damska\1_8b760369.webp;results\images\odzież-sportowa-damska\2_aaa06a65.webp,UBRANIA > Kobiety
Odzież sportowa damska,https://wkdzik.pl/ubrania/damskie/1/default/1/f_ov_32_322/1,8.50,,,{},results\images\odzież-sportowa-damska\1_8b760369.webp;results\images\odzież-sportowa-damska\2_aaa06a65.webp,UBRANIA > Kobiety
Odzież sportowa damska,https://wkdzik.pl/ubrania/damskie/1/default/1/f_ov_32_323/1,8.50,,,{},results\images\odzież-sportowa-damska\1_8b760369.webp;results\images\odzież-sportowa-damska\2_aaa06a65.webp,UBRANIA > Kobiety
Odzież sportowa damska,https://wkdzik.pl/ubrania/damskie/1/default/1/f_at_65_416/1,8.50,,,{},results\images\odzież-sportowa-damska\1_8b760369.webp;results\images\odzież-sportowa-damska\2_aaa06a65.webp,UBRANIA > Kobiety
Odzież sportowa damska,https://wkdzik.pl/ubrania/damskie/1/default/1/f_at_65_418/1,8.50,,,{},results\images\odzież-sportowa-damska\1_8b760369.webp;results\images\odzież-sportowa-damska\2_aaa06a65.webp,UBRANIA > Kobiety
Odzież sportowa damska,https://wkdzik.pl/ubrania/damskie/1/default/1/f_at_44_310/1,8.50,,,{},results\images\odzież-sportowa-damska\1_8b760369.webp;results\images\odzież-sportowa-damska\2_aaa06a65.webp,UBRANIA > Kobiety
Odzież sportowa damska,https://wkdzik.pl/ubrania/damskie/1/default/1/f_at_44_43/1,8.50,,,{},results\images\odzież-sportowa-damska\1_8b760369.webp;results\images\odzież-sportowa-damska\2_aaa06a65.webp,UBRANIA > Kobiety
Odzież sportowa damska,https://wkdzik.pl/ubrania/damskie/1/default/1/f_at_44_292/1,8.50,,,{},results\images\odzież-sportowa-damska\1_8b760369.webp;results\images\odzież-sportowa-damska\2_aaa06a65.webp,UBRANIA > Kobiety
Odzież sportowa damska,https://wkdzik.pl/ubrania/damskie/1/default/1/f_at_44_293/1,8.50,,,{},results\images\odzież-sportowa-damska\1_8b760369.webp;results\images\odzież-sportowa-damska\2_aaa06a65.webp,UBRANIA > Kobiety
Odzież sportowa damska,https://wkdzik.pl/ubrania/damskie/1/default/1/f_at_44_294/1,8.50,,,{},results\images\odzież-sportowa-damska\1_8b760369.webp;results\images\odzież-sportowa-damska\2_aaa06a65.webp,UBRANIA > Kobiety
Odzież sportowa damska,https://wkdzik.pl/ubrania/damskie/1/default/1/f_at_44_297/1,8.50,,,{},results\images\odzież-sportowa-damska\1_8b760369.webp;results\images\odzież-sportowa-damska\2_aaa06a65.webp,UBRANIA > Kobiety
Odzież sportowa damska,https://wkdzik.pl/ubrania/damskie/1/default/1/f_at_44_298/1,8.50,,,{},results\images\odzież-sportowa-damska\1_8b760369.webp;results\images\odzież-sportowa-damska\2_aaa06a65.webp,UBRANIA > Kobiety
Odzież sportowa damska,https://wkdzik.pl/ubrania/damskie/1/default/1/f_at_44_299/1,8.50,,,{},results\images\odzież-sportowa-damska\1_8b760369.webp;results\images\odzież-sportowa-damska\2_aaa06a65.webp,UBRANIA > Kobiety
Odzież sportowa damska,https://wkdzik.pl/ubrania/damskie/1/default/1/f_at_44_302/1,8.50,,,{},results\images\odzież-sportowa-damska\1_8b760369.webp;results\images\odzież-sportowa-damska\2_aaa06a65.webp,UBRANIA > Kobiety
Odzież sportowa damska,https://wkdzik.pl/ubrania/damskie/1/default/1/f_at_44_306/1,8.50,,,{},results\images\odzież-sportowa-damska\1_8b760369.webp;results\images\odzież-sportowa-damska\2_aaa06a65.webp,UBRANIA > Kobiety
Odzież sportowa damska,https://wkdzik.pl/ubrania/damskie/1/default/1/f_at_44_314/1,8.50,,,{},results\images\odzież-sportowa-damska\1_8b760369.webp;results\images\odzież-sportowa-damska\2_aaa06a65.webp,UBRANIA > Kobiety
Odzież sportowa damska,https://wkdzik.pl/ubrania/damskie/1/default/1/f_at_46_316/1,8.50,,,{},results\images\odzież-sportowa-damska\1_8b760369.webp;results\images\odzież-sportowa-damska\2_aaa06a65.webp,UBRANIA > Kobiety
Odzież sportowa damska,https://wkdzik.pl/ubrania/damskie/1/default/1/f_at_46_317/1,8.50,,,{},results\images\odzież-sportowa-damska\1_8b760369.webp;results\images\odzież-sportowa-damska\2_aaa06a65.webp,UBRANIA > Kobiety
Odzież sportowa damska,https://wkdzik.pl/ubrania/damskie/1/default/1/f_at_46_319/1,8.50,,,{},results\images\odzież-sportowa-damska\1_8b760369.webp;results\images\odzież-sportowa-damska\2_aaa06a65.webp,UBRANIA > Kobiety
Odzież sportowa damska,https://wkdzik.pl/ubrania/damskie/1/default/1/f_at_46_355/1,8.50,,,{},results\images\odzież-sportowa-damska\1_8b760369.webp;results\images\odzież-sportowa-damska\2_aaa06a65.webp,UBRANIA > Kobiety
Odzież sportowa damska,https://wkdzik.pl/ubrania/damskie/1/default/1/f_at_46_435/1,8.50,,,{},results\images\odzież-sportowa-damska\1_8b760369.webp;results\images\odzież-sportowa-damska\2_aaa06a65.webp,UBRANIA > Kobiety
Odzież sportowa damska,https://wkdzik.pl/ubrania/damskie/1/default/1/f_at_3_31/1,8.50,,,{},results\images\odzież-sportowa-damska\1_8b760369.webp;results\images\odzież-sportowa-damska\2_aaa06a65.webp,UBRANIA > Kobiety
Odzież sportowa damska,https://wkdzik.pl/ubrania/damskie/1/default/1/f_at_3_421/1,8.50,,,{},results\images\odzież-sportowa-damska\1_8b760369.webp;results\images\odzież-sportowa-damska\2_aaa06a65.webp,UBRANIA > Kobiety
Odzież sportowa damska,https://wkdzik.pl/ubrania/damskie/1/default/1/f_at_3_423/1,8.50,,,{},results\images\odzież-sportowa-damska\1_8b760369.webp;results\images\odzież-sportowa-damska\2_aaa06a65.webp,UBRANIA > Kobiety
Odzież sportowa damska,https://wkdzik.pl/ubrania/damskie/1/default/1/f_at_3_425/1,8.50,,,{},results\images\odzież-sportowa-damska\1_8b760369.webp;results\images\odzież-sportowa-damska\2_aaa06a65.webp,UBRANIA > Kobiety
Odzież sportowa damska,https://wkdzik.pl/ubrania/damskie/1/default/1/f_at_3_434/1,8.50,,,{},results\images\odzież-sportowa-damska\1_8b760369.webp;results\images\odzież-sportowa-damska\2_aaa06a65.webp,UBRANIA > Kobiety
Odzież sportowa damska,https://wkdzik.pl/ubrania/damskie/1/default/1/f_at_3_440/1,8.50,,,{},results\images\odzież-sportowa-damska\1_8b760369.webp;results\images\odzież-sportowa-damska\2_aaa06a65.webp,UBRANIA > Kobiety
Odzież sportowa damska,https://wkdzik.pl/ubrania/damskie/1/default/1/f_at_43_164/1,8.50,,,{},results\images\odzież-sportowa-damska\1_8b760369.webp;results\images\odzież-sportowa-damska\2_aaa06a65.webp,UBRANIA > Kobiety
Odzież sportowa damska,https://wkdzik.pl/ubrania/damskie/1/default/1/f_at_43_167/1,8.50,,,{},results\images\odzież-sportowa-damska\1_8b760369.webp;results\images\odzież-sportowa-damska\2_aaa06a65.webp,UBRANIA > Kobiety
Odzież sportowa damska,https://wkdzik.pl/ubrania/damskie/1/default/1/f_at_43_168/1,8.50,,,{},results\images\odzież-sportowa-damska\1_8b760369.webp;results\images\odzież-sportowa-damska\2_aaa06a65.webp,UBRANIA > Kobiety
Odzież sportowa damska,https://wkdzik.pl/ubrania/damskie/1/default/1/f_at_43_173/1,8.50,,,{},results\images\odzież-sportowa-damska\1_8b760369.webp;results\images\odzież-sportowa-damska\2_aaa06a65.webp,UBRANIA > Kobiety
Odzież sportowa damska,https://wkdzik.pl/ubrania/damskie/1/default/1/f_at_43_175/1,8.50,,,{},results\images\odzież-sportowa-damska\1_8b760369.webp;results\images\odzież-sportowa-damska\2_aaa06a65.webp,UBRANIA > Kobiety
Odzież sportowa damska,https://wkdzik.pl/ubrania/damskie/1/default/1/f_at_43_176/1,8.50,,,{},results\images\odzież-sportowa-damska\1_8b760369.webp;results\images\odzież-sportowa-damska\2_aaa06a65.webp,UBRANIA > Kobiety
Odzież sportowa damska,https://wkdzik.pl/ubrania/damskie/1/default/1/f_at_43_177/1,8.50,,,{},results\images\odzież-sportowa-damska\1_8b760369.webp;results\images\odzież-sportowa-damska\2_aaa06a65.webp,UBRANIA > Kobiety
Odzież sportowa damska,https://wkdzik.pl/ubrania/damskie/1/default/1/f_at_43_178/1,8.50,,,{},results\images\odzież-sportowa-damska\1_8b760369.webp;results\images\odzież-sportowa-damska\2_aaa06a65.webp,UBRANIA > Kobiety
Odzież sportowa damska,https://wkdzik.pl/ubrania/damskie/1/default/1/f_at_43_437/1,8.50,,,{},results\images\odzież-sportowa-damska\1_8b760369.webp;results\images\odzież-sportowa-damska\2_aaa06a65.webp,UBRANIA > Kobiety
Odzież sportowa damska,https://wkdzik.pl/ubrania/damskie/1/default/1/f_at_45_216/1,8.50,,,{},results\images\odzież-sportowa-damska\1_8b760369.webp;results\images\odzież-sportowa-damska\2_aaa06a65.webp,UBRANIA > Kobiety
Odzież sportowa damska,https://wkdzik.pl/ubrania/damskie/1/default/1/f_at_45_419/1,8.50,,,{},results\images\odzież-sportowa-damska\1_8b760369.webp;results\images\odzież-sportowa-damska\2_aaa06a65.webp,UBRANIA > Kobiety
Odzież sportowa damska,https://wkdzik.pl/ubrania/damskie/1/default/1/f_at_45_228/1,8.50,,,{},results\images\odzież-sportowa-damska\1_8b760369.webp;results\images\odzież-sportowa-damska\2_aaa06a65.webp,UBRANIA > Kobiety
Odzież sportowa damska,https://wkdzik.pl/ubrania/damskie/1/default/1/f_at_45_426/1,8.50,,,{},results\images\odzież-sportowa-damska\1_8b760369.webp;results\images\odzież-sportowa-damska\2_aaa06a65.webp,UBRANIA > Kobiety
Odzież sportowa damska,https://wkdzik.pl/ubrania/damskie/1/default/1/f_availability_2/1,8.50,,,{},results\images\odzież-sportowa-damska\1_8b760369.webp;results\images\odzież-sportowa-damska\2_aaa06a65.webp,UBRANIA > Kobiety
Odzież sportowa damska,https://wkdzik.pl/ubrania/damskie/1/default/1/f_availability_4/1,8.50,,,{},results\images\odzież-sportowa-damska\1_8b760369.webp;results\images\odzież-sportowa-damska\2_aaa06a65.webp,UBRANIA > Kobiety
Odzież sportowa damska,https://wkdzik.pl/ubrania/damskie/1/default/1/f_availability_5/1,8.50,,,{},results\images\odzież-sportowa-damska\1_8b760369.webp;results\images\odzież-sportowa-damska\2_aaa06a65.webp,UBRANIA > Kobiety
Odzież sportowa damska,https://wkdzik.pl/ubrania/damskie/1/default/1/f_availability_9/1,8.50,,,{},results\images\odzież-sportowa-damska\1_8b760369.webp;results\images\odzież-sportowa-damska\2_aaa06a65.webp,UBRANIA > Kobiety
Odzież sportowa damska,https://wkdzik.pl/ubrania/damskie/2,8.50,,,{},results\images\odzież-sportowa-damska\1_8b760369.webp;results\images\odzież-sportowa-damska\2_aaa06a65.webp,UBRANIA > Kobiety
Odzież sportowa damska,https://wkdzik.pl/ubrania/damskie/2/default/2,8.50,,,{},results\images\odzież-sportowa-damska\1_8b760369.webp;results\images\odzież-sportowa-damska\2_aaa06a65.webp,UBRANIA > Kobiety
Odzież sportowa damska,https://wkdzik.pl/ubrania/damskie/2/default/3,8.50,,,{},results\images\odzież-sportowa-damska\1_8b760369.webp;results\images\odzież-sportowa-damska\2_aaa06a65.webp,UBRANIA > Kobiety
Odzież sportowa damska,https://wkdzik.pl/ubrania/damskie/2/default/4,8.50,,,{},results\images\odzież-sportowa-damska\1_8b760369.webp;results\images\odzież-sportowa-damska\2_aaa06a65.webp,UBRANIA > Kobiety
Odzież sportowa damska,https://wkdzik.pl/ubrania/damskie/3,8.50,,,{},results\images\odzież-sportowa-damska\1_8b760369.webp;results\images\odzież-sportowa-damska\2_aaa06a65.webp,UBRANIA > Kobiety
Odzież sportowa damska,https://wkdzik.pl/ubrania/damskie/3/default/2,8.50,,,{},results\images\odzież-sportowa-damska\1_8b760369.webp;results\images\odzież-sportowa-damska\2_aaa06a65.webp,UBRANIA > Kobiety
Odzież sportowa damska,https://wkdzik.pl/ubrania/damskie/3/default/3,8.50,,,{},results\images\odzież-sportowa-damska\1_8b760369.webp;results\images\odzież-sportowa-damska\2_aaa06a65.webp,UBRANIA > Kobiety
Odzież sportowa damska,https://wkdzik.pl/ubrania/damskie/3/default/4,8.50,,,{},results\images\odzież-sportowa-damska\1_8b760369.webp;results\images\odzież-sportowa-damska\2_aaa06a65.webp,UBRANIA > Kobiety
Legginsy i spodnie sportowe,https://wkdzik.pl/ubrania/damskie/legginsy/1/default/2,8.50,,,{},results\images\legginsy-i-spodnie-sportowe\1_8b760369.webp;results\images\legginsy-i-spodnie-sportowe\2_aaa06a65.webp,UBRANIA > Legginsy i spodnie
Legginsy i spodnie sportowe,https://wkdzik.pl/ubrania/damskie/legginsy/1/default/3,8.50,,,{},results\images\legginsy-i-spodnie-sportowe\1_8b760369.webp;results\images\legginsy-i-spodnie-sportowe\2_aaa06a65.webp,UBRANIA > Legginsy i spodnie
Legginsy i spodnie sportowe,https://wkdzik.pl/ubrania/damskie/legginsy/1/default/4,8.50,,,{},results\images\legginsy-i-spodnie-sportowe\1_8b760369.webp;results\images\legginsy-i-spodnie-sportowe\2_aaa06a65.webp,UBRANIA > Legginsy i spodnie
Legginsy i spodnie sportowe,https://wkdzik.pl/ubrania/damskie/legginsy/1/default/1/f_ov_32_305/1,8.50,,,{},results\images\legginsy-i-spodnie-sportowe\1_8b760369.webp;results\images\legginsy-i-spodnie-sportowe\2_aaa06a65.webp,UBRANIA > Legginsy i spodnie
Legginsy i spodnie sportowe,https://wkdzik.pl/ubrania/damskie/legginsy/1/default/1/f_ov_32_306/1,8.50,,,{},results\images\legginsy-i-spodnie-sportowe\1_8b760369.webp;results\images\legginsy-i-spodnie-sportowe\2_aaa06a65.webp,UBRANIA > Legginsy i spodnie
Legginsy i spodnie sportowe,https://wkdzik.pl/ubrania/damskie/legginsy/1/default/1/f_ov_32_307/1,8.50,,,{},results\images\legginsy-i-spodnie-sportowe\1_8b760369.webp;results\images\legginsy-i-spodnie-sportowe\2_aaa06a65.webp,UBRANIA > Legginsy i spodnie
Legginsy i spodnie sportowe,https://wkdzik.pl/ubrania/damskie/legginsy/1/default/1/f_ov_32_308/1,8.50,,,{},results\images\legginsy-i-spodnie-sportowe\1_8b760369.webp;results\images\legginsy-i-spodnie-sportowe\2_aaa06a65.webp,UBRANIA > Legginsy i spodnie
Legginsy i spodnie sportowe,https://wkdzik.pl/ubrania/damskie/legginsy/1/default/1/f_ov_32_309/1,8.50,,,{},results\images\legginsy-i-spodnie-sportowe\1_8b760369.webp;results\images\legginsy-i-spodnie-sportowe\2_aaa06a65.webp,UBRANIA > Legginsy i spodnie
Legginsy i spodnie sportowe,https://wkdzik.pl/ubrania/damskie/legginsy/1/default/1/f_at_65_416/1,8.50,,,{},results\images\legginsy-i-spodnie-sportowe\1_8b760369.webp;results\images\legginsy-i-spodnie-sportowe\2_aaa06a65.webp,UBRANIA > Legginsy i spodnie
Legginsy i spodnie sportowe,https://wkdzik.pl/ubrania/damskie/legginsy/1/default/1/f_at_65_418/1,8.50,,,{},results\images\legginsy-i-spodnie-sportowe\1_8b760369.webp;results\images\legginsy-i-spodnie-sportowe\2_aaa06a65.webp,UBRANIA > Legginsy i spodnie
Legginsy i spodnie sportowe,https://wkdzik.pl/ubrania/damskie/legginsy/1/default/1/f_at_44_43/1,8.50,,,{},results\images\legginsy-i-spodnie-sportowe\1_8b760369.webp;results\images\legginsy-i-spodnie-sportowe\2_aaa06a65.webp,UBRANIA > Legginsy i spodnie
Legginsy i spodnie sportowe,https://wkdzik.pl/ubrania/damskie/legginsy/1/default/1/f_at_44_292/1,8.50,,,{},results\images\legginsy-i-spodnie-sportowe\1_8b760369.webp;results\images\legginsy-i-spodnie-sportowe\2_aaa06a65.webp,UBRANIA > Legginsy i spodnie
Legginsy i spodnie sportowe,https://wkdzik.pl/ubrania/damskie/legginsy/1/default/1/f_at_44_294/1,8.50,,,{},results\images\legginsy-i-spodnie-sportowe\1_8b760369.webp;results\images\legginsy-i-spodnie-sportowe\2_aaa06a65.webp,UBRANIA > Legginsy i spodnie
Legginsy i spodnie sportowe,https://wkdzik.pl/ubrania/damskie/legginsy/1/default/1/f_at_44_306/1,8.50,,,{},results\images\legginsy-i-spodnie-sportowe\1_8b760369.webp;results\images\legginsy-i-spodnie-sportowe\2_aaa06a65.webp,UBRANIA > Legginsy i spodnie
Legginsy i spodnie sportowe,https://wkdzik.pl/ubrania/damskie/legginsy/1/default/1/f_at_46_317/1,8.50,,,{},results\images\legginsy-i-spodnie-sportowe\1_8b760369.webp;results\images\legginsy-i-spodnie-sportowe\2_aaa06a65.webp,UBRANIA > Legginsy i spodnie
Legginsy i spodnie sportowe,https://wkdzik.pl/ubrania/damskie/legginsy/1/default/1/f_at_46_319/1,8.50,,,{},results\images\legginsy-i-spodnie-sportowe\1_8b760369.webp;results\images\legginsy-i-spodnie-sportowe\2_aaa06a65.webp,UBRANIA > Legginsy i spodnie
Legginsy i spodnie sportowe,https://wkdzik.pl/ubrania/damskie/legginsy/1/default/1/f_at_46_355/1,8.50,,,{},results\images\legginsy-i-spodnie-sportowe\1_8b760369.webp;results\images\legginsy-i-spodnie-sportowe\2_aaa06a65.webp,UBRANIA > Legginsy i spodnie
Legginsy i spodnie sportowe,https://wkdzik.pl/ubrania/damskie/legginsy/1/default/1/f_at_3_31/1,8.50,,,{},results\images\legginsy-i-spodnie-sportowe\1_8b760369.webp;results\images\legginsy-i-spodnie-sportowe\2_aaa06a65.webp,UBRANIA > Legginsy i spodnie
Legginsy i spodnie sportowe,https://wkdzik.pl/ubrania/damskie/legginsy/1/default/1/f_at_3_425/1,8.50,,,{},results\images\legginsy-i-spodnie-sportowe\1_8b760369.webp;results\images\legginsy-i-spodnie-sportowe\2_aaa06a65.webp,UBRANIA > Legginsy i spodnie
Legginsy i spodnie sportowe,https://wkdzik.pl/ubrania/damskie/legginsy/1/default/1/f_at_43_168/1,8.50,,,{},results\images\legginsy-i-spodnie-sportowe\1_8b760369.webp;results\images\legginsy-i-spodnie-sportowe\2_aaa06a65.webp,UBRANIA > Legginsy i spodnie
Legginsy i spodnie sportowe,https://wkdzik.pl/ubrania/damskie/legginsy/1/default/1/f_at_43_173/1,8.50,,,{},results\images\legginsy-i-spodnie-sportowe\1_8b760369.webp;results\images\legginsy-i-spodnie-sportowe\2_aaa06a65.webp,UBRANIA > Legginsy i spodnie
Legginsy i spodnie sportowe,https://wkdzik.pl/ubrania/damskie/legginsy/1/default/1/f_at_45_216/1,8.50,,,{},results\images\legginsy-i-spodnie-sportowe\1_8b760369.webp;results\images\legginsy-i-spodnie-sportowe\2_aaa06a65.webp,UBRANIA > Legginsy i spodnie
Legginsy i spodnie sportowe,https://wkdzik.pl/ubrania/damskie/legginsy/1/default/1/f_at_45_228/1,8.50,,,{},results\images\legginsy-i-spodnie-sportowe\1_8b760369.webp;results\images\legginsy-i-spodnie-sportowe\2_aaa06a65.webp,UBRANIA > Legginsy i spodnie
Legginsy i spodnie sportowe,https://wkdzik.pl/ubrania/damskie/legginsy/1/default/1/f_availability_4/1,8.50,,,{},results\images\legginsy-i-spodnie-sportowe\1_8b760369.webp;results\images\legginsy-i-spodnie-sportowe\2_aaa06a65.webp,UBRANIA > Legginsy i spodnie
Legginsy i spodnie sportowe,https://wkdzik.pl/ubrania/damskie/legginsy/1/default/1/f_availability_5/1,8.50,,,{},results\images\legginsy-i-spodnie-sportowe\1_8b760369.webp;results\images\legginsy-i-spodnie-sportowe\2_aaa06a65.webp,UBRANIA > Legginsy i spodnie
Bluzy damskie sportowe,https://wkdzik.pl/ubrania/damskie/bluzy/1/default/2,8.50,,,{},results\images\bluzy-damskie-sportowe\1_8b760369.webp;results\images\bluzy-damskie-sportowe\2_aaa06a65.webp,UBRANIA > Bluzy
Bluzy damskie sportowe,https://wkdzik.pl/ubrania/damskie/bluzy/1/default/3,8.50,,,{},results\images\bluzy-damskie-sportowe\1_8b760369.webp;results\images\bluzy-damskie-sportowe\2_aaa06a65.webp,UBRANIA > Bluzy
Bluzy damskie sportowe,https://wkdzik.pl/ubrania/damskie/bluzy/1/default/4,8.50,,,{},results\images\bluzy-damskie-sportowe\1_8b760369.webp;results\images\bluzy-damskie-sportowe\2_aaa06a65.webp,UBRANIA > Bluzy
Bluzy damskie sportowe,https://wkdzik.pl/ubrania/damskie/bluzy/1/default/1/f_ov_32_305/1,8.50,,,{},results\images\bluzy-damskie-sportowe\1_8b760369.webp;results\images\bluzy-damskie-sportowe\2_aaa06a65.webp,UBRANIA > Bluzy
Bluzy damskie sportowe,https://wkdzik.pl/ubrania/damskie/bluzy/1/default/1/f_ov_32_306/1,8.50,,,{},results\images\bluzy-damskie-sportowe\1_8b760369.webp;results\images\bluzy-damskie-sportowe\2_aaa06a65.webp,UBRANIA > Bluzy
Bluzy damskie sportowe,https://wkdzik.pl/ubrania/damskie/bluzy/1/default/1/f_ov_32_307/1,8.50,,,{},results\images\bluzy-damskie-sportowe\1_8b760369.webp;results\images\bluzy-damskie-sportowe\2_aaa06a65.webp,UBRANIA > Bluzy
Bluzy damskie sportowe,https://wkdzik.pl/ubrania/damskie/bluzy/1/default/1/f_ov_32_308/1,8.50,,,{},results\images\bluzy-damskie-sportowe\1_8b760369.webp;results\images\bluzy-damskie-sportowe\2_aaa06a65.webp,UBRANIA > Bluzy
Bluzy damskie sportowe,https://wkdzik.pl/ubrania/damskie/bluzy/1/default/1/f_at_65_416/1,8.50,,,{},results\images\bluzy-damskie-sportowe\1_8b760369.webp;results\images\bluzy-damskie-sportowe\2_aaa06a65.webp,UBRANIA > Bluzy
Bluzy damskie sportowe,https://wkdzik.pl/ubrania/damskie/bluzy/1/default/1/f_at_44_43/1,8.50,,,{},results\images\bluzy-damskie-sportowe\1_8b760369.webp;results\images\bluzy-damskie-sportowe\2_aaa06a65.webp,UBRANIA > Bluzy
Bluzy damskie sportowe,https://wkdzik.pl/ubrania/damskie/bluzy/1/default/1/f_at_44_292/1,8.50,,,{},results\images\bluzy-damskie-sportowe\1_8b760369.webp;results\images\bluzy-damskie-sportowe\2_aaa06a65.webp,UBRANIA > Bluzy
Bluzy damskie sportowe,https://wkdzik.pl/ubrania/damskie/bluzy/1/default/1/f_at_44_294/1,8.50,,,{},results\images\bluzy-damskie-sportowe\1_8b760369.webp;results\images\bluzy-damskie-sportowe\2_aaa06a65.webp,UBRANIA > Bluzy
Bluzy damskie sportowe,https://wkdzik.pl/ubrania/damskie/bluzy/1/default/1/f_at_44_306/1,8.50,,,{},results\images\bluzy-damskie-sportowe\1_8b760369.webp;results\images\bluzy-damskie-sportowe\2_aaa06a65.webp,UBRANIA > Bluzy
Bluzy damskie sportowe,https://wkdzik.pl/ubrania/damskie/bluzy/1/default/1/f_at_46_317/1,8.50,,,{},results\images\bluzy-damskie-sportowe\1_8b760369.webp;results\images\bluzy-damskie-sportowe\2_aaa06a65.webp,UBRANIA > Bluzy
Bluzy damskie sportowe,https://wkdzik.pl/ubrania/damskie/bluzy/1/default/1/f_at_46_319/1,8.50,,,{},results\images\bluzy-damskie-sportowe\1_8b760369.webp;results\images\bluzy-damskie-sportowe\2_aaa06a65.webp,UBRANIA > Bluzy
Bluzy damskie sportowe,https://wkdzik.pl/ubrania/damskie/bluzy/1/default/1/f_at_3_31/1,8.50,,,{},results\images\bluzy-damskie-sportowe\1_8b760369.webp;results\images\bluzy-damskie-sportowe\2_aaa06a65.webp,UBRANIA > Bluzy
Bluzy damskie sportowe,https://wkdzik.pl/ubrania/damskie/bluzy/1/default/1/f_at_3_425/1,8.50,,,{},results\images\bluzy-damskie-sportowe\1_8b760369.webp;results\images\bluzy-damskie-sportowe\2_aaa06a65.webp,UBRANIA > Bluzy
Bluzy damskie sportowe,https://wkdzik.pl/ubrania/damskie/bluzy/1/default/1/f_at_43_164/1,8.50,,,{},results\images\bluzy-damskie-sportowe\1_8b760369.webp;results\images\bluzy-damskie-sportowe\2_aaa06a65.webp,UBRANIA > Bluzy
Bluzy damskie sportowe,https://wkdzik.pl/ubrania/damskie/bluzy/1/default/1/f_at_45_216/1,8.50,,,{},results\images\bluzy-damskie-sportowe\1_8b760369.webp;results\images\bluzy-damskie-sportowe\2_aaa06a65.webp,UBRANIA > Bluzy
Bluzy damskie sportowe,https://wkdzik.pl/ubrania/damskie/bluzy/1/default/1/f_at_45_228/1,8.50,,,{},results\images\bluzy-damskie-sportowe\1_8b760369.webp;results\images\bluzy-damskie-sportowe\2_aaa06a65.webp,UBRANIA > Bluzy
Bluzy damskie sportowe,https://wkdzik.pl/ubrania/damskie/bluzy/1/default/1/f_availability_2/1,8.50,,,{},results\images\bluzy-damskie-sportowe\1_8b760369.webp;results\images\bluzy-damskie-sportowe\2_aaa06a65.webp,UBRANIA > Bluzy
Bluzy damskie sportowe,https://wkdzik.pl/ubrania/damskie/bluzy/1/default/1/f_availability_4/1,8.50,,,{},results\images\bluzy-damskie-sportowe\1_8b760369.webp;results\images\bluzy-damskie-sportowe\2_aaa06a65.webp,UBRANIA > Bluzy
Bluzy damskie sportowe,https://wkdzik.pl/ubrania/damskie/bluzy/1/default/1/f_availability_5/1,8.50,,,{},results\images\bluzy-damskie-sportowe\1_8b760369.webp;results\images\bluzy-damskie-sportowe\2_aaa06a65.webp,UBRANIA > Bluzy
Staniki i topy sportowe,https://wkdzik.pl/ubrania/damskie/staniki-sportowe/1/default/2,8.50,,,{},results\images\staniki-i-topy-sportowe\1_8b760369.webp;results\images\staniki-i-topy-sportowe\2_aaa06a65.webp,UBRANIA > Staniki sportowe
Staniki i topy sportowe,https://wkdzik.pl/ubrania/damskie/staniki-sportowe/1/default/3,8.50,,,{},results\images\staniki-i-topy-sportowe\1_8b760369.webp;results\images\staniki-i-topy-sportowe\2_aaa06a65.webp,UBRANIA > Staniki sportowe
Staniki i topy sportowe,https://wkdzik.pl/ubrania/damskie/staniki-sportowe/1/default/4,8.50,,,{},results\images\staniki-i-topy-sportowe\1_8b760369.webp;results\images\staniki-i-topy-sportowe\2_aaa06a65.webp,UBRANIA > Staniki sportowe
Staniki i topy sportowe,https://wkdzik.pl/ubrania/damskie/staniki-sportowe/1/default/1/f_ov_32_305/1,8.50,,,{},results\images\staniki-i-topy-sportowe\1_8b760369.webp;results\images\staniki-i-topy-sportowe\2_aaa06a65.webp,UBRANIA > Staniki sportowe
Staniki i topy sportowe,https://wkdzik.pl/ubrania/damskie/staniki-sportowe/1/default/1/f_ov_32_306/1,8.50,,,{},results\images\staniki-i-topy-sportowe\1_8b760369.webp;results\images\staniki-i-topy-sportowe\2_aaa06a65.webp,UBRANIA > Staniki sportowe
Staniki i topy sportowe,https://wkdzik.pl/ubrania/damskie/staniki-sportowe/1/default/1/f_ov_32_307/1,8.50,,,{},results\images\staniki-i-topy-sportowe\1_8b760369.webp;results\images\staniki-i-topy-sportowe\2_aaa06a65.webp,UBRANIA > Staniki sportowe
Staniki i topy sportowe,https://wkdzik.pl/ubrania/damskie/staniki-sportowe/1/default/1/f_ov_32_308/1,8.50,,,{},results\images\staniki-i-topy-sportowe\1_8b760369.webp;results\images\staniki-i-topy-sportowe\2_aaa06a65.webp,UBRANIA > Staniki sportowe
Staniki i topy sportowe,https://wkdzik.pl/ubrania/damskie/staniki-sportowe/1/default/1/f_at_65_416/1,8.50,,,{},results\images\staniki-i-topy-sportowe\1_8b760369.webp;results\images\staniki-i-topy-sportowe\2_aaa06a65.webp,UBRANIA > Staniki sportowe
Staniki i topy sportowe,https://wkdzik.pl/ubrania/damskie/staniki-sportowe/1/default/1/f_at_44_292/1,8.50,,,{},results\images\staniki-i-topy-sportowe\1_8b760369.webp;results\images\staniki-i-topy-sportowe\2_aaa06a65.webp,UBRANIA > Staniki sportowe
Staniki i topy sportowe,https://wkdzik.pl/ubrania/damskie/staniki-sportowe/1/default/1/f_at_44_299/1,8.50,,,{},results\images\staniki-i-topy-sportowe\1_8b760369.webp;results\images\staniki-i-topy-sportowe\2_aaa06a65.webp,UBRANIA > Staniki sportowe
Staniki i topy sportowe,https://wkdzik.pl/ubrania/damskie/staniki-sportowe/1/default/1/f_at_43_175/1,8.50,,,{},results\images\staniki-i-topy-sportowe\1_8b760369.webp;results\images\staniki-i-topy-sportowe\2_aaa06a65.webp,UBRANIA > Staniki sportowe
Staniki i topy sportowe,https://wkdzik.pl/ubrania/damskie/staniki-sportowe/1/default/1/f_at_45_228/1,8.50,,,{},results\images\staniki-i-topy-sportowe\1_8b760369.webp;results\images\staniki-i-topy-sportowe\2_aaa06a65.webp,UBRANIA > Staniki sportowe
Staniki i topy sportowe,https://wkdzik.pl/ubrania/damskie/staniki-sportowe/1/default/1/f_availability_4/1,8.50,,,{},results\images\staniki-i-topy-sportowe\1_8b760369.webp;results\images\staniki-i-topy-sportowe\2_aaa06a65.webp,UBRANIA > Staniki sportowe
Staniki i topy sportowe,https://wkdzik.pl/ubrania/damskie/staniki-sportowe/1/default/1/f_availability_5/1,8.50,,,{},results\images\staniki-i-topy-sportowe\1_8b760369.webp;results\images\staniki-i-topy-sportowe\2_aaa06a65.webp,UBRANIA > Staniki sportowe
Staniki i topy sportowe,https://wkdzik.pl/ubrania/damskie/staniki-sportowe/1/default/1/f_availability_9/1,8.50,,,{},results\images\staniki-i-topy-sportowe\1_8b760369.webp;results\images\staniki-i-topy-sportowe\2_aaa06a65.webp,UBRANIA > Staniki sportowe
Spodenki treningowe damskie,https://wkdzik.pl/ubrania/damskie/spodenki/1/default/2,8.50,,,{},results\images\spodenki-treningowe-damskie\1_8b760369.webp;results\images\spodenki-treningowe-damskie\2_aaa06a65.webp,UBRANIA > Spodenki
Spodenki treningowe damskie,https://wkdzik.pl/ubrania/damskie/spodenki/1/default/3,8.50,,,{},results\images\spodenki-treningowe-damskie\1_8b760369.webp;results\images\spodenki-treningowe-damskie\2_aaa06a65.webp,UBRANIA > Spodenki
Spodenki treningowe damskie,https://wkdzik.pl/ubrania/damskie/spodenki/1/default/4,8.50,,,{},results\images\spodenki-treningowe-damskie\1_8b760369.webp;results\images\spodenki-treningowe-damskie\2_aaa06a65.webp,UBRANIA > Spodenki
Spodenki treningowe damskie,https://wkdzik.pl/ubrania/damskie/spodenki/1/default/1/f_ov_32_305/1,8.50,,,{},results\images\spodenki-treningowe-damskie\1_8b760369.webp;results\images\spodenki-treningowe-damskie\2_aaa06a65.webp,UBRANIA > Spodenki
Spodenki treningowe damskie,https://wkdzik.pl/ubrania/damskie/spodenki/1/default/1/f_ov_32_306/1,8.50,,,{},results\images\spodenki-treningowe-damskie\1_8b760369.webp;results\images\spodenki-treningowe-damskie\2_aaa06a65.webp,UBRANIA > Spodenki
Spodenki treningowe damskie,https://wkdzik.pl/ubrania/damskie/spodenki/1/default/1/f_ov_32_307/1,8.50,,,{},results\images\spodenki-treningowe-damskie\1_8b760369.webp;results\images\spodenki-treningowe-damskie\2_aaa06a65.webp,UBRANIA > Spodenki
Spodenki treningowe damskie,https://wkdzik.pl/ubrania/damskie/spodenki/1/default/1/f_ov_32_308/1,8.50,,,{},results\images\spodenki-treningowe-damskie\1_8b760369.webp;results\images\spodenki-treningowe-damskie\2_aaa06a65.webp,UBRANIA > Spodenki
Spodenki treningowe damskie,https://wkdzik.pl/ubrania/damskie/spodenki/1/default/1/f_at_65_416/1,8.50,,,{},results\images\spodenki-treningowe-damskie\1_8b760369.webp;results\images\spodenki-treningowe-damskie\2_aaa06a65.webp,UBRANIA > Spodenki
Spodenki treningowe damskie,https://wkdzik.pl/ubrania/damskie/spodenki/1/default/1/f_at_44_292/1,8.50,,,{},results\images\spodenki-treningowe-damskie\1_8b760369.webp;results\images\spodenki-treningowe-damskie\2_aaa06a65.webp,UBRANIA > Spodenki
Spodenki treningowe damskie,https://wkdzik.pl/ubrania/damskie/spodenki/1/default/1/f_at_44_299/1,8.50,,,{},results\images\spodenki-treningowe-damskie\1_8b760369.webp;results\images\spodenki-treningowe-damskie\2_aaa06a65.webp,UBRANIA > Spodenki
Spodenki treningowe damskie,https://wkdzik.pl/ubrania/damskie/spodenki/1/default/1/f_at_43_167/1,8.50,,,{},results\images\spodenki-treningowe-damskie\1_8b760369.webp;results\images\spodenki-treningowe-damskie\2_aaa06a65.webp,UBRANIA > Spodenki
Spodenki treningowe damskie,https://wkdzik.pl/ubrania/damskie/spodenki/1/default/1/f_at_45_228/1,8.50,,,{},results\images\spodenki-treningowe-damskie\1_8b760369.webp;results\images\spodenki-treningowe-damskie\2_aaa06a65.webp,UBRANIA > Spodenki
Spodenki treningowe damskie,https://wkdzik.pl/ubrania/damskie/spodenki/1/default/1/f_availability_2/1,8.50,,,{},results\images\spodenki-treningowe-damskie\1_8b760369.webp;results\images\spodenki-treningowe-damskie\2_aaa06a65.webp,UBRANIA > Spodenki
Spodenki treningowe damskie,https://wkdzik.pl/ubrania/damskie/spodenki/1/default/1/f_availability_4/1,8.50,,,{},results\images\spodenki-treningowe-damskie\1_8b760369.webp;results\images\spodenki-treningowe-damskie\2_aaa06a65.webp,UBRANIA > Spodenki
Spodenki treningowe damskie,https://wkdzik.pl/ubrania/damskie/spodenki/1/default/1/f_availability_5/1,8.50,,,{},results\images\spodenki-treningowe-damskie\1_8b760369.webp;results\images\spodenki-treningowe-damskie\2_aaa06a65.webp,UBRANIA > Spodenki
Spodenki treningowe damskie,https://wkdzik.pl/ubrania/damskie/spodenki/1/default/1/f_availability_9/1,8.50,,,{},results\images\spodenki-treningowe-damskie\1_8b760369.webp;results\images\spodenki-treningowe-damskie\2_aaa06a65.webp,UBRANIA > Spodenki
Kamizelki,https://wkdzik.pl/ubrania/damskie/kamizelki/1/default/2,8.50,,,{},results\images\kamizelki\1_8b760369.webp;results\images\kamizelki\2_aaa06a65.webp,UBRANIA > Kamizelki
Kamizelki,https://wkdzik.pl/ubrania/damskie/kamizelki/1/default/3,8.50,,,{},results\images\kamizelki\1_8b760369.webp;results\images\kamizelki\2_aaa06a65.webp,UBRANIA > Kamizelki
Kamizelki,https://wkdzik.pl/ubrania/damskie/kamizelki/1/default/4,8.50,,,{},results\images\kamizelki\1_8b760369.webp;results\images\kamizelki\2_aaa06a65.webp,UBRANIA > Kamizelki
Kamizelki,https://wkdzik.pl/ubrania/damskie/kamizelki/1/default/1/f_ov_32_305/1,8.50,,,{},results\images\kamizelki\1_8b760369.webp;results\images\kamizelki\2_aaa06a65.webp,UBRANIA > Kamizelki
Kamizelki,https://wkdzik.pl/ubrania/damskie/kamizelki/1/default/1/f_ov_32_306/1,8.50,,,{},results\images\kamizelki\1_8b760369.webp;results\images\kamizelki\2_aaa06a65.webp,UBRANIA > Kamizelki
Kamizelki,https://wkdzik.pl/ubrania/damskie/kamizelki/1/default/1/f_ov_32_307/1,8.50,,,{},results\images\kamizelki\1_8b760369.webp;results\images\kamizelki\2_aaa06a65.webp,UBRANIA > Kamizelki
Kamizelki,https://wkdzik.pl/ubrania/damskie/kamizelki/1/default/1/f_ov_32_308/1,8.50,,,{},results\images\kamizelki\1_8b760369.webp;results\images\kamizelki\2_aaa06a65.webp,UBRANIA > Kamizelki
Kamizelki,https://wkdzik.pl/ubrania/damskie/kamizelki/1/default/1/f_at_65_416/1,8.50,,,{},results\images\kamizelki\1_8b760369.webp;results\images\kamizelki\2_aaa06a65.webp,UBRANIA > Kamizelki
Kamizelki,https://wkdzik.pl/ubrania/damskie/kamizelki/1/default/1/f_at_44_292/1,8.50,,,{},results\images\kamizelki\1_8b760369.webp;results\images\kamizelki\2_aaa06a65.webp,UBRANIA > Kamizelki
Kamizelki,https://wkdzik.pl/ubrania/damskie/kamizelki/1/default/1/f_at_44_314/1,8.50,,,{},results\images\kamizelki\1_8b760369.webp;results\images\kamizelki\2_aaa06a65.webp,UBRANIA > Kamizelki
Kamizelki,https://wkdzik.pl/ubrania/damskie/kamizelki/1/default/1/f_at_46_435/1,8.50,,,{},results\images\kamizelki\1_8b760369.webp;results\images\kamizelki\2_aaa06a65.webp,UBRANIA > Kamizelki
Kamizelki,https://wkdzik.pl/ubrania/damskie/kamizelki/1/default/1/f_at_3_434/1,8.50,,,{},results\images\kamizelki\1_8b760369.webp;results\images\kamizelki\2_aaa06a65.webp,UBRANIA > Kamizelki
Kamizelki,https://wkdzik.pl/ubrania/damskie/kamizelki/1/default/1/f_at_43_437/1,8.50,,,{},results\images\kamizelki\1_8b760369.webp;results\images\kamizelki\2_aaa06a65.webp,UBRANIA > Kamizelki
Kamizelki,https://wkdzik.pl/ubrania/damskie/kamizelki/1/default/1/f_at_45_216/1,8.50,,,{},results\images\kamizelki\1_8b760369.webp;results\images\kamizelki\2_aaa06a65.webp,UBRANIA > Kamizelki
Kamizelki,https://wkdzik.pl/ubrania/damskie/kamizelki/1/default/1/f_availability_4/1,8.50,,,{},results\images\kamizelki\1_8b760369.webp;results\images\kamizelki\2_aaa06a65.webp,UBRANIA > Kamizelki
Kamizelki,https://wkdzik.pl/ubrania/damskie/kamizelki/1/default/1/f_availability_5/1,8.50,,,{},results\images\kamizelki\1_8b760369.webp;results\images\kamizelki\2_aaa06a65.webp,UBRANIA > Kamizelki
Czapki,https://wkdzik.pl/ubrania/damskie/czapki/1/default/2,8.50,,,{},results\images\czapki\1_8b760369.webp;results\images\czapki\2_aaa06a65.webp,UBRANIA > Czapki
Czapki,https://wkdzik.pl/ubrania/damskie/czapki/1/default/3,8.50,,,{},results\images\czapki\1_8b760369.webp;results\images\czapki\2_aaa06a65.webp,UBRANIA > Czapki
Czapki,https://wkdzik.pl/ubrania/damskie/czapki/1/default/4,8.50,,,{},results\images\czapki\1_8b760369.webp;results\images\czapki\2_aaa06a65.webp,UBRANIA > Czapki
Czapki,https://wkdzik.pl/ubrania/damskie/czapki/1/default/1/f_at_65_418/1,8.50,,,{},results\images\czapki\1_8b760369.webp;results\images\czapki\2_aaa06a65.webp,UBRANIA > Czapki
Czapki,https://wkdzik.pl/ubrania/damskie/czapki/1/default/1/f_at_44_310/1,8.50,,,{},results\images\czapki\1_8b760369.webp;results\images\czapki\2_aaa06a65.webp,UBRANIA > Czapki
Czapki,https://wkdzik.pl/ubrania/damskie/czapki/1/default/1/f_at_44_43/1,8.50,,,{},results\images\czapki\1_8b760369.webp;results\images\czapki\2_aaa06a65.webp,UBRANIA > Czapki
Czapki,https://wkdzik.pl/ubrania/damskie/czapki/1/default/1/f_at_44_292/1,8.50,,,{},results\images\czapki\1_8b760369.webp;results\images\czapki\2_aaa06a65.webp,UBRANIA > Czapki
Czapki,https://wkdzik.pl/ubrania/damskie/czapki/1/default/1/f_at_44_293/1,8.50,,,{},results\images\czapki\1_8b760369.webp;results\images\czapki\2_aaa06a65.webp,UBRANIA > Czapki
Czapki,https://wkdzik.pl/ubrania/damskie/czapki/1/default/1/f_at_44_294/1,8.50,,,{},results\images\czapki\1_8b760369.webp;results\images\czapki\2_aaa06a65.webp,UBRANIA > Czapki
Czapki,https://wkdzik.pl/ubrania/damskie/czapki/1/default/1/f_at_44_297/1,8.50,,,{},results\images\czapki\1_8b760369.webp;results\images\czapki\2_aaa06a65.webp,UBRANIA > Czapki
Czapki,https://wkdzik.pl/ubrania/damskie/czapki/1/default/1/f_at_44_298/1,8.50,,,{},results\images\czapki\1_8b760369.webp;results\images\czapki\2_aaa06a65.webp,UBRANIA > Czapki
Czapki,https://wkdzik.pl/ubrania/damskie/czapki/1/default/1/f_at_44_302/1,8.50,,,{},results\images\czapki\1_8b760369.webp;results\images\czapki\2_aaa06a65.webp,UBRANIA > Czapki
Czapki,https://wkdzik.pl/ubrania/damskie/czapki/1/default/1/f_at_46_316/1,8.50,,,{},results\images\czapki\1_8b760369.webp;results\images\czapki\2_aaa06a65.webp,UBRANIA > Czapki
Czapki,https://wkdzik.pl/ubrania/damskie/czapki/1/default/1/f_at_3_31/1,8.50,,,{},results\images\czapki\1_8b760369.webp;results\images\czapki\2_aaa06a65.webp,UBRANIA > Czapki
Czapki,https://wkdzik.pl/ubrania/damskie/czapki/1/default/1/f_at_3_423/1,8.50,,,{},results\images\czapki\1_8b760369.webp;results\images\czapki\2_aaa06a65.webp,UBRANIA > Czapki
Czapki,https://wkdzik.pl/ubrania/damskie/czapki/1/default/1/f_at_3_440/1,8.50,,,{},results\images\czapki\1_8b760369.webp;results\images\czapki\2_aaa06a65.webp,UBRANIA > Czapki
Czapki,https://wkdzik.pl/ubrania/damskie/czapki/1/default/1/f_at_43_177/1,8.50,,,{},results\images\czapki\1_8b760369.webp;results\images\czapki\2_aaa06a65.webp,UBRANIA > Czapki
Czapki,https://wkdzik.pl/ubrania/damskie/czapki/1/default/1/f_at_43_178/1,8.50,,,{},results\images\czapki\1_8b760369.webp;results\images\czapki\2_aaa06a65.webp,UBRANIA > Czapki
Czapki,https://wkdzik.pl/ubrania/damskie/czapki/1/default/1/f_at_45_216/1,8.50,,,{},results\images\czapki\1_8b760369.webp;results\images\czapki\2_aaa06a65.webp,UBRANIA > Czapki
Czapki,https://wkdzik.pl/ubrania/damskie/czapki/1/default/1/f_at_45_419/1,8.50,,,{},results\images\czapki\1_8b760369.webp;results\images\czapki\2_aaa06a65.webp,UBRANIA > Czapki
Czapki,https://wkdzik.pl/ubrania/damskie/czapki/1/default/1/f_at_45_426/1,8.50,,,{},results\images\czapki\1_8b760369.webp;results\images\czapki\2_aaa06a65.webp,UBRANIA > Czapki
Czapki,https://wkdzik.pl/ubrania/damskie/czapki/1/default/1/f_availability_5/1,8.50,,,{},results\images\czapki\1_8b760369.webp;results\images\czapki\2_aaa06a65.webp,UBRANIA > Czapki
Czapki,https://wkdzik.pl/ubrania/damskie/czapki/1/default/1/f_availability_9/1,8.50,,,{},results\images\czapki\1_8b760369.webp;results\images\czapki\2_aaa06a65.webp,UBRANIA > Czapki
Akcesoria sportowe,https://wkdzik.pl/akcesoria/1/default/2,8.50,,,{},results\images\akcesoria-sportowe\1_8b760369.webp;results\images\akcesoria-sportowe\2_aaa06a65.webp,AKCESORIA
Akcesoria sportowe,https://wkdzik.pl/akcesoria/1/default/3,8.50,,,{},results\images\akcesoria-sportowe\1_8b760369.webp;results\images\akcesoria-sportowe\2_aaa06a65.webp,AKCESORIA
Akcesoria sportowe,https://wkdzik.pl/akcesoria/1/default/4,8.50,,,{},results\images\akcesoria-sportowe\1_8b760369.webp;results\images\akcesoria-sportowe\2_aaa06a65.webp,AKCESORIA
Akcesoria sportowe,https://wkdzik.pl/akcesoria/1/default/1/f_ov_32_325/1,8.50,,,{},results\images\akcesoria-sportowe\1_8b760369.webp;results\images\akcesoria-sportowe\2_aaa06a65.webp,AKCESORIA
Akcesoria sportowe,https://wkdzik.pl/akcesoria/1/default/1/f_ov_32_326/1,8.50,,,{},results\images\akcesoria-sportowe\1_8b760369.webp;results\images\akcesoria-sportowe\2_aaa06a65.webp,AKCESORIA
Akcesoria sportowe,https://wkdzik.pl/akcesoria/1/default/1/f_at_65_418/1,8.50,,,{},results\images\akcesoria-sportowe\1_8b760369.webp;results\images\akcesoria-sportowe\2_aaa06a65.webp,AKCESORIA
Akcesoria sportowe,https://wkdzik.pl/akcesoria/1/default/1/f_at_44_310/1,8.50,,,{},results\images\akcesoria-sportowe\1_8b760369.webp;results\images\akcesoria-sportowe\2_aaa06a65.webp,AKCESORIA
Akcesoria sportowe,https://wkdzik.pl/akcesoria/1/default/1/f_at_44_43/1,8.50,,,{},results\images\akcesoria-sportowe\1_8b760369.webp;results\images\akcesoria-sportowe\2_aaa06a65.webp,AKCESORIA
Akcesoria sportowe,https://wkdzik.pl/akcesoria/1/default/1/f_at_44_292/1,8.50,,,{},results\images\akcesoria-sportowe\1_8b760369.webp;results\images\akcesoria-sportowe\2_aaa06a65.webp,AKCESORIA
Akcesoria sportowe,https://wkdzik.pl/akcesoria/1/default/1/f_at_46_316/1,8.50,,,{},results\images\akcesoria-sportowe\1_8b760369.webp;results\images\akcesoria-sportowe\2_aaa06a65.webp,AKCESORIA
Akcesoria sportowe,https://wkdzik.pl/akcesoria/1/default/1/f_at_46_318/1,8.50,,,{},results\images\akcesoria-sportowe\1_8b760369.webp;results\images\akcesoria-sportowe\2_aaa06a65.webp,AKCESORIA
Akcesoria sportowe,https://wkdzik.pl/akcesoria/1/default/1/f_at_3_31/1,8.50,,,{},results\images\akcesoria-sportowe\1_8b760369.webp;results\images\akcesoria-sportowe\2_aaa06a65.webp,AKCESORIA
Akcesoria sportowe,https://wkdzik.pl/akcesoria/1/default/1/f_at_3_423/1,8.50,,,{},results\images\akcesoria-sportowe\1_8b760369.webp;results\images\akcesoria-sportowe\2_aaa06a65.webp,AKCESORIA
Akcesoria sportowe,https://wkdzik.pl/akcesoria/1/default/1/f_at_43_178/1,8.50,,,{},results\images\akcesoria-sportowe\1_8b760369.webp;results\images\akcesoria-sportowe\2_aaa06a65.webp,AKCESORIA
Akcesoria sportowe,https://wkdzik.pl/akcesoria/1/default/1/f_at_43_179/1,8.50,,,{},results\images\akcesoria-sportowe\1_8b760369.webp;results\images\akcesoria-sportowe\2_aaa06a65.webp,AKCESORIA
Akcesoria sportowe,https://wkdzik.pl/akcesoria/1/default/1/f_at_43_182/1,8.50,,,{},results\images\akcesoria-sportowe\1_8b760369.webp;results\images\akcesoria-sportowe\2_aaa06a65.webp,AKCESORIA
Akcesoria sportowe,https://wkdzik.pl/akcesoria/1/default/1/f_at_43_184/1,8.50,,,{},results\images\akcesoria-sportowe\1_8b760369.webp;results\images\akcesoria-sportowe\2_aaa06a65.webp,AKCESORIA
Akcesoria sportowe,https://wkdzik.pl/akcesoria/1/default/1/f_at_43_185/1,8.50,,,{},results\images\akcesoria-sportowe\1_8b760369.webp;results\images\akcesoria-sportowe\2_aaa06a65.webp,AKCESORIA
Akcesoria sportowe,https://wkdzik.pl/akcesoria/1/default/1/f_at_43_187/1,8.50,,,{},results\images\akcesoria-sportowe\1_8b760369.webp;results\images\akcesoria-sportowe\2_aaa06a65.webp,AKCESORIA
Akcesoria sportowe,https://wkdzik.pl/akcesoria/1/default/1/f_at_43_188/1,8.50,,,{},results\images\akcesoria-sportowe\1_8b760369.webp;results\images\akcesoria-sportowe\2_aaa06a65.webp,AKCESORIA
Akcesoria sportowe,https://wkdzik.pl/akcesoria/1/default/1/f_at_43_193/1,8.50,,,{},results\images\akcesoria-sportowe\1_8b760369.webp;results\images\akcesoria-sportowe\2_aaa06a65.webp,AKCESORIA
Akcesoria sportowe,https://wkdzik.pl/akcesoria/1/default/1/f_at_43_243/1,8.50,,,{},results\images\akcesoria-sportowe\1_8b760369.webp;results\images\akcesoria-sportowe\2_aaa06a65.webp,AKCESORIA
Akcesoria sportowe,https://wkdzik.pl/akcesoria/1/default/1/f_at_43_194/1,8.50,,,{},results\images\akcesoria-sportowe\1_8b760369.webp;results\images\akcesoria-sportowe\2_aaa06a65.webp,AKCESORIA
Akcesoria sportowe,https://wkdzik.pl/akcesoria/1/default/1/f_at_43_427/1,8.50,,,{},results\images\akcesoria-sportowe\1_8b760369.webp;results\images\akcesoria-sportowe\2_aaa06a65.webp,AKCESORIA
Akcesoria sportowe,https://wkdzik.pl/akcesoria/1/default/1/f_at_43_439/1,8.50,,,{},results\images\akcesoria-sportowe\1_8b760369.webp;results\images\akcesoria-sportowe\2_aaa06a65.webp,AKCESORIA
Akcesoria sportowe,https://wkdzik.pl/akcesoria/1/default/1/f_at_45_216/1,8.50,,,{},results\images\akcesoria-sportowe\1_8b760369.webp;results\images\akcesoria-sportowe\2_aaa06a65.webp,AKCESORIA
Akcesoria sportowe,https://wkdzik.pl/akcesoria/1/default/1/f_at_45_419/1,8.50,,,{},results\images\akcesoria-sportowe\1_8b760369.webp;results\images\akcesoria-sportowe\2_aaa06a65.webp,AKCESORIA
Akcesoria sportowe,https://wkdzik.pl/akcesoria/1/default/1/f_at_45_220/1,8.50,,,{},results\images\akcesoria-sportowe\1_8b760369.webp;results\images\akcesoria-sportowe\2_aaa06a65.webp,AKCESORIA
Akcesoria sportowe,https://wkdzik.pl/akcesoria/1/default/1/f_at_45_225/1,8.50,,,{},results\images\akcesoria-sportowe\1_8b760369.webp;results\images\akcesoria-sportowe\2_aaa06a65.webp,AKCESORIA
Akcesoria sportowe,https://wkdzik.pl/akcesoria/1/default/1/f_at_45_228/1,8.50,,,{},results\images\akcesoria-sportowe\1_8b760369.webp;results\images\akcesoria-sportowe\2_aaa06a65.webp,AKCESORIA
Akcesoria sportowe,https://wkdzik.pl/akcesoria/1/default/1/f_availability_5/1,8.50,,,{},results\images\akcesoria-sportowe\1_8b760369.webp;results\images\akcesoria-sportowe\2_aaa06a65.webp,AKCESORIA
Akcesoria sportowe,https://wkdzik.pl/akcesoria/1/default/1/f_availability_9/1,8.50,,,{},results\images\akcesoria-sportowe\1_8b760369.webp;results\images\akcesoria-sportowe\2_aaa06a65.webp,AKCESORIA
DZIK® KUBEK OGIEŃ CZARNY,https://wkdzik.pl/pl/p/DZIK-KUBEK-OGIEN-CZARNY/3616,8.50,,,{},results\images\dzik-kubek-ogień-czarny\19_c54658ee.jpg;results\images\dzik-kubek-ogień-czarny\24_6403bd11.jpg,AKCESORIA
Kubek Ogień Biały DZIK®,https://wkdzik.pl/pl/p/Kubek-Ogien-Bialy-DZIK/3617,8.50,,,{},results\images\kubek-ogień-biały-dzik\19_726d06c9.jpg;results\images\kubek-ogień-biały-dzik\24_4b85c600.jpg,AKCESORIA
OPASKA CZARNA DZIK®,https://wkdzik.pl/dzik-opaska-czarna,8.50,,,{},results\images\opaska-czarna-dzik\19_e9cac7a5.jpg;results\images\opaska-czarna-dzik\22_2e067c32.jpg,AKCESORIA
OPASKA JTCNW CZARNA DZIK®,https://wkdzik.pl/dzik-opaska-czarna-jtcnw,8.50,,,{},results\images\opaska-jtcnw-czarna-dzik\19_2a21edcf.jpg;results\images\opaska-jtcnw-czarna-dzik\23_9cde5484.jpg,AKCESORIA
OPASKA OGIEŃ POMARAŃCZOWA DZIK®,https://wkdzik.pl/dzik-opaska-pomaranczowa-ogien,8.50,,,{},results\images\opaska-ogień-pomarańczowa-dzik\19_080424b4.jpg;results\images\opaska-ogień-pomarańczowa-dzik\23_e795b693.jpg,AKCESORIA
Opaska Czarna JTCNW DZIK®,https://wkdzik.pl/opaska-jtcnw,8.50,,,{},results\images\opaska-czarna-jtcnw-dzik\19_53406f32.jpg;results\images\opaska-czarna-jtcnw-dzik\23_7d3e69c1.jpg,AKCESORIA
Skakanka Gumowa Czarna DZIK®,https://wkdzik.pl/skakanka-dzik-czarno-zlota,8.50,,,{},results\images\skakanka-gumowa-czarna-dzik\19_65483938.jpg;results\images\skakanka-gumowa-czarna-dzik\1_8b760369.webp,AKCESORIA
PARALETKI DREWNIANE 50 CM DZIK®,https://wkdzik.pl/paraletki-drewniane-dzik-r,8.50,,,{},results\images\paraletki-drewniane-50-cm-dzik\19_4a4f6e0a.jpg;results\images\paraletki-drewniane-50-cm-dzik\1_8b760369.webp,AKCESORIA
Paraletki Drewniane Mini DZIK®,https://wkdzik.pl/paraletki-drewniane-dzik-r-mini,8.50,,,{},results\images\paraletki-drewniane-mini-dzik\19_58dc8e27.jpg;results\images\paraletki-drewniane-mini-dzik\1_8b760369.webp,AKCESORIA
Zestaw Gum Mini Band Materiałowych DZIK®,https://wkdzik.pl/zestaw-hip-bands,8.50,,,{},results\images\zestaw-gum-mini-band-materiałowych-dzik\26_c49ffe09.jpg;results\images\zestaw-gum-mini-band-materiałowych-dzik\27_28a2e55f.jpg,AKCESORIA
GUMA MATERIAŁOWA MINI BAND POMARAŃCZOWA DZIK®,https://wkdzik.pl/hip-band-materialowa-guma-pomaranczowa,8.50,,,{},results\images\guma-materiałowa-mini-band-pomarańczowa-dzik\19_36c701fd.jpg;results\images\guma-materiałowa-mini-band-pomarańczowa-dzik\1_8b760369.webp,AKCESORIA
GUMA MATERIAŁOWA MINI BAND ZIELONA DZIK®,https://wkdzik.pl/hip-band-materialowa-guma-zielona,8.50,,,{},results\images\guma-materiałowa-mini-band-zielona-dzik\19_918539a9.jpg;results\images\guma-materiałowa-mini-band-zielona-dzik\1_8b760369.webp,AKCESORIA
GUMA TRENINGOWA POWER BAND 30 KG DZIK®,https://wkdzik.pl/power-band-guma-treningowa-niebieska,8.50,,,{},results\images\guma-treningowa-power-band-30-kg-dzik\19_adfb8cc0.jpg;results\images\guma-treningowa-power-band-30-kg-dzik\1_8b760369.webp,AKCESORIA
GUMA TRENINGOWA MINI BAND 15 KG DZIK®,https://wkdzik.pl/mini-band-guma-treningowa-niebieska,8.50,,,{},results\images\guma-treningowa-mini-band-15-kg-dzik\19_7b579d7f.jpg;results\images\guma-treningowa-mini-band-15-kg-dzik\1_8b760369.webp,AKCESORIA
GUMA TRENINGOWA MINI BAND 5 KG DZIK®,https://wkdzik.pl/mini-band-guma-treningowa-zielona,8.50,,,{},results\images\guma-treningowa-mini-band-5-kg-dzik\19_b0484360.jpg;results\images\guma-treningowa-mini-band-5-kg-dzik\1_8b760369.webp,AKCESORIA
Czapki zimowe i z daszkiem,https://wkdzik.pl/akcesoria/czapki-i-nerki,8.50,,,{},results\images\czapki-zimowe-i-z-daszkiem\1_8b760369.webp;results\images\czapki-zimowe-i-z-daszkiem\2_aaa06a65.webp,AKCESORIA
Akcesoria sportowe,https://wkdzik.pl/akcesoria/2,8.50,,,{},results\images\akcesoria-sportowe\1_8b760369.webp;results\images\akcesoria-sportowe\2_aaa06a65.webp,AKCESORIA
Akcesoria sportowe,https://wkdzik.pl/akcesoria/2/default/2,8.50,,,{},results\images\akcesoria-sportowe\1_8b760369.webp;results\images\akcesoria-sportowe\2_aaa06a65.webp,AKCESORIA
Akcesoria sportowe,https://wkdzik.pl/akcesoria/2/default/3,8.50,,,{},results\images\akcesoria-sportowe\1_8b760369.webp;results\images\akcesoria-sportowe\2_aaa06a65.webp,AKCESORIA
Akcesoria sportowe,https://wkdzik.pl/akcesoria/2/default/4,8.50,,,{},results\images\akcesoria-sportowe\1_8b760369.webp;results\images\akcesoria-sportowe\2_aaa06a65.webp,AKCESORIA
Opaska Biała Dźwigaj Dziewczyno,https://wkdzik.pl/dzwigaj-dziewczyno-opaska-biala,8.50,,,{},results\images\opaska-biała-dźwigaj-dziewczyno\19_65397da6.jpg;results\images\opaska-biała-dźwigaj-dziewczyno\24_da255406.jpg,AKCESORIA
Opaska Czarna Dźwigaj Dziewczyno DZIK®,https://wkdzik.pl/opaska-dzwigaj-dziewczyno,8.50,,,{},results\images\opaska-czarna-dźwigaj-dziewczyno-dzik\19_1ed4210f.jpg;results\images\opaska-czarna-dźwigaj-dziewczyno-dzik\23_26e202e6.jpg,AKCESORIA
Kuchnia WK DZIK® ‑ Darmowy Ebook,https://wkdzik.pl/kuchnia-wk-darmowy-ebook,8.50,,,{},results\images\kuchnia-wk-dzik-darmowy-ebook\19_780ef2ae.png;results\images\kuchnia-wk-dzik-darmowy-ebook\25_0729c70c.png,AKCESORIA
BIDON NIEBIESKI DZIK®,https://wkdzik.pl/bidon-niebieski-dzik,8.50,,,{},results\images\bidon-niebieski-dzik\19_6b0f371c.jpg;results\images\bidon-niebieski-dzik\1_8b760369.webp,AKCESORIA
Shaker z Sitkiem Czarny JTCNW DZIK®,https://wkdzik.pl/shaker-jtcnw,8.50,,,{},results\images\shaker-z-sitkiem-czarny-jtcnw-dzik\19_ea5dc52c.png;results\images\shaker-z-sitkiem-czarny-jtcnw-dzik\22_4688769d.png,AKCESORIA
WOREK DZIK®,https://wkdzik.pl/dzik-worek,8.50,,,{},results\images\worek-dzik\19_1c34e10c.jpg;results\images\worek-dzik\25_42963162.jpg,AKCESORIA
DZIK® MAGNEZJA W KOSTCE,https://wkdzik.pl/dzik-magnezja-w-kostce,8.50,,,{},results\images\dzik-magnezja-w-kostce\19_592d32cc.png;results\images\dzik-magnezja-w-kostce\23_bac5ca28.png,AKCESORIA
Shaker z Sitkiem Czarno‑Zielony DZIK®,https://wkdzik.pl/shaker-czarno-zielony,8.50,,,{},results\images\shaker-z-sitkiem-czarnozielony-dzik\19_c1b9d35b.png;results\images\shaker-z-sitkiem-czarnozielony-dzik\22_245c165b.png,AKCESORIA
Brelok DZIK®,https://wkdzik.pl/dzik-brelok,8.50,,,{},results\images\brelok-dzik\19_4cef3a3b.png;results\images\brelok-dzik\1_8b760369.webp,AKCESORIA
BRELOK SYGNET DZIK®,https://wkdzik.pl/dzik-brelok-sygnet,8.50,,,{},results\images\brelok-sygnet-dzik\19_dfa57754.png;results\images\brelok-sygnet-dzik\1_8b760369.webp,AKCESORIA
Długopis Czarny DZIK®,https://wkdzik.pl/dzik-dlugopis-czarny,8.50,,,{},results\images\długopis-czarny-dzik\19_65db25e3.png;results\images\długopis-czarny-dzik\1_8b760369.webp,AKCESORIA
Długopis Biały DZIK®,https://wkdzik.pl/dzik-dlugopis-bialy,8.50,,,{},results\images\długopis-biały-dzik\19_b4c158c4.png;results\images\długopis-biały-dzik\1_8b760369.webp,AKCESORIA
ZAPACH SAMOCHODOWY DZIK®‑ SOUR APPLE,https://wkdzik.pl/pl/p/ZAPACH-SAMOCHODOWY-DZIK-SOUR-APPLE/3762,8.50,,,{},results\images\zapach-samochodowy-dzik-sour-apple\19_9634a7b1.jpg;results\images\zapach-samochodowy-dzik-sour-apple\1_8b760369.webp,AKCESORIA
ZAPACH SAMOCHODOWY DZIK®‑ NEW CAR,https://wkdzik.pl/pl/p/ZAPACH-SAMOCHODOWY-DZIK-NEW-CAR/3763,8.50,,,{},results\images\zapach-samochodowy-dzik-new-car\19_07134033.jpg;results\images\zapach-samochodowy-dzik-new-car\1_8b760369.webp,AKCESORIA
Akcesoria sportowe,https://wkdzik.pl/akcesoria/3,8.50,,,{},results\images\akcesoria-sportowe\1_8b760369.webp;results\images\akcesoria-sportowe\2_aaa06a65.webp,AKCESORIA
Akcesoria sportowe,https://wkdzik.pl/akcesoria/3/default/2,8.50,,,{},results\images\akcesoria-sportowe\1_8b760369.webp;results\images\akcesoria-sportowe\2_aaa06a65.webp,AKCESORIA
Akcesoria sportowe,https://wkdzik.pl/akcesoria/3/default/3,8.50,,,{},results\images\akcesoria-sportowe\1_8b760369.webp;results\images\akcesoria-sportowe\2_aaa06a65.webp,AKCESORIA
Akcesoria sportowe,https://wkdzik.pl/akcesoria/3/default/4,8.50,,,{},results\images\akcesoria-sportowe\1_8b760369.webp;results\images\akcesoria-sportowe\2_aaa06a65.webp,AKCESORIA
BUTELKA TRENINGOWA DZIK®,https://wkdzik.pl/butelka-dzik,8.50,,,{},results\images\butelka-treningowa-dzik\19_ae6ba367.jpg;results\images\butelka-treningowa-dzik\23_c1e85458.jpg,AKCESORIA
Zestawy produktów,https://wkdzik.pl/akcesoria/zestawy/1/default/2,8.50,,,{},results\images\zestawy-produktów\1_8b760369.webp;results\images\zestawy-produktów\2_aaa06a65.webp,AKCESORIA > Zestawy
Zestawy produktów,https://wkdzik.pl/akcesoria/zestawy/1/default/3,8.50,,,{},results\images\zestawy-produktów\1_8b760369.webp;results\images\zestawy-produktów\2_aaa06a65.webp,AKCESORIA > Zestawy
Zestawy produktów,https://wkdzik.pl/akcesoria/zestawy/1/default/4,8.50,,,{},results\images\zestawy-produktów\1_8b760369.webp;results\images\zestawy-produktów\2_aaa06a65.webp,AKCESORIA > Zestawy
Zestawy produktów,https://wkdzik.pl/akcesoria/zestawy/1/default/1/f_at_43_188/1,8.50,,,{},results\images\zestawy-produktów\1_8b760369.webp;results\images\zestawy-produktów\2_aaa06a65.webp,AKCESORIA > Zestawy
Zestawy produktów,https://wkdzik.pl/akcesoria/zestawy/1/default/1/f_availability_5/1,8.50,,,{},results\images\zestawy-produktów\1_8b760369.webp;results\images\zestawy-produktów\2_aaa06a65.webp,AKCESORIA > Zestawy
Akcesoria treningowe,https://wkdzik.pl/akcesoria/akcesoria-treningowe/1/default/2,8.50,,,{},results\images\akcesoria-treningowe\1_8b760369.webp;results\images\akcesoria-treningowe\2_aaa06a65.webp,AKCESORIA > Akcesoria treningowe
Akcesoria treningowe,https://wkdzik.pl/akcesoria/akcesoria-treningowe/1/default/3,8.50,,,{},results\images\akcesoria-treningowe\1_8b760369.webp;results\images\akcesoria-treningowe\2_aaa06a65.webp,AKCESORIA > Akcesoria treningowe
Akcesoria treningowe,https://wkdzik.pl/akcesoria/akcesoria-treningowe/1/default/4,8.50,,,{},results\images\akcesoria-treningowe\1_8b760369.webp;results\images\akcesoria-treningowe\2_aaa06a65.webp,AKCESORIA > Akcesoria treningowe
Akcesoria treningowe,https://wkdzik.pl/akcesoria/akcesoria-treningowe/1/default/1/f_ov_32_325/1,8.50,,,{},results\images\akcesoria-treningowe\1_8b760369.webp;results\images\akcesoria-treningowe\2_aaa06a65.webp,AKCESORIA > Akcesoria treningowe
Akcesoria treningowe,https://wkdzik.pl/akcesoria/akcesoria-treningowe/1/default/1/f_ov_32_326/1,8.50,,,{},results\images\akcesoria-treningowe\1_8b760369.webp;results\images\akcesoria-treningowe\2_aaa06a65.webp,AKCESORIA > Akcesoria treningowe
Akcesoria treningowe,https://wkdzik.pl/akcesoria/akcesoria-treningowe/1/default/1/f_at_43_187/1,8.50,,,{},results\images\akcesoria-treningowe\1_8b760369.webp;results\images\akcesoria-treningowe\2_aaa06a65.webp,AKCESORIA > Akcesoria treningowe
Akcesoria treningowe,https://wkdzik.pl/akcesoria/akcesoria-treningowe/1/default/1/f_at_43_188/1,8.50,,,{},results\images\akcesoria-treningowe\1_8b760369.webp;results\images\akcesoria-treningowe\2_aaa06a65.webp,AKCESORIA > Akcesoria treningowe
Akcesoria treningowe,https://wkdzik.pl/akcesoria/akcesoria-treningowe/1/default/1/f_at_43_243/1,8.50,,,{},results\images\akcesoria-treningowe\1_8b760369.webp;results\images\akcesoria-treningowe\2_aaa06a65.webp,AKCESORIA > Akcesoria treningowe
Akcesoria treningowe,https://wkdzik.pl/akcesoria/akcesoria-treningowe/1/default/1/f_at_43_427/1,8.50,,,{},results\images\akcesoria-treningowe\1_8b760369.webp;results\images\akcesoria-treningowe\2_aaa06a65.webp,AKCESORIA > Akcesoria treningowe
Akcesoria treningowe,https://wkdzik.pl/akcesoria/akcesoria-treningowe/1/default/1/f_at_45_216/1,8.50,,,{},results\images\akcesoria-treningowe\1_8b760369.webp;results\images\akcesoria-treningowe\2_aaa06a65.webp,AKCESORIA > Akcesoria treningowe
Akcesoria treningowe,https://wkdzik.pl/akcesoria/akcesoria-treningowe/1/default/1/f_at_45_220/1,8.50,,,{},results\images\akcesoria-treningowe\1_8b760369.webp;results\images\akcesoria-treningowe\2_aaa06a65.webp,AKCESORIA > Akcesoria treningowe
Akcesoria treningowe,https://wkdzik.pl/akcesoria/akcesoria-treningowe/1/default/1/f_availability_5/1,8.50,,,{},results\images\akcesoria-treningowe\1_8b760369.webp;results\images\akcesoria-treningowe\2_aaa06a65.webp,AKCESORIA > Akcesoria treningowe
Akcesoria treningowe,https://wkdzik.pl/akcesoria/akcesoria-treningowe/1/default/1/f_availability_9/1,8.50,,,{},results\images\akcesoria-treningowe\1_8b760369.webp;results\images\akcesoria-treningowe\2_aaa06a65.webp,AKCESORIA > Akcesoria treningowe
Torby i plecaki sportowe,https://wkdzik.pl/akcesoria/torby-i-plecaki/1/default/2,8.50,,,{},results\images\torby-i-plecaki-sportowe\1_8b760369.webp;results\images\torby-i-plecaki-sportowe\2_aaa06a65.webp,AKCESORIA > Torby i Plecaki
Torby i plecaki sportowe,https://wkdzik.pl/akcesoria/torby-i-plecaki/1/default/3,8.50,,,{},results\images\torby-i-plecaki-sportowe\1_8b760369.webp;results\images\torby-i-plecaki-sportowe\2_aaa06a65.webp,AKCESORIA > Torby i Plecaki
Torby i plecaki sportowe,https://wkdzik.pl/akcesoria/torby-i-plecaki/1/default/4,8.50,,,{},results\images\torby-i-plecaki-sportowe\1_8b760369.webp;results\images\torby-i-plecaki-sportowe\2_aaa06a65.webp,AKCESORIA > Torby i Plecaki
Torby i plecaki sportowe,https://wkdzik.pl/akcesoria/torby-i-plecaki/1/default/1/f_at_43_182/1,8.50,,,{},results\images\torby-i-plecaki-sportowe\1_8b760369.webp;results\images\torby-i-plecaki-sportowe\2_aaa06a65.webp,AKCESORIA > Torby i Plecaki
Torby i plecaki sportowe,https://wkdzik.pl/akcesoria/torby-i-plecaki/1/default/1/f_at_45_216/1,8.50,,,{},results\images\torby-i-plecaki-sportowe\1_8b760369.webp;results\images\torby-i-plecaki-sportowe\2_aaa06a65.webp,AKCESORIA > Torby i Plecaki
Torby i plecaki sportowe,https://wkdzik.pl/akcesoria/torby-i-plecaki/1/default/1/f_availability_5/1,8.50,,,{},results\images\torby-i-plecaki-sportowe\1_8b760369.webp;results\images\torby-i-plecaki-sportowe\2_aaa06a65.webp,AKCESORIA > Torby i Plecaki
Shakery i kubki,https://wkdzik.pl/akcesoria/shakery-kubki/1/default/2,8.50,,,{},results\images\shakery-i-kubki\1_8b760369.webp;results\images\shakery-i-kubki\2_aaa06a65.webp,AKCESORIA > Shakery i Kubki
Shakery i kubki,https://wkdzik.pl/akcesoria/shakery-kubki/1/default/3,8.50,,,{},results\images\shakery-i-kubki\1_8b760369.webp;results\images\shakery-i-kubki\2_aaa06a65.webp,AKCESORIA > Shakery i Kubki
Shakery i kubki,https://wkdzik.pl/akcesoria/shakery-kubki/1/default/4,8.50,,,{},results\images\shakery-i-kubki\1_8b760369.webp;results\images\shakery-i-kubki\2_aaa06a65.webp,AKCESORIA > Shakery i Kubki
Shakery i kubki,https://wkdzik.pl/akcesoria/shakery-kubki/1/default/1/f_at_43_184/1,8.50,,,{},results\images\shakery-i-kubki\1_8b760369.webp;results\images\shakery-i-kubki\2_aaa06a65.webp,AKCESORIA > Shakery i Kubki
Shakery i kubki,https://wkdzik.pl/akcesoria/shakery-kubki/1/default/1/f_at_43_185/1,8.50,,,{},results\images\shakery-i-kubki\1_8b760369.webp;results\images\shakery-i-kubki\2_aaa06a65.webp,AKCESORIA > Shakery i Kubki
Shakery i kubki,https://wkdzik.pl/akcesoria/shakery-kubki/1/default/1/f_at_43_193/1,8.50,,,{},results\images\shakery-i-kubki\1_8b760369.webp;results\images\shakery-i-kubki\2_aaa06a65.webp,AKCESORIA > Shakery i Kubki
Shakery i kubki,https://wkdzik.pl/akcesoria/shakery-kubki/1/default/1/f_at_43_439/1,8.50,,,{},results\images\shakery-i-kubki\1_8b760369.webp;results\images\shakery-i-kubki\2_aaa06a65.webp,AKCESORIA > Shakery i Kubki
Shakery i kubki,https://wkdzik.pl/akcesoria/shakery-kubki/1/default/1/f_at_45_216/1,8.50,,,{},results\images\shakery-i-kubki\1_8b760369.webp;results\images\shakery-i-kubki\2_aaa06a65.webp,AKCESORIA > Shakery i Kubki
Shakery i kubki,https://wkdzik.pl/akcesoria/shakery-kubki/1/default/1/f_at_45_225/1,8.50,,,{},results\images\shakery-i-kubki\1_8b760369.webp;results\images\shakery-i-kubki\2_aaa06a65.webp,AKCESORIA > Shakery i Kubki
Shakery i kubki,https://wkdzik.pl/akcesoria/shakery-kubki/1/default/1/f_at_45_228/1,8.50,,,{},results\images\shakery-i-kubki\1_8b760369.webp;results\images\shakery-i-kubki\2_aaa06a65.webp,AKCESORIA > Shakery i Kubki
Shakery i kubki,https://wkdzik.pl/akcesoria/shakery-kubki/1/default/1/f_availability_5/1,8.50,,,{},results\images\shakery-i-kubki\1_8b760369.webp;results\images\shakery-i-kubki\2_aaa06a65.webp,AKCESORIA > Shakery i Kubki
Shakery i kubki,https://wkdzik.pl/akcesoria/shakery-kubki/1/default/1/f_availability_9/1,8.50,,,{},results\images\shakery-i-kubki\1_8b760369.webp;results\images\shakery-i-kubki\2_aaa06a65.webp,AKCESORIA > Shakery i Kubki
Gadżety WK DZIK,https://wkdzik.pl/akcesoria/gadzety/1/default/2,8.50,,,{},results\images\gadżety-wk-dzik\1_8b760369.webp;results\images\gadżety-wk-dzik\2_aaa06a65.webp,AKCESORIA > Gadżety
Gadżety WK DZIK,https://wkdzik.pl/akcesoria/gadzety/1/default/3,8.50,,,{},results\images\gadżety-wk-dzik\1_8b760369.webp;results\images\gadżety-wk-dzik\2_aaa06a65.webp,AKCESORIA > Gadżety
Gadżety WK DZIK,https://wkdzik.pl/akcesoria/gadzety/1/default/4,8.50,,,{},results\images\gadżety-wk-dzik\1_8b760369.webp;results\images\gadżety-wk-dzik\2_aaa06a65.webp,AKCESORIA > Gadżety
Gadżety WK DZIK,https://wkdzik.pl/akcesoria/gadzety/1/default/1/f_at_43_179/1,8.50,,,{},results\images\gadżety-wk-dzik\1_8b760369.webp;results\images\gadżety-wk-dzik\2_aaa06a65.webp,AKCESORIA > Gadżety
Gadżety WK DZIK,https://wkdzik.pl/akcesoria/gadzety/1/default/1/f_at_45_216/1,8.50,,,{},results\images\gadżety-wk-dzik\1_8b760369.webp;results\images\gadżety-wk-dzik\2_aaa06a65.webp,AKCESORIA > Gadżety
Gadżety WK DZIK,https://wkdzik.pl/akcesoria/gadzety/1/default/1/f_at_45_225/1,8.50,,,{},results\images\gadżety-wk-dzik\1_8b760369.webp;results\images\gadżety-wk-dzik\2_aaa06a65.webp,AKCESORIA > Gadżety
Gadżety WK DZIK,https://wkdzik.pl/akcesoria/gadzety/1/default/1/f_at_45_228/1,8.50,,,{},results\images\gadżety-wk-dzik\1_8b760369.webp;results\images\gadżety-wk-dzik\2_aaa06a65.webp,AKCESORIA > Gadżety
Gadżety WK DZIK,https://wkdzik.pl/akcesoria/gadzety/1/default/1/f_availability_5/1,8.50,,,{},results\images\gadżety-wk-dzik\1_8b760369.webp;results\images\gadżety-wk-dzik\2_aaa06a65.webp,AKCESORIA > Gadżety
Książki i ebooki WK DZIK,https://wkdzik.pl/akcesoria/ksiazki-wlepki/1/default/2,8.50,,,{},results\images\książki-i-ebooki-wk-dzik\1_8b760369.webp;results\images\książki-i-ebooki-wk-dzik\2_aaa06a65.webp,AKCESORIA > Książki
Książki i ebooki WK DZIK,https://wkdzik.pl/akcesoria/ksiazki-wlepki/1/default/3,8.50,,,{},results\images\książki-i-ebooki-wk-dzik\1_8b760369.webp;results\images\książki-i-ebooki-wk-dzik\2_aaa06a65.webp,AKCESORIA > Książki
Książki i ebooki WK DZIK,https://wkdzik.pl/akcesoria/ksiazki-wlepki/1/default/4,8.50,,,{},results\images\książki-i-ebooki-wk-dzik\1_8b760369.webp;results\images\książki-i-ebooki-wk-dzik\2_aaa06a65.webp,AKCESORIA > Książki
Książki i ebooki WK DZIK,https://wkdzik.pl/akcesoria/ksiazki-wlepki/1/default/1/f_at_43_194/1,8.50,,,{},results\images\książki-i-ebooki-wk-dzik\1_8b760369.webp;results\images\książki-i-ebooki-wk-dzik\2_aaa06a65.webp,AKCESORIA > Książki
,https://drive.google.com/drive/folders/1RRv65k_q7_6Lw46ZCcpnuIWHXHzK-mEp?usp=sharing,,,,"{""Nazwa"": ""Date modified"", ""PDFFundamenty Treningu Siłowego Michał Sakowski.pdfUdostępniono"": ""28 sty 2019"", ""PDFMichal-Owczarzak-Fundamenty-Odzywiania.pdfUdostępniono"": ""27 maj 2019""}",results\images\httpsdrivegooglecomdrivefolders1rrv65k_q7_6lw46zccpnuiwhxhzk-mepuspsharing\1_8aa31e20.png,"AKCESORIA > EBOOK FUNDAMENTY
FREE"
Problem z pobraniem EBOOKa?,https://wksklep.pl/strona/problem-ebook,8.50,,,{},results\images\problem-z-pobraniem-ebooka\1_8b760369.webp;results\images\problem-z-pobraniem-ebooka\2_aaa06a65.webp,"AKCESORIA > EBOOK FUNDAMENTY
FREE"
